signal_ID,intelligibility_score
CEC1_E001_S08518_L0227,35.242097735616866
CEC1_E001_S08530_L0241,24.795135989077977
CEC1_E001_S08532_L0242,11.124835933943505
CEC1_E001_S08537_L0229,10.482711691214083
CEC1_E001_S08537_L0242,10.749790832584974
CEC1_E001_S08540_L0212,15.680441940719062
CEC1_E001_S08554_L0218,40.23046186859578
CEC1_E001_S08554_L0221,61.87558797793942
CEC1_E001_S08555_L0202,63.76893665901513
CEC1_E001_S08558_L0227,27.15776030985742
CEC1_E001_S08558_L0241,20.586135180080934
CEC1_E001_S08561_L0208,11.048284654931942
CEC1_E001_S08564_L0212,10.700679572105779
CEC1_E001_S08566_L0218,10.553233377202053
CEC1_E001_S08569_L0219,78.39011498912191
CEC1_E001_S08574_L0212,13.025945393086008
CEC1_E001_S08575_L0240,56.93174684498097
CEC1_E001_S08576_L0229,55.39702875487412
CEC1_E001_S08576_L0235,52.91119401261806
CEC1_E001_S08578_L0224,9.8568403653006
CEC1_E001_S08579_L0219,21.746783380975604
CEC1_E001_S08582_L0215,46.41797529981228
CEC1_E001_S08587_L0222,25.305145954841404
CEC1_E001_S08590_L0202,10.823433348245903
CEC1_E001_S08592_L0243,46.10076477129039
CEC1_E001_S08593_L0212,11.866544804917178
CEC1_E001_S08593_L0221,12.771682880734327
CEC1_E001_S08594_L0231,21.57090425045281
CEC1_E001_S08595_L0208,67.61244990372866
CEC1_E001_S08596_L0215,24.63208850431721
CEC1_E001_S08600_L0227,39.749061229522056
CEC1_E001_S08600_L0241,58.994257638158416
CEC1_E001_S08603_L0227,16.726118714501748
CEC1_E001_S08603_L0241,15.786435869016215
CEC1_E001_S08606_L0224,32.74474921085062
CEC1_E001_S08614_L0218,15.71256996312801
CEC1_E001_S08615_L0215,10.057182479757477
CEC1_E001_S08624_L0212,11.340520124670393
CEC1_E001_S08624_L0221,10.26481497779737
CEC1_E001_S08625_L0200,41.94559889280035
CEC1_E001_S08627_L0219,15.399514434993304
CEC1_E001_S08628_L0243,30.44058366396104
CEC1_E001_S08633_L0218,68.01926832795557
CEC1_E001_S08636_L0243,54.706422694617224
CEC1_E001_S08637_L0222,70.17929802353625
CEC1_E001_S08644_L0219,57.034922089235685
CEC1_E001_S08645_L0240,42.035548394344005
CEC1_E001_S08648_L0222,35.995118278988656
CEC1_E001_S08649_L0236,52.09738334122796
CEC1_E001_S08651_L0215,27.443290183596947
CEC1_E001_S08652_L0219,25.30671120896453
CEC1_E001_S08653_L0231,11.9498938486765
CEC1_E001_S08656_L0215,10.244641220473172
CEC1_E001_S08660_L0231,71.57777086557888
CEC1_E001_S08662_L0208,9.862256256529017
CEC1_E001_S08664_L0217,12.895812896221718
CEC1_E001_S08667_L0212,19.34730198826122
CEC1_E001_S08671_L0200,11.88593385537694
CEC1_E001_S08674_L0218,20.99577256045677
CEC1_E001_S08674_L0221,26.221413518321373
CEC1_E001_S08681_L0222,10.964401543015635
CEC1_E001_S08682_L0217,13.42817230976407
CEC1_E001_S08683_L0224,15.56022381064315
CEC1_E001_S08685_L0240,21.16881351553005
CEC1_E001_S08686_L0208,11.509713950089814
CEC1_E001_S08688_L0209,13.068792132268303
CEC1_E001_S08689_L0208,40.788104135484964
CEC1_E001_S08690_L0227,87.94808854247623
CEC1_E001_S08690_L0235,87.83352290877325
CEC1_E001_S08702_L0201,12.668549436628203
CEC1_E001_S08703_L0229,10.588548687848027
CEC1_E001_S08703_L0235,14.067342141743248
CEC1_E001_S08707_L0215,11.294790672534905
CEC1_E001_S08710_L0243,12.37470678000054
CEC1_E001_S08714_L0236,19.446612011908325
CEC1_E001_S08717_L0236,25.982999049845308
CEC1_E001_S08719_L0212,18.607260260899615
CEC1_E001_S08719_L0221,12.879313120401124
CEC1_E001_S08723_L0201,49.40493207217929
CEC1_E001_S08725_L0217,23.606081465874063
CEC1_E001_S08727_L0224,28.91187273625585
CEC1_E001_S08729_L0217,40.68266829398429
CEC1_E001_S08729_L0242,30.431642809177585
CEC1_E001_S08732_L0200,10.464031805390002
CEC1_E001_S08732_L0240,10.010992142871064
CEC1_E001_S08739_L0236,12.61639253866432
CEC1_E001_S08742_L0229,44.34069260475863
CEC1_E001_S08742_L0235,36.834120489324185
CEC1_E001_S08743_L0222,36.7225913965627
CEC1_E001_S08745_L0218,19.338680907165077
CEC1_E001_S08745_L0221,19.272712722059534
CEC1_E001_S08750_L0222,13.21491557112088
CEC1_E001_S08751_L0229,11.596376257821083
CEC1_E001_S08751_L0235,10.929271262582853
CEC1_E001_S08752_L0208,28.648833719540196
CEC1_E001_S08752_L0209,10.79606344663141
CEC1_E001_S08753_L0219,13.424406145832323
CEC1_E001_S08756_L0236,10.150741275136937
CEC1_E001_S08759_L0202,11.94447918439505
CEC1_E001_S08761_L0212,46.136780330151915
CEC1_E001_S08765_L0201,33.459376313919904
CEC1_E001_S08766_L0201,26.093949351200592
CEC1_E001_S08778_L0212,12.284922131239782
CEC1_E001_S08778_L0221,13.359897710822942
CEC1_E001_S08779_L0212,42.90200212204694
CEC1_E001_S08779_L0221,47.14097392319954
CEC1_E001_S08780_L0212,68.03181724718725
CEC1_E001_S08781_L0201,10.57268096166408
CEC1_E001_S08782_L0243,35.80409467469278
CEC1_E001_S08785_L0224,39.98977757113473
CEC1_E001_S08786_L0242,82.4429841756063
CEC1_E001_S08790_L0240,27.580584603313532
CEC1_E001_S08791_L0200,52.1580536198143
CEC1_E001_S08791_L0240,63.888184964240516
CEC1_E001_S08793_L0217,39.714503904744376
CEC1_E001_S08795_L0240,45.04078880770578
CEC1_E001_S08798_L0229,26.38975326952764
CEC1_E001_S08798_L0235,44.36443233881988
CEC1_E001_S08800_L0243,10.807634387500984
CEC1_E001_S08808_L0227,51.1738299291217
CEC1_E001_S08808_L0241,54.56842478537298
CEC1_E001_S08809_L0224,43.84445675121053
CEC1_E001_S08810_L0212,32.562011904890795
CEC1_E001_S08810_L0221,22.832948029210957
CEC1_E001_S08816_L0215,51.59396606947262
CEC1_E001_S08817_L0243,12.643400468438903
CEC1_E001_S08818_L0227,54.62378989310077
CEC1_E001_S08818_L0235,63.558706160367336
CEC1_E001_S08820_L0212,30.178865792142847
CEC1_E001_S08820_L0221,42.72455323648999
CEC1_E001_S08821_L0240,17.749427567350093
CEC1_E001_S08823_L0200,12.375229201678197
CEC1_E001_S08823_L0240,10.853925190096344
CEC1_E001_S08827_L0219,29.28682557862469
CEC1_E001_S08828_L0200,43.86629515002958
CEC1_E001_S08829_L0208,23.323428252347405
CEC1_E001_S08829_L0209,16.55789382495558
CEC1_E001_S08831_L0229,87.87706290976305
CEC1_E001_S08831_L0235,87.92340634447706
CEC1_E001_S08833_L0242,29.441247434549773
CEC1_E001_S08834_L0201,59.53232426288087
CEC1_E001_S08836_L0242,12.787197015775025
CEC1_E001_S08837_L0243,68.56731899447038
CEC1_E001_S08843_L0215,10.942761147672686
CEC1_E001_S08844_L0219,26.465175042328525
CEC1_E001_S08847_L0215,17.241761319111784
CEC1_E001_S08851_L0200,10.58696981711135
CEC1_E001_S08853_L0219,69.67810543168059
CEC1_E001_S08854_L0202,13.586639133562537
CEC1_E001_S08855_L0236,10.071814821029523
CEC1_E001_S08856_L0231,23.900519234380898
CEC1_E001_S08858_L0215,37.33874914768935
CEC1_E001_S08862_L0217,10.188610771205681
CEC1_E001_S08870_L0215,36.138011654696285
CEC1_E001_S08872_L0219,24.848658804208483
CEC1_E001_S08873_L0219,22.048560370255856
CEC1_E001_S08879_L0217,11.244272744318907
CEC1_E001_S08884_L0200,21.270291891586908
CEC1_E001_S08885_L0224,10.030463240940225
CEC1_E001_S08887_L0218,10.233167460716746
CEC1_E001_S08887_L0221,10.037900279541802
CEC1_E001_S08889_L0200,78.12650479298826
CEC1_E001_S08889_L0240,75.83469016880288
CEC1_E001_S08890_L0202,25.825129640079187
CEC1_E001_S08894_L0222,32.82898861980324
CEC1_E001_S08895_L0236,10.446051778709496
CEC1_E001_S08901_L0224,81.90704154604396
CEC1_E001_S08903_L0222,13.775617769811378
CEC1_E001_S08905_L0231,32.9818182143077
CEC1_E001_S08907_L0202,46.72588943399347
CEC1_E001_S08908_L0240,84.43867522749075
CEC1_E001_S08911_L0243,11.830944317034298
CEC1_E001_S08916_L0236,24.291514253796716
CEC1_E001_S08917_L0200,26.771306383981102
CEC1_E001_S08919_L0231,9.867019935085438
CEC1_E001_S08920_L0227,71.53212183935838
CEC1_E001_S08920_L0241,68.90969372507794
CEC1_E001_S08922_L0236,20.074334415534413
CEC1_E001_S08923_L0236,48.98941345457783
CEC1_E001_S08929_L0243,14.92947612662758
CEC1_E001_S08931_L0217,46.838642802205584
CEC1_E001_S08934_L0208,12.320077371682583
CEC1_E001_S08934_L0209,12.47265406955788
CEC1_E001_S08935_L0202,11.278479106133943
CEC1_E001_S08936_L0242,27.443735479766325
CEC1_E001_S08937_L0200,10.676131238810765
CEC1_E001_S08939_L0222,11.487790883992213
CEC1_E001_S08940_L0217,52.82007020651995
CEC1_E001_S08942_L0208,10.456040480302946
CEC1_E001_S08942_L0209,9.770759950580377
CEC1_E001_S08943_L0201,10.620260755318332
CEC1_E001_S08949_L0231,47.34843453922735
CEC1_E001_S08950_L0231,55.09640889728901
CEC1_E001_S08952_L0215,11.10661301574116
CEC1_E001_S08955_L0240,26.825851102477706
CEC1_E001_S08956_L0242,19.952239421054852
CEC1_E001_S08958_L0200,25.57245808650527
CEC1_E001_S08958_L0240,41.76174649538882
CEC1_E001_S08959_L0218,10.171973329954756
CEC1_E001_S08959_L0221,10.336722194559469
CEC1_E001_S08960_L0229,28.442777749804403
CEC1_E001_S08960_L0235,27.547808314194796
CEC1_E001_S08961_L0209,19.281340890724127
CEC1_E001_S08965_L0219,10.593448950801834
CEC1_E001_S08967_L0229,10.017377572399932
CEC1_E001_S08967_L0235,13.17812458064799
CEC1_E001_S08969_L0241,35.318463051915
CEC1_E001_S08971_L0202,37.53269794566926
CEC1_E001_S08973_L0201,10.97789244105722
CEC1_E001_S08974_L0209,33.43646047754629
CEC1_E001_S08977_L0243,10.665710648938004
CEC1_E001_S08979_L0212,30.65650721399312
CEC1_E001_S08980_L0242,40.70507933144989
CEC1_E001_S08983_L0227,10.1432798915481
CEC1_E001_S08983_L0241,10.012519789237627
CEC1_E001_S08993_L0200,10.420321541976886
CEC1_E001_S08993_L0240,11.537762215151574
CEC1_E001_S08998_L0224,38.4201743336211
CEC1_E001_S08999_L0208,9.850764436560537
CEC1_E001_S09004_L0235,47.87087824652701
CEC1_E001_S09004_L0241,48.50572046810977
CEC1_E001_S09006_L0209,10.263558617636765
CEC1_E001_S09009_L0222,76.81368363202095
CEC1_E001_S09011_L0208,61.80722002983132
CEC1_E001_S09011_L0209,57.40138396964989
CEC1_E001_S09013_L0235,63.77030418335756
CEC1_E001_S09018_L0215,79.49525582286103
CEC1_E001_S09021_L0200,10.890425029535963
CEC1_E001_S09021_L0240,16.957339922046764
CEC1_E001_S09025_L0224,32.436785490142725
CEC1_E001_S09026_L0208,79.86916456060511
CEC1_E001_S09029_L0209,19.51062292878149
CEC1_E001_S09030_L0243,12.353313887256531
CEC1_E001_S09034_L0202,10.684525347256683
CEC1_E001_S09039_L0224,11.288720331614158
CEC1_E001_S09040_L0231,12.798135742073406
CEC1_E001_S09047_L0224,14.288068424490826
CEC1_E001_S09049_L0222,18.665879920895833
CEC1_E001_S09051_L0217,69.47172629518467
CEC1_E001_S09052_L0231,50.9024859995531
CEC1_E001_S09061_L0243,54.94503748231193
CEC1_E001_S09065_L0222,12.024387770242182
CEC1_E001_S09067_L0201,10.058189736612174
CEC1_E001_S09069_L0217,34.31860238335831
CEC1_E001_S09070_L0222,58.956260296357485
CEC1_E001_S09071_L0215,43.16116924604732
CEC1_E001_S09072_L0202,10.954719797869322
CEC1_E001_S09073_L0200,56.519712589232455
CEC1_E001_S09073_L0240,73.4208695975248
CEC1_E001_S09074_L0221,17.154393303492714
CEC1_E001_S09078_L0202,11.497132815163928
CEC1_E001_S09085_L0202,86.33358172224212
CEC1_E001_S09086_L0222,12.909450243340721
CEC1_E001_S09088_L0212,10.709436719615848
CEC1_E001_S09089_L0231,12.984099376076545
CEC1_E001_S09091_L0217,11.20193882332537
CEC1_E001_S09092_L0200,14.850246112227438
CEC1_E001_S09092_L0240,24.84004285702089
CEC1_E001_S09094_L0208,18.49005036655088
CEC1_E001_S09095_L0227,86.16564630338746
CEC1_E001_S09100_L0212,23.648793405335212
CEC1_E001_S09100_L0218,30.408428578046202
CEC1_E001_S09101_L0217,74.09678985404662
CEC1_E001_S09109_L0209,9.84995371627987
CEC1_E001_S09111_L0227,40.61414261435223
CEC1_E001_S09111_L0235,38.574291292442915
CEC1_E001_S09113_L0202,16.098754635868005
CEC1_E001_S09118_L0243,32.32665483754811
CEC1_E001_S09128_L0240,41.060846363609556
CEC1_E001_S09132_L0236,10.723116784438666
CEC1_E001_S09135_L0224,41.8938022940806
CEC1_E001_S09136_L0224,11.826383792443744
CEC1_E001_S09137_L0227,11.992036810560347
CEC1_E001_S09137_L0235,12.014182540745743
CEC1_E001_S09140_L0212,23.006782037162573
CEC1_E001_S09142_L0243,36.01263228752817
CEC1_E001_S09144_L0224,10.830530973409783
CEC1_E001_S09148_L0224,29.77427632982034
CEC1_E001_S09152_L0202,18.30515318931148
CEC1_E001_S09154_L0224,14.453547622248433
CEC1_E001_S09156_L0236,20.678589260513395
CEC1_E001_S09158_L0218,10.59036575236099
CEC1_E001_S09161_L0202,44.678237935622576
CEC1_E001_S09164_L0208,11.247255964219983
CEC1_E001_S09168_L0208,21.465761137361714
CEC1_E001_S09168_L0209,23.086519978792207
CEC1_E001_S09170_L0236,10.10447239632586
CEC1_E001_S09172_L0218,11.473659368346373
CEC1_E001_S09173_L0231,10.320394003888447
CEC1_E001_S09175_L0200,52.54850983455948
CEC1_E001_S09175_L0240,67.03040793219931
CEC1_E001_S09177_L0215,35.46308401261588
CEC1_E001_S09180_L0217,10.508541063816425
CEC1_E001_S09181_L0219,60.90977053258184
CEC1_E001_S09186_L0217,10.286866118122752
CEC1_E001_S09186_L0236,14.51334124024998
CEC1_E001_S09188_L0215,11.221211251200785
CEC1_E001_S09191_L0217,84.59897783647418
CEC1_E001_S09192_L0218,44.80263385108857
CEC1_E001_S09193_L0202,22.79673175387711
CEC1_E001_S09196_L0215,12.108544073245122
CEC1_E001_S09197_L0236,76.54535662008136
CEC1_E001_S09198_L0222,36.857015073902495
CEC1_E001_S09209_L0231,10.363428803442112
CEC1_E001_S09213_L0208,9.92467404380597
CEC1_E001_S09214_L0200,77.58905451718277
CEC1_E001_S09218_L0212,34.59269812891397
CEC1_E001_S09219_L0243,62.73506644138878
CEC1_E001_S09227_L0241,30.272842110435203
CEC1_E001_S09228_L0219,51.12363573578344
CEC1_E001_S09229_L0208,9.79565304242906
CEC1_E001_S09229_L0209,9.781637727084567
CEC1_E001_S09231_L0227,14.825040975163594
CEC1_E001_S09231_L0241,12.616573436870947
CEC1_E001_S09238_L0236,10.052987922524826
CEC1_E001_S09240_L0200,11.846772431417273
CEC1_E001_S09242_L0200,25.646535750933413
CEC1_E001_S09243_L0229,64.59836996193343
CEC1_E001_S09245_L0212,15.605267997692735
CEC1_E001_S09246_L0224,16.322836535843166
CEC1_E001_S09248_L0201,11.372257323157292
CEC1_E001_S09250_L0212,10.578289599549146
CEC1_E001_S09250_L0221,10.170128780375332
CEC1_E001_S09251_L0219,10.272602684907774
CEC1_E001_S09251_L0231,9.726701427118881
CEC1_E001_S09253_L0200,10.914994542015927
CEC1_E001_S09255_L0217,25.989160889231997
CEC1_E001_S09257_L0217,16.59138717600946
CEC1_E001_S09258_L0217,10.025742299191261
CEC1_E001_S09259_L0208,45.625749587926585
CEC1_E001_S09259_L0209,41.081492363860086
CEC1_E001_S09261_L0201,30.347118791918373
CEC1_E001_S09265_L0243,15.548249691090556
CEC1_E001_S09267_L0208,10.6366372348391
CEC1_E001_S09267_L0209,10.039908825698582
CEC1_E001_S09270_L0218,58.2853781493071
CEC1_E001_S09270_L0221,82.83677668879086
CEC1_E001_S09271_L0212,12.224481087109634
CEC1_E001_S09272_L0212,76.59037089553496
CEC1_E001_S09272_L0221,67.13199893518865
CEC1_E001_S09273_L0201,31.609982076347762
CEC1_E001_S09276_L0200,21.135937364105988
CEC1_E001_S09277_L0243,13.788341174872485
CEC1_E001_S09278_L0236,26.67146596339118
CEC1_E001_S09280_L0243,39.34191170845441
CEC1_E001_S09281_L0227,12.113058415596825
CEC1_E001_S09281_L0235,16.242514071865422
CEC1_E001_S09282_L0208,52.89160121607028
CEC1_E001_S09282_L0209,47.71758114541488
CEC1_E001_S09290_L0208,11.34315491781666
CEC1_E001_S09290_L0209,9.92208583675867
CEC1_E001_S09297_L0227,53.324513981375084
CEC1_E001_S09297_L0235,49.19912255870148
CEC1_E001_S09304_L0229,52.03288791427568
CEC1_E001_S09304_L0242,50.771035479579794
CEC1_E001_S09308_L0243,13.940924492864077
CEC1_E001_S09311_L0202,10.10228455843416
CEC1_E001_S09312_L0200,11.732702276542968
CEC1_E001_S09313_L0202,11.44143026998525
CEC1_E001_S09317_L0200,16.243034314048987
CEC1_E001_S09317_L0240,12.504122264320555
CEC1_E001_S09320_L0243,62.00486426285688
CEC1_E001_S09321_L0202,45.36537916947773
CEC1_E001_S09324_L0218,10.648301515291443
CEC1_E001_S09325_L0215,10.277829068094519
CEC1_E001_S09328_L0202,27.616719938160333
CEC1_E001_S09329_L0209,16.640482277120935
CEC1_E001_S09331_L0227,46.22594877014744
CEC1_E001_S09331_L0235,48.91282487135403
CEC1_E001_S09332_L0209,11.660964885452703
CEC1_E001_S09333_L0202,44.66782035486332
CEC1_E001_S09338_L0227,32.077034455015294
CEC1_E001_S09338_L0241,32.61740529632485
CEC1_E001_S09339_L0224,12.504764987014141
CEC1_E001_S09342_L0243,10.786676906670447
CEC1_E001_S09345_L0215,11.759031519225317
CEC1_E001_S09346_L0219,21.766709536144592
CEC1_E001_S09350_L0229,62.792280222976494
CEC1_E001_S09350_L0242,43.86082697704303
CEC1_E001_S09351_L0229,11.642565481279853
CEC1_E001_S09351_L0242,11.003227498134102
CEC1_E001_S09352_L0229,33.859015599548854
CEC1_E001_S09352_L0242,54.87839108518938
CEC1_E001_S09356_L0201,15.727364498278199
CEC1_E001_S09359_L0241,86.44135460089669
CEC1_E001_S09363_L0227,20.31951573426706
CEC1_E001_S09363_L0241,13.568794599998308
CEC1_E001_S09365_L0243,28.97072941613836
CEC1_E001_S09366_L0215,9.917957630936867
CEC1_E001_S09367_L0201,10.237309281084727
CEC1_E001_S09370_L0209,10.024252112601918
CEC1_E001_S09377_L0202,10.27568860790343
CEC1_E001_S09379_L0201,20.781394597019116
CEC1_E001_S09382_L0218,10.529251676287238
CEC1_E001_S09382_L0221,10.023821248630608
CEC1_E001_S09385_L0212,63.300655862773745
CEC1_E001_S09385_L0218,51.70449316880936
CEC1_E001_S09386_L0231,13.426226513177866
CEC1_E001_S09387_L0231,10.166518990908596
CEC1_E001_S09391_L0219,19.18967330171826
CEC1_E001_S09395_L0202,12.20504495344356
CEC1_E001_S09402_L0201,10.245519985785814
CEC1_E001_S09406_L0222,19.404987251437586
CEC1_E001_S09411_L0201,10.326819246174425
CEC1_E001_S09423_L0200,11.667081901971876
CEC1_E001_S09423_L0240,10.670564283457693
CEC1_E001_S09426_L0231,16.282496832072344
CEC1_E001_S09427_L0222,61.4565432960484
CEC1_E001_S09428_L0201,10.103615825681727
CEC1_E001_S09430_L0202,23.777659306762683
CEC1_E001_S09436_L0241,52.65250191104786
CEC1_E001_S09438_L0218,13.430869668229832
CEC1_E001_S09438_L0221,22.64388847823159
CEC1_E001_S09446_L0222,69.59696582414854
CEC1_E001_S09450_L0231,11.492076802890967
CEC1_E001_S09452_L0201,36.25882927593897
CEC1_E001_S09453_L0219,84.0313740590913
CEC1_E001_S09454_L0241,10.322248613656388
CEC1_E001_S09455_L0222,11.275315937745532
CEC1_E001_S09459_L0219,45.603348372240745
CEC1_E001_S09460_L0241,20.602733665192247
CEC1_E001_S09462_L0209,31.789946807320447
CEC1_E001_S09468_L0200,10.371920494104884
CEC1_E001_S09469_L0229,15.629408588805084
CEC1_E001_S09474_L0229,24.759155146450393
CEC1_E001_S09474_L0242,23.310962729722274
CEC1_E001_S09475_L0215,10.054778680645542
CEC1_E001_S09480_L0209,10.318225429566967
CEC1_E001_S09482_L0218,10.343309330651145
CEC1_E001_S09483_L0229,10.812029918626251
CEC1_E001_S09483_L0242,10.57474190769918
CEC1_E001_S09485_L0200,22.522917911688165
CEC1_E001_S09485_L0240,35.60692873949314
CEC1_E001_S09488_L0218,16.448784414115675
CEC1_E001_S09488_L0221,13.728293160173642
CEC1_E001_S09500_L0218,32.42917013696236
CEC1_E001_S09502_L0242,10.089135671915898
CEC1_E001_S09509_L0231,13.95622070563221
CEC1_E001_S09510_L0222,27.182389190488795
CEC1_E001_S09514_L0229,47.04828462873726
CEC1_E001_S09514_L0242,33.60154043284977
CEC1_E001_S09515_L0202,51.58178542447708
CEC1_E001_S09516_L0208,78.88199225164891
CEC1_E001_S09516_L0209,62.816823115107034
CEC1_E001_S09519_L0219,72.1570793257101
CEC1_E001_S09525_L0224,12.569991155493232
CEC1_E001_S09528_L0208,26.580655039328807
CEC1_E001_S09532_L0222,10.522740061294748
CEC1_E001_S09533_L0215,49.66566730799691
CEC1_E001_S09536_L0212,12.493174773142444
CEC1_E001_S09536_L0221,11.367466561000064
CEC1_E001_S09540_L0219,31.67270487866383
CEC1_E001_S09543_L0227,13.058027406541896
CEC1_E001_S09543_L0235,11.436834391821058
CEC1_E001_S09544_L0231,54.9956832974844
CEC1_E001_S09545_L0224,15.334310603039983
CEC1_E001_S09546_L0217,10.265974922277602
CEC1_E001_S09548_L0240,12.517802805208145
CEC1_E001_S09551_L0222,35.876677644149126
CEC1_E001_S09553_L0240,11.368694929201112
CEC1_E001_S09554_L0208,63.88088908398217
CEC1_E001_S09556_L0236,18.880811782553216
CEC1_E001_S09557_L0218,10.317150800690062
CEC1_E001_S09557_L0221,11.914253649468426
CEC1_E001_S09558_L0208,22.104921438300632
CEC1_E001_S09558_L0243,19.990987606617878
CEC1_E001_S09564_L0224,33.42512034408676
CEC1_E001_S09569_L0227,10.195796184336658
CEC1_E001_S09569_L0241,10.23579726802074
CEC1_E001_S09571_L0212,13.14434879330207
CEC1_E001_S09573_L0229,11.615867266770591
CEC1_E001_S09573_L0235,10.804512039475956
CEC1_E001_S09574_L0231,32.5562556570324
CEC1_E001_S09576_L0227,9.961813868845548
CEC1_E001_S09577_L0208,41.93715566565012
CEC1_E001_S09579_L0229,40.253189736176154
CEC1_E001_S09579_L0242,30.59947068476958
CEC1_E001_S09580_L0231,26.758920820182475
CEC1_E001_S09581_L0222,21.883843395995505
CEC1_E001_S09586_L0208,62.894438430176685
CEC1_E001_S09587_L0229,17.320619008720744
CEC1_E001_S09587_L0242,25.411613488496076
CEC1_E001_S09589_L0218,16.10542687527361
CEC1_E001_S09590_L0219,85.56885446673006
CEC1_E001_S09590_L0222,81.77323729228699
CEC1_E001_S09593_L0241,11.876859710677227
CEC1_E001_S09595_L0236,11.510968029665309
CEC1_E001_S09596_L0224,52.320695625919974
CEC1_E001_S09606_L0224,10.12983466400266
CEC1_E001_S09611_L0229,11.273085413413483
CEC1_E001_S09611_L0235,13.771727332664085
CEC1_E001_S09613_L0231,11.016094574313367
CEC1_E001_S09615_L0227,35.95253320323685
CEC1_E001_S09615_L0241,36.76736385351233
CEC1_E001_S09616_L0217,46.08795937232286
CEC1_E001_S09618_L0218,28.732825382636182
CEC1_E001_S09618_L0221,31.485110288537072
CEC1_E001_S09619_L0236,13.309622387058335
CEC1_E001_S09620_L0242,14.699904860460078
CEC1_E001_S09625_L0217,11.20337624287306
CEC1_E001_S09626_L0243,30.648235851178846
CEC1_E001_S09627_L0219,35.92039379384648
CEC1_E001_S09628_L0212,39.23822941167682
CEC1_E001_S09629_L0201,37.69667766982135
CEC1_E001_S09634_L0240,30.501334163024964
CEC1_E001_S09637_L0242,12.148092347803708
CEC1_E001_S09641_L0227,47.0261170419078
CEC1_E001_S09641_L0235,48.7589137607806
CEC1_E001_S09643_L0217,10.27839096395505
CEC1_E001_S09646_L0201,12.703718915693784
CEC1_E001_S09649_L0201,48.52066005417421
CEC1_E001_S09652_L0201,10.246980059701627
CEC1_E001_S09655_L0219,10.316902814867195
CEC1_E001_S09656_L0209,13.634372848800982
CEC1_E001_S09658_L0209,14.08024567239704
CEC1_E001_S09660_L0209,9.723033843455173
CEC1_E001_S09663_L0231,30.211328826101095
CEC1_E001_S09669_L0231,36.21019271650899
CEC1_E001_S09670_L0201,86.8145048250309
CEC1_E001_S09673_L0200,10.956303073203856
CEC1_E001_S09673_L0240,11.262852322933384
CEC1_E001_S09676_L0229,61.75748331531469
CEC1_E001_S09676_L0235,56.328884877690896
CEC1_E001_S09677_L0236,24.004427577099182
CEC1_E001_S09678_L0208,10.742086701982496
CEC1_E001_S09678_L0209,11.054599585541112
CEC1_E001_S09681_L0227,14.253568196512306
CEC1_E001_S09681_L0235,21.853206598145213
CEC1_E001_S09684_L0227,11.05371686246911
CEC1_E001_S09684_L0241,10.901737008518781
CEC1_E001_S09689_L0208,78.15008738930591
CEC1_E001_S09689_L0209,81.71639302366336
CEC1_E001_S09691_L0217,10.648490385001313
CEC1_E001_S09693_L0221,22.643587923072925
CEC1_E001_S09694_L0221,12.822519728734889
CEC1_E001_S09699_L0229,24.006454184102058
CEC1_E001_S09699_L0242,27.43694844817379
CEC1_E001_S09702_L0200,50.67187771231627
CEC1_E001_S09704_L0217,60.06257959483755
CEC1_E001_S09705_L0218,19.977115783535005
CEC1_E001_S09707_L0201,11.961888752626907
CEC1_E001_S09710_L0201,10.130603182897508
CEC1_E001_S09714_L0212,17.227296623656088
CEC1_E001_S09714_L0221,28.60627150166214
CEC1_E001_S09715_L0219,17.133311830270518
CEC1_E001_S09716_L0227,75.69930690062066
CEC1_E001_S09716_L0235,75.48127947418004
CEC1_E001_S09719_L0236,23.500814310375194
CEC1_E001_S09722_L0222,57.44658023050496
CEC1_E001_S09723_L0229,12.186722141451423
CEC1_E001_S09723_L0242,10.349833344150555
CEC1_E001_S09733_L0224,20.927501507001722
CEC1_E001_S09740_L0201,18.69714833475218
CEC1_E001_S09745_L0240,17.09766694927045
CEC1_E001_S09749_L0229,15.913889909224658
CEC1_E001_S09749_L0242,24.614939052962086
CEC1_E001_S09752_L0243,10.37663254235742
CEC1_E001_S09753_L0243,10.125187480660328
CEC1_E001_S09754_L0236,12.03201217210081
CEC1_E001_S09755_L0217,27.970814728067943
CEC1_E001_S09758_L0202,10.549857856243737
CEC1_E001_S09759_L0229,11.182520854736046
CEC1_E001_S09759_L0235,11.227587298682206
CEC1_E001_S09760_L0224,70.0620193545425
CEC1_E001_S09762_L0242,35.83108545279661
CEC1_E001_S09765_L0227,15.105016443577735
CEC1_E001_S09765_L0235,20.556038024393008
CEC1_E001_S09767_L0209,29.868526663985524
CEC1_E001_S09770_L0243,10.032836870785504
CEC1_E001_S09776_L0217,10.579756438098075
CEC1_E001_S09778_L0242,43.4412041042527
CEC1_E001_S09790_L0241,19.319156340464218
CEC1_E001_S09791_L0224,10.187688879332171
CEC1_E001_S09793_L0215,11.67819252650488
CEC1_E001_S09797_L0241,15.44279209923041
CEC1_E001_S09799_L0243,15.274259400781997
CEC1_E001_S09802_L0243,20.334665593900173
CEC1_E001_S09803_L0222,60.783387453358685
CEC1_E001_S09806_L0222,10.702232595250342
CEC1_E001_S09812_L0202,16.00737008972085
CEC1_E001_S09816_L0231,13.152377117777167
CEC1_E001_S09818_L0236,12.262379073638538
CEC1_E001_S09819_L0218,11.165250381934259
CEC1_E001_S09819_L0221,12.043407827750515
CEC1_E001_S09823_L0227,12.899689171925775
CEC1_E001_S09823_L0241,14.375155329277092
CEC1_E001_S09824_L0212,20.2120735524996
CEC1_E001_S09824_L0221,44.440778819330944
CEC1_E001_S09827_L0229,14.111024399009462
CEC1_E001_S09827_L0235,15.941717793189106
CEC1_E001_S09828_L0241,11.157425669894494
CEC1_E001_S09830_L0222,10.530418528981416
CEC1_E001_S09831_L0241,16.585950497928057
CEC1_E001_S09834_L0227,10.256481483378012
CEC1_E001_S09834_L0235,10.188636903565442
CEC1_E001_S09837_L0219,51.98722836834684
CEC1_E001_S09842_L0209,41.580663769559536
CEC1_E001_S09844_L0215,11.263007037706505
CEC1_E001_S09846_L0218,69.36042190476074
CEC1_E001_S09852_L0201,11.419954673459994
CEC1_E001_S09856_L0227,66.88624078976318
CEC1_E001_S09856_L0235,63.65853635526176
CEC1_E001_S09857_L0231,68.52647187271921
CEC1_E001_S09860_L0215,13.65983477304905
CEC1_E001_S09861_L0236,35.30374885855221
CEC1_E001_S09862_L0201,58.23424462598064
CEC1_E001_S09864_L0222,29.566366641254316
CEC1_E001_S09865_L0215,17.02787594647762
CEC1_E001_S09866_L0200,10.511491111829532
CEC1_E001_S09877_L0236,12.46754920135985
CEC1_E001_S09879_L0241,46.433683962766054
CEC1_E001_S09881_L0235,19.43710226831776
CEC1_E001_S09884_L0215,34.905210556321265
CEC1_E001_S09889_L0224,74.90140409665534
CEC1_E001_S09891_L0212,32.843157156320174
CEC1_E001_S09892_L0215,13.546149788412471
CEC1_E001_S09893_L0240,55.4098584376824
CEC1_E001_S09894_L0200,67.87522563100542
CEC1_E001_S09894_L0240,73.95799360967962
CEC1_E001_S09899_L0227,51.34245675198173
CEC1_E001_S09899_L0241,52.740842400226455
CEC1_E001_S09903_L0212,11.439852404194598
CEC1_E001_S09903_L0221,11.045805382583278
CEC1_E001_S09904_L0215,10.828268109248565
CEC1_E001_S09907_L0201,10.138577665935253
CEC1_E001_S09908_L0224,13.227587890275705
CEC1_E001_S09911_L0236,10.129703495829618
CEC1_E001_S09913_L0217,15.246086338477014
CEC1_E001_S09919_L0242,9.907212531931103
CEC1_E001_S09922_L0231,9.844610701833247
CEC1_E001_S09923_L0219,50.36903784195023
CEC1_E001_S09925_L0217,28.133889386573742
CEC1_E001_S09926_L0217,10.244860391258138
CEC1_E001_S09928_L0202,11.268630118466517
CEC1_E001_S09934_L0229,10.639503697278345
CEC1_E001_S09934_L0242,10.513258997530201
CEC1_E001_S09936_L0208,21.212669705412416
CEC1_E001_S09936_L0209,20.495581442747827
CEC1_E001_S09941_L0242,43.605038091306504
CEC1_E001_S09942_L0219,31.251874887441193
CEC1_E001_S09944_L0215,63.56871392346785
CEC1_E001_S09944_L0241,59.318754168137595
CEC1_E001_S09945_L0224,10.62416321456019
CEC1_E001_S09946_L0231,12.697134363343874
CEC1_E001_S09951_L0208,16.329821498104028
CEC1_E001_S09952_L0219,26.081246903189083
CEC1_E001_S09956_L0241,23.083404453729646
CEC1_E001_S09960_L0212,10.39877186612672
CEC1_E001_S09960_L0221,10.477617460796862
CEC1_E001_S09961_L0231,43.297752756752246
CEC1_E001_S09964_L0202,79.88387003397966
CEC1_E001_S09967_L0218,17.664723843513304
CEC1_E001_S09969_L0243,14.49013678134234
CEC1_E001_S09971_L0219,13.393714052561268
CEC1_E001_S09977_L0241,10.024013243177246
CEC1_E001_S09978_L0231,42.86239738526453
CEC1_E001_S09981_L0218,69.0457058188872
CEC1_E001_S09981_L0221,67.95890811022589
CEC1_E001_S09983_L0236,11.502031332283737
CEC1_E001_S09984_L0222,11.610888277375798
CEC1_E001_S09990_L0218,39.88287402999581
CEC1_E001_S09990_L0221,32.89468626450915
CEC1_E001_S09991_L0224,26.777497757493833
CEC1_E001_S10000_L0236,13.413722776581858
CEC1_E003_S08508_L0243,86.46751745138442
CEC1_E003_S08510_L0219,80.51301785806812
CEC1_E003_S08512_L0212,83.1880535075255
CEC1_E003_S08512_L0221,73.1536777840483
CEC1_E003_S08516_L0218,80.08298142915382
CEC1_E003_S08518_L0242,86.35355230029218
CEC1_E003_S08520_L0224,79.89780787446516
CEC1_E003_S08523_L0212,81.74357592222515
CEC1_E003_S08523_L0221,77.10794118681774
CEC1_E003_S08529_L0224,79.94053434443947
CEC1_E003_S08530_L0229,81.33961210991882
CEC1_E003_S08530_L0242,77.04409247407304
CEC1_E003_S08532_L0236,48.79269391295004
CEC1_E003_S08540_L0215,68.37080914839062
CEC1_E003_S08541_L0240,64.6711479128894
CEC1_E003_S08546_L0212,62.24521176587404
CEC1_E003_S08546_L0221,61.182664259915086
CEC1_E003_S08547_L0219,69.87299863289822
CEC1_E003_S08554_L0201,80.35493175453978
CEC1_E003_S08558_L0242,81.50059242337731
CEC1_E003_S08561_L0219,52.497820291975195
CEC1_E003_S08563_L0235,80.53261675938248
CEC1_E003_S08564_L0215,87.30991787312595
CEC1_E003_S08571_L0208,62.91840931582285
CEC1_E003_S08574_L0215,58.144754154825556
CEC1_E003_S08576_L0217,88.04006990390246
CEC1_E003_S08578_L0200,78.95984860726043
CEC1_E003_S08578_L0240,84.23150050119312
CEC1_E003_S08579_L0202,74.852587529697
CEC1_E003_S08582_L0229,86.31069250658695
CEC1_E003_S08582_L0235,86.62521396988323
CEC1_E003_S08587_L0231,62.73720976272216
CEC1_E003_S08590_L0240,50.844435886349025
CEC1_E003_S08593_L0201,59.968799455990435
CEC1_E003_S08594_L0202,82.00970833084065
CEC1_E003_S08595_L0219,88.73786600562751
CEC1_E003_S08600_L0242,42.20770180418078
CEC1_E003_S08603_L0242,67.9867234206201
CEC1_E003_S08605_L0212,88.31538263748749
CEC1_E003_S08606_L0200,59.119893527899606
CEC1_E003_S08613_L0218,75.26445534802485
CEC1_E003_S08613_L0221,76.47211235597408
CEC1_E003_S08615_L0235,38.61767735706003
CEC1_E003_S08615_L0242,34.076924617255614
CEC1_E003_S08616_L0219,71.12302381834095
CEC1_E003_S08620_L0243,58.9766360590013
CEC1_E003_S08624_L0201,54.04489536090944
CEC1_E003_S08625_L0218,82.69254384055348
CEC1_E003_S08628_L0208,82.55497629741845
CEC1_E003_S08637_L0231,88.00136816306411
CEC1_E003_S08644_L0202,82.02059007357646
CEC1_E003_S08648_L0231,75.46076206158627
CEC1_E003_S08649_L0208,87.53450278765749
CEC1_E003_S08649_L0209,87.03562588402973
CEC1_E003_S08651_L0227,84.24924681759042
CEC1_E003_S08651_L0235,81.6462602018597
CEC1_E003_S08653_L0224,73.45641727976583
CEC1_E003_S08656_L0229,82.96749264893376
CEC1_E003_S08656_L0235,61.308484505013844
CEC1_E003_S08657_L0218,79.17264444073841
CEC1_E003_S08657_L0221,62.20175386865823
CEC1_E003_S08658_L0219,73.25157448919381
CEC1_E003_S08660_L0224,86.40575910629742
CEC1_E003_S08662_L0219,85.97565988096251
CEC1_E003_S08664_L0243,83.90534126834889
CEC1_E003_S08667_L0215,73.10198272028119
CEC1_E003_S08671_L0218,61.11064451346461
CEC1_E003_S08674_L0201,70.28902036589615
CEC1_E003_S08681_L0231,31.135288358507133
CEC1_E003_S08682_L0243,63.65278399635814
CEC1_E003_S08683_L0200,82.36944347077836
CEC1_E003_S08686_L0219,78.8603406952864
CEC1_E003_S08688_L0222,82.95690040447263
CEC1_E003_S08689_L0219,88.58498751580451
CEC1_E003_S08690_L0217,86.7748549404723
CEC1_E003_S08691_L0212,75.38819610757524
CEC1_E003_S08693_L0212,63.014840613376094
CEC1_E003_S08697_L0219,63.47298729488358
CEC1_E003_S08702_L0227,87.42331088017235
CEC1_E003_S08702_L0241,86.86716672107087
CEC1_E003_S08703_L0217,77.57606107759926
CEC1_E003_S08704_L0219,86.93602853294644
CEC1_E003_S08707_L0229,78.90245050335685
CEC1_E003_S08707_L0235,80.77387622224575
CEC1_E003_S08713_L0212,56.82761000939414
CEC1_E003_S08713_L0221,65.70198470506186
CEC1_E003_S08714_L0209,84.9358759998375
CEC1_E003_S08717_L0209,41.83749146348136
CEC1_E003_S08719_L0201,82.65095725394151
CEC1_E003_S08722_L0212,63.65145911121628
CEC1_E003_S08722_L0221,75.20117463552027
CEC1_E003_S08723_L0241,79.66591768489985
CEC1_E003_S08725_L0236,86.29936908202612
CEC1_E003_S08727_L0200,76.36705354770098
CEC1_E003_S08727_L0240,83.58379574834123
CEC1_E003_S08735_L0212,59.95428498763834
CEC1_E003_S08735_L0221,48.701989817583815
CEC1_E003_S08739_L0209,83.88270045660542
CEC1_E003_S08742_L0217,84.19065848761414
CEC1_E003_S08743_L0231,75.43454457369326
CEC1_E003_S08745_L0201,54.91516246606463
CEC1_E003_S08750_L0231,64.17215379831461
CEC1_E003_S08751_L0217,85.7039493231415
CEC1_E003_S08752_L0222,83.99299117081075
CEC1_E003_S08753_L0202,88.26978016622753
CEC1_E003_S08756_L0208,17.457181248945112
CEC1_E003_S08756_L0209,17.920772711128542
CEC1_E003_S08765_L0241,77.32314074109927
CEC1_E003_S08766_L0227,59.26422597138981
CEC1_E003_S08766_L0241,65.65618367614186
CEC1_E003_S08767_L0215,73.56408543275913
CEC1_E003_S08778_L0201,82.17191929092854
CEC1_E003_S08779_L0201,73.31926867930602
CEC1_E003_S08780_L0215,85.81944940793554
CEC1_E003_S08781_L0227,76.89430830432805
CEC1_E003_S08781_L0241,84.53240233808367
CEC1_E003_S08782_L0208,77.41202711270617
CEC1_E003_S08785_L0200,53.222332817132184
CEC1_E003_S08785_L0240,56.93107552789742
CEC1_E003_S08786_L0236,85.57775828449205
CEC1_E003_S08793_L0243,74.08726114621649
CEC1_E003_S08798_L0217,50.751311038300265
CEC1_E003_S08802_L0243,85.03833765538299
CEC1_E003_S08804_L0215,66.67116934865153
CEC1_E003_S08807_L0240,76.02317205296688
CEC1_E003_S08808_L0242,66.80449058326057
CEC1_E003_S08809_L0200,70.70471886382076
CEC1_E003_S08809_L0240,76.85444330436235
CEC1_E003_S08810_L0201,51.96948510427933
CEC1_E003_S08816_L0227,69.69150549999881
CEC1_E003_S08816_L0235,73.0522312251571
CEC1_E003_S08818_L0217,87.17305688588472
CEC1_E003_S08820_L0201,81.06870111893964
CEC1_E003_S08824_L0215,63.87361933139502
CEC1_E003_S08827_L0202,76.9465239940511
CEC1_E003_S08829_L0222,64.46567411708753
CEC1_E003_S08831_L0217,84.65744962024496
CEC1_E003_S08833_L0236,79.01933671429936
CEC1_E003_S08834_L0215,63.60057519219914
CEC1_E003_S08835_L0218,82.33741807601551
CEC1_E003_S08836_L0236,81.98944443412007
CEC1_E003_S08838_L0212,55.39719095526997
CEC1_E003_S08843_L0229,70.1247286580306
CEC1_E003_S08843_L0235,75.46230310184411
CEC1_E003_S08844_L0202,71.69881217940618
CEC1_E003_S08847_L0229,83.6527073446201
CEC1_E003_S08847_L0235,81.68813999229526
CEC1_E003_S08851_L0218,86.34925961168379
CEC1_E003_S08854_L0240,72.479591706785
CEC1_E003_S08855_L0208,86.20542353201593
CEC1_E003_S08855_L0209,83.81213355368669
CEC1_E003_S08858_L0227,87.90296491653804
CEC1_E003_S08858_L0235,86.73810017404111
CEC1_E003_S08862_L0236,88.25625106607875
CEC1_E003_S08867_L0218,78.31503338040302
CEC1_E003_S08867_L0221,77.55750913505918
CEC1_E003_S08869_L0215,87.44486306564069
CEC1_E003_S08870_L0229,69.2192436120091
CEC1_E003_S08870_L0235,70.28675271438169
CEC1_E003_S08871_L0212,77.60427157271819
CEC1_E003_S08871_L0221,75.34425483768369
CEC1_E003_S08875_L0219,77.07132524090773
CEC1_E003_S08879_L0236,48.148648014302864
CEC1_E003_S08883_L0218,76.41536220222015
CEC1_E003_S08883_L0221,79.573103107365
CEC1_E003_S08884_L0218,85.69353355107299
CEC1_E003_S08887_L0201,15.576509989528418
CEC1_E003_S08891_L0218,87.77359487066853
CEC1_E003_S08891_L0221,85.31109485997874
CEC1_E003_S08894_L0231,73.57202985350757
CEC1_E003_S08895_L0209,37.43549296324251
CEC1_E003_S08897_L0212,67.10377288895559
CEC1_E003_S08899_L0212,82.54012237118336
CEC1_E003_S08901_L0200,88.23743603995628
CEC1_E003_S08903_L0231,49.381142236076506
CEC1_E003_S08905_L0202,71.58308157791141
CEC1_E003_S08907_L0240,85.09518134066064
CEC1_E003_S08916_L0208,75.58507918167312
CEC1_E003_S08916_L0209,69.9813523164842
CEC1_E003_S08917_L0218,78.61862776067254
CEC1_E003_S08919_L0202,77.94221273580683
CEC1_E003_S08920_L0242,88.0114742452665
CEC1_E003_S08922_L0208,85.53176468742414
CEC1_E003_S08922_L0209,84.55618182489268
CEC1_E003_S08923_L0208,87.90184249243946
CEC1_E003_S08923_L0209,87.81365798929315
CEC1_E003_S08925_L0221,77.90384874911022
CEC1_E003_S08928_L0243,88.12189167554322
CEC1_E003_S08931_L0236,78.70960527699654
CEC1_E003_S08934_L0222,57.58136105652321
CEC1_E003_S08936_L0236,84.49671020528884
CEC1_E003_S08937_L0218,82.437237550363
CEC1_E003_S08939_L0231,76.4960476773321
CEC1_E003_S08940_L0236,69.6636916452516
CEC1_E003_S08941_L0215,76.66943108173803
CEC1_E003_S08942_L0222,88.12160500874938
CEC1_E003_S08943_L0227,83.95695792524529
CEC1_E003_S08943_L0241,85.26782473475993
CEC1_E003_S08944_L0208,83.19942745455828
CEC1_E003_S08944_L0243,81.07022444982803
CEC1_E003_S08949_L0224,74.07336302652408
CEC1_E003_S08950_L0224,76.42340455352894
CEC1_E003_S08952_L0227,86.62809492614952
CEC1_E003_S08952_L0235,85.700037914654
CEC1_E003_S08956_L0236,87.35515429114352
CEC1_E003_S08959_L0201,20.98287813449829
CEC1_E003_S08960_L0217,87.06854807583689
CEC1_E003_S08961_L0222,79.2560132665608
CEC1_E003_S08965_L0202,31.927315521472377
CEC1_E003_S08967_L0217,79.78894351198275
CEC1_E003_S08969_L0229,81.25910096629292
CEC1_E003_S08969_L0242,86.89418435353012
CEC1_E003_S08971_L0240,69.50556697432293
CEC1_E003_S08973_L0241,66.55300997178213
CEC1_E003_S08974_L0222,86.63514148541468
CEC1_E003_S08976_L0215,71.05681069099036
CEC1_E003_S08979_L0215,69.83372770327567
CEC1_E003_S08980_L0236,58.89900863616817
CEC1_E003_S08983_L0242,54.2259108024649
CEC1_E003_S08985_L0236,84.80791497921288
CEC1_E003_S08987_L0215,70.13130860805728
CEC1_E003_S08998_L0200,79.8204263256675
CEC1_E003_S08999_L0219,85.49177827374137
CEC1_E003_S09000_L0212,88.34142546682035
CEC1_E003_S09000_L0221,88.02883497381298
CEC1_E003_S09004_L0217,84.78533432993511
CEC1_E003_S09006_L0222,87.68743454514004
CEC1_E003_S09009_L0231,82.2679263356563
CEC1_E003_S09011_L0222,78.13546760244859
CEC1_E003_S09013_L0242,75.97772903503964
CEC1_E003_S09017_L0219,14.96495985161757
CEC1_E003_S09018_L0229,84.22747607458243
CEC1_E003_S09018_L0235,79.3872775017582
CEC1_E003_S09025_L0200,80.33852680264695
CEC1_E003_S09026_L0219,84.02009851220437
CEC1_E003_S09028_L0200,85.51858446267913
CEC1_E003_S09029_L0222,81.07307731680596
CEC1_E003_S09030_L0208,83.29811790654755
CEC1_E003_S09036_L0240,77.20685980214019
CEC1_E003_S09039_L0200,86.34063384562967
CEC1_E003_S09040_L0224,83.65118214277273
CEC1_E003_S09044_L0212,78.94283894656584
CEC1_E003_S09046_L0212,87.69495023377502
CEC1_E003_S09047_L0200,86.49945776995457
CEC1_E003_S09049_L0231,73.71284008848724
CEC1_E003_S09051_L0236,88.1225223270051
CEC1_E003_S09052_L0224,84.71004842502929
CEC1_E003_S09057_L0200,81.36803593444354
CEC1_E003_S09061_L0208,87.9376220543199
CEC1_E003_S09065_L0231,59.128065940612366
CEC1_E003_S09067_L0241,48.07977733016506
CEC1_E003_S09069_L0236,73.74080463661718
CEC1_E003_S09070_L0231,76.47662522131051
CEC1_E003_S09071_L0227,77.45568141858918
CEC1_E003_S09071_L0235,79.68233183171576
CEC1_E003_S09072_L0224,77.81022218289372
CEC1_E003_S09078_L0240,24.48142365723133
CEC1_E003_S09080_L0224,75.88837751671734
CEC1_E003_S09082_L0212,84.9469217023107
CEC1_E003_S09085_L0240,85.1199380303327
CEC1_E003_S09086_L0231,33.244738529182655
CEC1_E003_S09088_L0215,38.53885402230138
CEC1_E003_S09089_L0202,56.290611969994096
CEC1_E003_S09091_L0243,84.22796504442402
CEC1_E003_S09094_L0219,76.62595364710606
CEC1_E003_S09095_L0229,85.84259699377442
CEC1_E003_S09101_L0236,87.82620980638102
CEC1_E003_S09107_L0219,64.37153025021826
CEC1_E003_S09109_L0222,81.9448929903625
CEC1_E003_S09111_L0217,88.49236852664518
CEC1_E003_S09113_L0240,74.6916831216794
CEC1_E003_S09119_L0236,85.90423809288289
CEC1_E003_S09122_L0201,79.37541796347854
CEC1_E003_S09125_L0243,88.40513413610476
CEC1_E003_S09132_L0208,83.27896952991412
CEC1_E003_S09132_L0209,72.43359563644158
CEC1_E003_S09135_L0200,79.68948640047662
CEC1_E003_S09136_L0200,70.36433491681127
CEC1_E003_S09136_L0240,77.6264850560887
CEC1_E003_S09137_L0217,48.287155013016324
CEC1_E003_S09140_L0215,87.21614343369977
CEC1_E003_S09142_L0208,82.5650230687102
CEC1_E003_S09144_L0200,85.75826217193907
CEC1_E003_S09144_L0240,87.62039441619507
CEC1_E003_S09150_L0224,34.890860466459124
CEC1_E003_S09152_L0240,62.82448425813858
CEC1_E003_S09154_L0200,62.38841379354759
CEC1_E003_S09154_L0240,71.1354708463111
CEC1_E003_S09155_L0215,87.05784494028974
CEC1_E003_S09156_L0209,86.25693208291756
CEC1_E003_S09164_L0219,84.933528028281
CEC1_E003_S09168_L0222,77.50708053439051
CEC1_E003_S09169_L0218,83.98486239967004
CEC1_E003_S09169_L0221,81.57026136322355
CEC1_E003_S09170_L0208,54.44677708546904
CEC1_E003_S09170_L0209,57.04463912960624
CEC1_E003_S09173_L0202,85.03489455915631
CEC1_E003_S09174_L0241,88.04984094782624
CEC1_E003_S09177_L0227,88.14003779453863
CEC1_E003_S09177_L0235,88.50601698082617
CEC1_E003_S09180_L0243,78.03515017575216
CEC1_E003_S09181_L0202,79.1207039934932
CEC1_E003_S09184_L0227,30.080440385209613
CEC1_E003_S09188_L0229,58.569870793527556
CEC1_E003_S09188_L0235,52.56163098271999
CEC1_E003_S09191_L0243,86.6727007430724
CEC1_E003_S09196_L0227,76.90012004878577
CEC1_E003_S09196_L0235,74.83328295169683
CEC1_E003_S09197_L0209,86.58000632137167
CEC1_E003_S09198_L0231,83.20859058694803
CEC1_E003_S09199_L0219,86.77378396816586
CEC1_E003_S09205_L0212,68.9278340047453
CEC1_E003_S09208_L0219,85.16071038738377
CEC1_E003_S09209_L0202,73.67831882936396
CEC1_E003_S09214_L0218,88.58081032882382
CEC1_E003_S09215_L0219,86.01756758607198
CEC1_E003_S09218_L0215,87.240537215813
CEC1_E003_S09224_L0241,71.64394542930839
CEC1_E003_S09227_L0229,88.25293413039861
CEC1_E003_S09227_L0242,87.46160024740578
CEC1_E003_S09229_L0222,52.01258969473852
CEC1_E003_S09231_L0242,49.94858772327762
CEC1_E003_S09236_L0218,88.21242008859365
CEC1_E003_S09236_L0221,84.99122433746298
CEC1_E003_S09238_L0208,78.29874337465513
CEC1_E003_S09238_L0209,82.51791051297606
CEC1_E003_S09240_L0218,86.12755484542431
CEC1_E003_S09242_L0218,73.91298912111007
CEC1_E003_S09245_L0215,58.33169789374507
CEC1_E003_S09246_L0200,53.92427822529648
CEC1_E003_S09248_L0227,60.309336507877696
CEC1_E003_S09248_L0241,78.89309327169792
CEC1_E003_S09250_L0201,61.932065238115264
CEC1_E003_S09251_L0202,19.5238687586514
CEC1_E003_S09253_L0221,81.03330999534721
CEC1_E003_S09255_L0243,77.35850556241377
CEC1_E003_S09257_L0236,78.70375195677425
CEC1_E003_S09258_L0243,80.38268773481902
CEC1_E003_S09259_L0222,80.5598449783764
CEC1_E003_S09261_L0241,86.36240333281691
CEC1_E003_S09262_L0212,69.10600874029404
CEC1_E003_S09262_L0221,66.76198640899719
CEC1_E003_S09264_L0212,85.54725678130455
CEC1_E003_S09265_L0208,82.2513996236665
CEC1_E003_S09267_L0222,72.05760753366198
CEC1_E003_S09270_L0201,84.7765638688227
CEC1_E003_S09271_L0215,80.50691451189671
CEC1_E003_S09272_L0201,59.26281522560016
CEC1_E003_S09273_L0229,54.47882381202762
CEC1_E003_S09274_L0212,65.44511241756165
CEC1_E003_S09275_L0218,72.36817733312216
CEC1_E003_S09276_L0218,78.89822694607676
CEC1_E003_S09278_L0208,84.21398986057261
CEC1_E003_S09278_L0209,76.5037820735257
CEC1_E003_S09281_L0217,80.66075059504757
CEC1_E003_S09282_L0222,78.76772160234356
CEC1_E003_S09284_L0218,74.51972609397794
CEC1_E003_S09284_L0221,56.12530142698746
CEC1_E003_S09286_L0243,72.78075902986681
CEC1_E003_S09288_L0224,85.47004087441238
CEC1_E003_S09290_L0222,76.7972130743517
CEC1_E003_S09291_L0243,87.46132994585066
CEC1_E003_S09296_L0243,78.36655137753085
CEC1_E003_S09297_L0217,73.48559271899023
CEC1_E003_S09298_L0215,75.6351830796507
CEC1_E003_S09306_L0212,70.43532625796145
CEC1_E003_S09306_L0221,70.69563701591512
CEC1_E003_S09308_L0208,71.20094716561557
CEC1_E003_S09311_L0240,80.69959132293442
CEC1_E003_S09312_L0218,71.39251494919134
CEC1_E003_S09314_L0224,42.16913909463542
CEC1_E003_S09315_L0218,61.77558018482396
CEC1_E003_S09315_L0221,63.40011571306225
CEC1_E003_S09320_L0208,73.04845278393853
CEC1_E003_S09325_L0229,80.21271098628462
CEC1_E003_S09325_L0235,72.32316553747478
CEC1_E003_S09329_L0222,76.09169789268576
CEC1_E003_S09331_L0217,70.98387348717898
CEC1_E003_S09332_L0222,84.36649042015186
CEC1_E003_S09333_L0240,75.07771095775902
CEC1_E003_S09338_L0242,73.38407798674706
CEC1_E003_S09339_L0200,59.34938112106909
CEC1_E003_S09341_L0219,88.11901685543424
CEC1_E003_S09342_L0208,25.523522181408868
CEC1_E003_S09343_L0243,41.61385291754003
CEC1_E003_S09345_L0227,62.92404478441224
CEC1_E003_S09345_L0235,81.65500889110248
CEC1_E003_S09356_L0241,72.0349461531166
CEC1_E003_S09359_L0229,88.14907795085573
CEC1_E003_S09359_L0242,86.63651349592467
CEC1_E003_S09360_L0224,80.53914978468805
CEC1_E003_S09361_L0235,82.23830237744937
CEC1_E003_S09362_L0243,85.8952326157174
CEC1_E003_S09363_L0242,35.18424058940959
CEC1_E003_S09365_L0208,62.388519757118246
CEC1_E003_S09366_L0229,14.165457985346686
CEC1_E003_S09366_L0235,14.421374527578884
CEC1_E003_S09367_L0227,85.05887180966312
CEC1_E003_S09367_L0241,84.68685617697014
CEC1_E003_S09370_L0222,82.29554659503913
CEC1_E003_S09379_L0241,76.59319918046698
CEC1_E003_S09380_L0219,75.72488028180756
CEC1_E003_S09382_L0201,14.209797427001442
CEC1_E003_S09386_L0202,81.51582814571634
CEC1_E003_S09387_L0202,78.70786847749898
CEC1_E003_S09391_L0202,81.37082827594779
CEC1_E003_S09395_L0240,75.66436210470145
CEC1_E003_S09396_L0224,84.33960596960281
CEC1_E003_S09397_L0215,56.16743069025075
CEC1_E003_S09398_L0219,35.68278019750249
CEC1_E003_S09400_L0209,56.615128932337605
CEC1_E003_S09402_L0227,66.70748118965122
CEC1_E003_S09402_L0241,69.91849015372583
CEC1_E003_S09406_L0231,62.01705106590709
CEC1_E003_S09407_L0218,69.36524917361385
CEC1_E003_S09407_L0221,59.248026421357956
CEC1_E003_S09411_L0241,73.35882455655833
CEC1_E003_S09413_L0218,71.74048311807196
CEC1_E003_S09413_L0221,77.40987078843821
CEC1_E003_S09424_L0212,87.46719601743298
CEC1_E003_S09426_L0202,67.91818441920478
CEC1_E003_S09427_L0231,81.47996878763885
CEC1_E003_S09428_L0241,55.66106150725442
CEC1_E003_S09436_L0229,76.23385410371674
CEC1_E003_S09436_L0242,70.73099441479947
CEC1_E003_S09438_L0201,53.42235958039661
CEC1_E003_S09441_L0212,62.09433580615398
CEC1_E003_S09446_L0231,84.68553486626404
CEC1_E003_S09448_L0243,86.73653252192548
CEC1_E003_S09450_L0224,85.46695141786299
CEC1_E003_S09451_L0224,87.14600770718735
CEC1_E003_S09452_L0227,80.71262738850139
CEC1_E003_S09452_L0241,54.80687959469598
CEC1_E003_S09453_L0202,88.46105755964324
CEC1_E003_S09454_L0229,82.82691787561238
CEC1_E003_S09454_L0242,65.2731031786495
CEC1_E003_S09455_L0231,87.3383880161875
CEC1_E003_S09460_L0229,85.7437664510108
CEC1_E003_S09460_L0242,80.82112867611
CEC1_E003_S09462_L0222,79.51064515133406
CEC1_E003_S09463_L0212,84.57284803039565
CEC1_E003_S09463_L0221,79.9755409114419
CEC1_E003_S09468_L0218,37.29776964454122
CEC1_E003_S09469_L0217,80.58300834931083
CEC1_E003_S09470_L0219,43.471254063351054
CEC1_E003_S09475_L0227,81.61840163487813
CEC1_E003_S09475_L0235,82.34112991767816
CEC1_E003_S09476_L0212,85.56711899496587
CEC1_E003_S09480_L0222,53.69021508459091
CEC1_E003_S09488_L0201,24.23212964505154
CEC1_E003_S09502_L0236,83.45783268885961
CEC1_E003_S09503_L0243,74.28202788921418
CEC1_E003_S09508_L0224,77.40830244831294
CEC1_E003_S09509_L0224,86.76441782857572
CEC1_E003_S09510_L0231,87.53555458426104
CEC1_E003_S09516_L0222,69.79572780582875
CEC1_E003_S09519_L0202,86.70238943129327
CEC1_E003_S09525_L0200,71.0408856104702
CEC1_E003_S09527_L0227,49.917804111533556
CEC1_E003_S09528_L0219,77.41612207264355
CEC1_E003_S09532_L0231,64.37881773104768
CEC1_E003_S09533_L0227,88.4107950820754
CEC1_E003_S09533_L0235,88.4745710171977
CEC1_E003_S09536_L0201,52.23921373560532
CEC1_E003_S09542_L0218,68.34029577866052
CEC1_E003_S09542_L0221,50.65644927100482
CEC1_E003_S09543_L0217,35.374690945590274
CEC1_E003_S09544_L0224,70.33000486980728
CEC1_E003_S09545_L0200,82.10455541320631
CEC1_E003_S09546_L0243,30.2762853658831
CEC1_E003_S09549_L0229,82.6524437917225
CEC1_E003_S09551_L0231,61.96101466499704
CEC1_E003_S09554_L0219,82.9418153486478
CEC1_E003_S09556_L0209,83.45306369109093
CEC1_E003_S09557_L0201,53.70463817997791
CEC1_E003_S09564_L0200,84.43689061197843
CEC1_E003_S09564_L0240,85.30672614848102
CEC1_E003_S09569_L0242,83.88065371884836
CEC1_E003_S09571_L0215,66.08502928717532
CEC1_E003_S09573_L0217,57.8468173302491
CEC1_E003_S09574_L0202,76.11856551312046
CEC1_E003_S09577_L0219,78.33861027892364
CEC1_E003_S09580_L0202,60.27405338241351
CEC1_E003_S09581_L0231,86.42942081681822
CEC1_E003_S09586_L0219,72.97693732882756
CEC1_E003_S09590_L0231,83.7715115618555
CEC1_E003_S09593_L0229,85.02406212212453
CEC1_E003_S09593_L0242,82.48699087234193
CEC1_E003_S09595_L0209,69.50141328898616
CEC1_E003_S09596_L0200,81.30427725296514
CEC1_E003_S09596_L0240,84.05176234747634
CEC1_E003_S09605_L0212,78.51275799576847
CEC1_E003_S09605_L0221,76.82203084846849
CEC1_E003_S09606_L0200,50.39052418865139
CEC1_E003_S09606_L0240,49.19566768231653
CEC1_E003_S09611_L0217,82.81441049456879
CEC1_E003_S09613_L0202,87.74177531198664
CEC1_E003_S09615_L0242,83.45367308059954
CEC1_E003_S09616_L0243,67.90589319012982
CEC1_E003_S09618_L0201,52.3609134299262
CEC1_E003_S09619_L0209,52.35132677336763
CEC1_E003_S09620_L0236,65.12648054301908
CEC1_E003_S09621_L0243,85.43906936180844
CEC1_E003_S09625_L0236,72.13133213303243
CEC1_E003_S09626_L0208,73.51242064080671
CEC1_E003_S09628_L0215,86.17035992996603
CEC1_E003_S09629_L0241,88.4718589677319
CEC1_E003_S09631_L0240,22.07027022767471
CEC1_E003_S09637_L0236,63.58296157626623
CEC1_E003_S09641_L0217,88.3364121617243
CEC1_E003_S09643_L0236,74.23953613264145
CEC1_E003_S09646_L0227,64.27323056358533
CEC1_E003_S09646_L0241,63.47120978982742
CEC1_E003_S09649_L0227,66.46730067999104
CEC1_E003_S09649_L0241,68.8455695340472
CEC1_E003_S09652_L0227,77.90664737736564
CEC1_E003_S09652_L0241,81.55116628434503
CEC1_E003_S09655_L0202,30.88038126279427
CEC1_E003_S09658_L0222,53.420576051033336
CEC1_E003_S09663_L0202,78.96995428215762
CEC1_E003_S09666_L0224,85.22457456781532
CEC1_E003_S09669_L0202,86.45557769965987
CEC1_E003_S09670_L0241,88.38652739089027
CEC1_E003_S09671_L0243,83.32997470027647
CEC1_E003_S09676_L0217,80.14878646172632
CEC1_E003_S09677_L0209,71.03348132216946
CEC1_E003_S09678_L0222,72.87571784102435
CEC1_E003_S09681_L0217,67.60599713389715
CEC1_E003_S09684_L0242,18.685316417267796
CEC1_E003_S09689_L0222,87.76430844287101
CEC1_E003_S09691_L0243,47.790048057161094
CEC1_E003_S09693_L0201,87.30199166831977
CEC1_E003_S09702_L0218,79.10372979356927
CEC1_E003_S09704_L0243,87.6591788231829
CEC1_E003_S09707_L0241,30.73978320882062
CEC1_E003_S09710_L0227,41.44421214243215
CEC1_E003_S09710_L0241,46.942979192855596
CEC1_E003_S09714_L0201,85.23992610778888
CEC1_E003_S09715_L0202,73.88253966527573
CEC1_E003_S09716_L0217,82.28068990430472
CEC1_E003_S09717_L0212,50.263259004391585
CEC1_E003_S09717_L0221,26.689519003442
CEC1_E003_S09719_L0208,59.82581972663281
CEC1_E003_S09719_L0209,53.79900477382683
CEC1_E003_S09722_L0231,79.5202333839587
CEC1_E003_S09733_L0200,69.82552832136359
CEC1_E003_S09740_L0241,85.45550627635987
CEC1_E003_S09753_L0208,51.22192412510025
CEC1_E003_S09754_L0208,62.84088321380528
CEC1_E003_S09754_L0209,59.86584507098004
CEC1_E003_S09755_L0243,84.33225716639186
CEC1_E003_S09759_L0217,50.5987891497781
CEC1_E003_S09760_L0200,88.63193707034146
CEC1_E003_S09760_L0240,88.54213682399144
CEC1_E003_S09761_L0243,56.55665623524348
CEC1_E003_S09762_L0236,87.806220221342
CEC1_E003_S09765_L0217,66.92321606724404
CEC1_E003_S09767_L0222,84.82585912088511
CEC1_E003_S09776_L0236,88.28901835754625
CEC1_E003_S09777_L0218,84.15284745013773
CEC1_E003_S09777_L0221,73.70282867297799
CEC1_E003_S09778_L0236,70.03073307684188
CEC1_E003_S09780_L0212,86.36190672322871
CEC1_E003_S09780_L0221,84.41237413554241
CEC1_E003_S09788_L0224,48.11684834932097
CEC1_E003_S09790_L0229,81.94402918394532
CEC1_E003_S09790_L0242,58.25710728215719
CEC1_E003_S09791_L0200,43.63236866944946
CEC1_E003_S09791_L0240,38.255102642922246
CEC1_E003_S09793_L0227,50.00097705710279
CEC1_E003_S09793_L0235,50.62225764543217
CEC1_E003_S09797_L0229,86.10219059926281
CEC1_E003_S09797_L0242,80.7053864779902
CEC1_E003_S09799_L0208,64.64081565271594
CEC1_E003_S09802_L0208,87.71010979467981
CEC1_E003_S09803_L0231,87.65252771634586
CEC1_E003_S09805_L0202,83.4360055691208
CEC1_E003_S09805_L0231,77.92044893236697
CEC1_E003_S09811_L0224,79.4098179252492
CEC1_E003_S09812_L0240,52.274371306527755
CEC1_E003_S09816_L0224,83.2538586125159
CEC1_E003_S09818_L0208,76.77935240256032
CEC1_E003_S09818_L0209,71.64584385533706
CEC1_E003_S09819_L0201,59.823756366732376
CEC1_E003_S09823_L0242,73.86835412359943
CEC1_E003_S09824_L0201,80.6509717734215
CEC1_E003_S09827_L0217,86.61041042125059
CEC1_E003_S09828_L0229,84.4220210527133
CEC1_E003_S09828_L0242,65.27417221396247
CEC1_E003_S09830_L0231,85.63221028862623
CEC1_E003_S09831_L0229,82.73091431407249
CEC1_E003_S09831_L0242,72.81469044320451
CEC1_E003_S09833_L0224,70.00278241903581
CEC1_E003_S09834_L0217,17.036950331261036
CEC1_E003_S09837_L0202,74.68281897037063
CEC1_E003_S09841_L0215,27.543709429149477
CEC1_E003_S09842_L0222,81.67448284961259
CEC1_E003_S09844_L0227,68.83551901830405
CEC1_E003_S09844_L0235,66.60715014687366
CEC1_E003_S09852_L0227,44.093396230424005
CEC1_E003_S09852_L0241,70.82229629704504
CEC1_E003_S09856_L0217,78.58145785568419
CEC1_E003_S09857_L0202,72.4453656758631
CEC1_E003_S09860_L0229,72.36419253122428
CEC1_E003_S09860_L0235,64.96430691738577
CEC1_E003_S09861_L0209,62.910868826784146
CEC1_E003_S09862_L0241,88.10576451839252
CEC1_E003_S09864_L0231,69.6820497514505
CEC1_E003_S09865_L0229,62.815016031935016
CEC1_E003_S09865_L0235,67.90592307763933
CEC1_E003_S09866_L0218,76.45063092894638
CEC1_E003_S09870_L0224,84.5095035809173
CEC1_E003_S09876_L0215,76.43371998903427
CEC1_E003_S09877_L0209,73.94573373099423
CEC1_E003_S09879_L0229,84.1448375059946
CEC1_E003_S09879_L0242,81.05816839234733
CEC1_E003_S09881_L0217,79.78354473931007
CEC1_E003_S09884_L0229,76.46424283514435
CEC1_E003_S09884_L0235,77.33671814596549
CEC1_E003_S09889_L0200,88.60689653656375
CEC1_E003_S09889_L0240,88.44240556156466
CEC1_E003_S09891_L0201,56.166703739081555
CEC1_E003_S09891_L0215,60.88453645171117
CEC1_E003_S09892_L0229,64.90611174876462
CEC1_E003_S09892_L0235,53.020120977839134
CEC1_E003_S09895_L0224,83.8879204429265
CEC1_E003_S09899_L0242,84.57812109492752
CEC1_E003_S09900_L0215,65.54729796171682
CEC1_E003_S09903_L0201,36.99199383393932
CEC1_E003_S09904_L0227,68.04551395922421
CEC1_E003_S09904_L0235,64.13085263155466
CEC1_E003_S09907_L0241,68.57085428161237
CEC1_E003_S09908_L0200,87.05110816180847
CEC1_E003_S09911_L0209,66.87864314918274
CEC1_E003_S09913_L0243,84.02525212075366
CEC1_E003_S09915_L0243,86.54259908288716
CEC1_E003_S09919_L0236,85.81894676001858
CEC1_E003_S09920_L0212,70.17924897399769
CEC1_E003_S09922_L0224,15.509148121073917
CEC1_E003_S09925_L0236,46.82758428444954
CEC1_E003_S09935_L0212,83.59139221571988
CEC1_E003_S09935_L0221,84.2805924611193
CEC1_E003_S09936_L0222,60.89251341170916
CEC1_E003_S09941_L0236,86.01076322679987
CEC1_E003_S09945_L0200,68.82851228580144
CEC1_E003_S09946_L0224,70.83818754910301
CEC1_E003_S09951_L0219,80.85262159389146
CEC1_E003_S09952_L0202,88.19277402973644
CEC1_E003_S09960_L0201,50.38898984676242
CEC1_E003_S09961_L0224,66.78319812308379
CEC1_E003_S09964_L0240,88.23377129706832
CEC1_E003_S09972_L0215,68.81621339719517
CEC1_E003_S09977_L0229,83.70092337497216
CEC1_E003_S09977_L0242,74.96883370578914
CEC1_E003_S09978_L0224,83.9178208216012
CEC1_E003_S09981_L0201,82.36586523573192
CEC1_E003_S09983_L0209,85.94304324189551
CEC1_E003_S09984_L0231,40.59621178107277
CEC1_E003_S09985_L0218,67.87374758681544
CEC1_E003_S09985_L0221,65.34572591694946
CEC1_E003_S09988_L0227,60.888250627832235
CEC1_E003_S09990_L0201,61.00006623873875
CEC1_E003_S09991_L0200,87.50681664664661
CEC1_E003_S09991_L0240,86.84320140769142
CEC1_E003_S09999_L0219,85.50986174655783
CEC1_E003_S10000_L0208,75.28446799733405
CEC1_E003_S10000_L0209,63.69239865728618
CEC1_E005_S08510_L0202,24.64366359407861
CEC1_E005_S08511_L0243,39.02076385176131
CEC1_E005_S08512_L0201,21.059265468565453
CEC1_E005_S08515_L0218,11.397043214626526
CEC1_E005_S08515_L0221,11.47695051824992
CEC1_E005_S08520_L0200,12.121684694892945
CEC1_E005_S08523_L0201,15.551753103411126
CEC1_E005_S08529_L0200,18.301764020879418
CEC1_E005_S08532_L0209,10.892348572970953
CEC1_E005_S08537_L0243,16.41667112580031
CEC1_E005_S08540_L0227,11.76607752700819
CEC1_E005_S08540_L0235,11.153212569416642
CEC1_E005_S08546_L0201,11.239260525898183
CEC1_E005_S08547_L0202,15.204385245594766
CEC1_E005_S08554_L0241,23.692951128267083
CEC1_E005_S08558_L0236,20.57374492875413
CEC1_E005_S08564_L0227,16.961582674702747
CEC1_E005_S08564_L0235,14.670930370909124
CEC1_E005_S08566_L0215,15.469624105951677
CEC1_E005_S08569_L0224,32.06784052847671
CEC1_E005_S08573_L0217,18.977054315496634
CEC1_E005_S08574_L0227,18.77698076539959
CEC1_E005_S08574_L0235,22.225826140652913
CEC1_E005_S08575_L0212,13.133205084225478
CEC1_E005_S08575_L0221,12.804102208759343
CEC1_E005_S08576_L0243,26.072039459803563
CEC1_E005_S08582_L0217,24.424853570761243
CEC1_E005_S08586_L0227,13.06279955580851
CEC1_E005_S08586_L0229,13.528794310492342
CEC1_E005_S08587_L0224,13.03446166290615
CEC1_E005_S08592_L0231,12.669676093478598
CEC1_E005_S08593_L0227,14.770017744389467
CEC1_E005_S08593_L0241,14.403283642668873
CEC1_E005_S08594_L0240,13.046879111106525
CEC1_E005_S08600_L0236,20.73283297418888
CEC1_E005_S08603_L0236,64.9803775140409
CEC1_E005_S08605_L0215,14.95513610757698
CEC1_E005_S08606_L0218,19.708732114419167
CEC1_E005_S08613_L0201,13.260207220621801
CEC1_E005_S08614_L0215,37.316528009758784
CEC1_E005_S08615_L0217,12.17313465831688
CEC1_E005_S08616_L0202,13.07814053767789
CEC1_E005_S08624_L0227,19.832419758636888
CEC1_E005_S08624_L0241,19.260971917089844
CEC1_E005_S08627_L0224,16.281445892037205
CEC1_E005_S08628_L0219,34.24963070378552
CEC1_E005_S08633_L0215,49.940885100688305
CEC1_E005_S08636_L0219,33.60567796376149
CEC1_E005_S08637_L0224,17.690370501394167
CEC1_E005_S08645_L0212,13.695913674480305
CEC1_E005_S08645_L0221,13.41099785695633
CEC1_E005_S08648_L0224,11.969222507928787
CEC1_E005_S08649_L0222,19.128745802805806
CEC1_E005_S08651_L0217,14.9067345101419
CEC1_E005_S08652_L0224,33.834302039425694
CEC1_E005_S08653_L0200,15.576495012493417
CEC1_E005_S08655_L0215,20.57788361781953
CEC1_E005_S08656_L0217,11.221422619821542
CEC1_E005_S08657_L0201,11.761692748143684
CEC1_E005_S08658_L0202,14.171855275953785
CEC1_E005_S08660_L0200,21.002984268869223
CEC1_E005_S08660_L0240,18.67416416076225
CEC1_E005_S08664_L0208,12.805027700231717
CEC1_E005_S08667_L0227,11.370495281228754
CEC1_E005_S08667_L0235,11.090168304623548
CEC1_E005_S08668_L0229,21.223818868649747
CEC1_E005_S08674_L0241,36.88462910485868
CEC1_E005_S08681_L0202,15.31965432245793
CEC1_E005_S08682_L0208,12.023813211068216
CEC1_E005_S08683_L0218,12.450697229993612
CEC1_E005_S08685_L0212,18.814867592890007
CEC1_E005_S08685_L0221,20.859551926004286
CEC1_E005_S08688_L0231,12.100618193893904
CEC1_E005_S08690_L0236,13.372918954474427
CEC1_E005_S08691_L0215,16.50965245677529
CEC1_E005_S08693_L0215,15.34486415792193
CEC1_E005_S08697_L0202,34.66524979395575
CEC1_E005_S08702_L0242,15.084254065555232
CEC1_E005_S08703_L0243,17.951596211290806
CEC1_E005_S08707_L0217,12.619829979037304
CEC1_E005_S08710_L0219,14.235534847455414
CEC1_E005_S08713_L0201,11.2428674312175
CEC1_E005_S08714_L0222,33.517646689526316
CEC1_E005_S08717_L0222,12.047775307737483
CEC1_E005_S08719_L0227,10.994516485193774
CEC1_E005_S08719_L0241,10.94791680893887
CEC1_E005_S08722_L0201,21.753000329020438
CEC1_E005_S08723_L0229,46.30660534088986
CEC1_E005_S08723_L0242,42.99445546742522
CEC1_E005_S08725_L0208,11.033148603396997
CEC1_E005_S08725_L0209,10.925741039995502
CEC1_E005_S08732_L0212,42.13479120677435
CEC1_E005_S08735_L0201,11.139552232733223
CEC1_E005_S08739_L0222,12.591037550681914
CEC1_E005_S08742_L0243,29.58139256442373
CEC1_E005_S08743_L0224,43.96859726425287
CEC1_E005_S08745_L0241,14.740487965400002
CEC1_E005_S08750_L0224,21.079291895829623
CEC1_E005_S08751_L0243,14.607965113349033
CEC1_E005_S08752_L0231,15.281909283669329
CEC1_E005_S08756_L0222,11.644835871032415
CEC1_E005_S08761_L0227,63.01689065107727
CEC1_E005_S08761_L0235,57.97248082306089
CEC1_E005_S08765_L0229,17.9984308282818
CEC1_E005_S08765_L0242,13.745459136642346
CEC1_E005_S08766_L0242,13.758926894587715
CEC1_E005_S08767_L0229,22.821684726227655
CEC1_E005_S08767_L0235,23.619776977044403
CEC1_E005_S08771_L0218,30.03761527285418
CEC1_E005_S08771_L0221,21.724784890532078
CEC1_E005_S08778_L0227,20.45156785540832
CEC1_E005_S08778_L0241,21.474270956693942
CEC1_E005_S08779_L0227,40.31809701298134
CEC1_E005_S08779_L0241,39.40090307875112
CEC1_E005_S08780_L0227,45.72913377411
CEC1_E005_S08780_L0235,53.338732837096636
CEC1_E005_S08781_L0242,14.404530979193071
CEC1_E005_S08782_L0219,14.517134159232736
CEC1_E005_S08786_L0209,37.881746536175555
CEC1_E005_S08789_L0218,12.14464689605667
CEC1_E005_S08790_L0212,21.101180090183412
CEC1_E005_S08790_L0221,19.88450825855907
CEC1_E005_S08791_L0212,29.39574404555032
CEC1_E005_S08793_L0208,17.461679584183667
CEC1_E005_S08795_L0212,26.581587812505983
CEC1_E005_S08795_L0221,18.770253949884278
CEC1_E005_S08798_L0243,14.335772303691554
CEC1_E005_S08800_L0219,19.63449283537816
CEC1_E005_S08804_L0227,11.459391134659379
CEC1_E005_S08804_L0229,11.480632588322251
CEC1_E005_S08804_L0235,11.326093839340203
CEC1_E005_S08804_L0241,11.34540743337466
CEC1_E005_S08806_L0202,12.146135960220214
CEC1_E005_S08806_L0231,11.994961623649644
CEC1_E005_S08808_L0236,39.01369227714115
CEC1_E005_S08810_L0227,20.952860096494216
CEC1_E005_S08810_L0241,20.393240416789705
CEC1_E005_S08815_L0218,13.644587969284258
CEC1_E005_S08815_L0221,11.952780810185992
CEC1_E005_S08816_L0217,13.905515121380573
CEC1_E005_S08817_L0219,13.350189964651786
CEC1_E005_S08818_L0236,17.97121925392743
CEC1_E005_S08820_L0227,19.641459657937293
CEC1_E005_S08820_L0241,19.525268254583835
CEC1_E005_S08821_L0212,17.58541759510195
CEC1_E005_S08821_L0221,16.657420274116134
CEC1_E005_S08823_L0221,15.31094457462251
CEC1_E005_S08824_L0229,16.92923261204076
CEC1_E005_S08824_L0235,17.616357285207886
CEC1_E005_S08825_L0209,17.031971338859147
CEC1_E005_S08829_L0231,30.034913503080233
CEC1_E005_S08831_L0243,34.77125963386366
CEC1_E005_S08833_L0209,30.617362765063476
CEC1_E005_S08836_L0209,12.13824247366991
CEC1_E005_S08837_L0219,66.17949930166337
CEC1_E005_S08838_L0215,11.268024760810743
CEC1_E005_S08843_L0217,15.650376491989626
CEC1_E005_S08846_L0235,23.339438550814844
CEC1_E005_S08847_L0217,13.74141123257088
CEC1_E005_S08853_L0224,17.070390141602076
CEC1_E005_S08855_L0222,17.74967221581416
CEC1_E005_S08858_L0217,26.553243045214767
CEC1_E005_S08861_L0218,16.199052264295208
CEC1_E005_S08861_L0221,13.465632786695135
CEC1_E005_S08862_L0208,13.145709634721674
CEC1_E005_S08862_L0209,12.134831544892272
CEC1_E005_S08867_L0201,13.33727115021826
CEC1_E005_S08869_L0229,16.93189192494226
CEC1_E005_S08869_L0235,16.98711733181
CEC1_E005_S08870_L0217,38.79035470164286
CEC1_E005_S08871_L0201,13.939590547818419
CEC1_E005_S08872_L0224,19.40236495786949
CEC1_E005_S08873_L0224,22.4974792419404
CEC1_E005_S08874_L0219,14.748546436619337
CEC1_E005_S08875_L0202,17.327753950004652
CEC1_E005_S08879_L0208,12.977790956151834
CEC1_E005_S08879_L0209,12.663898396196368
CEC1_E005_S08883_L0201,25.467748321989703
CEC1_E005_S08887_L0241,11.071664748134395
CEC1_E005_S08888_L0200,33.19970731505566
CEC1_E005_S08888_L0240,37.28562216602391
CEC1_E005_S08889_L0212,14.540062994185957
CEC1_E005_S08891_L0201,41.48034593259209
CEC1_E005_S08894_L0202,14.203444199069715
CEC1_E005_S08895_L0222,12.155703555756167
CEC1_E005_S08897_L0215,13.726217471960377
CEC1_E005_S08899_L0215,16.022747753593862
CEC1_E005_S08901_L0218,72.24710176047905
CEC1_E005_S08903_L0224,11.048981428216225
CEC1_E005_S08905_L0240,19.57451528054728
CEC1_E005_S08908_L0212,13.991153208219767
CEC1_E005_S08908_L0221,13.243498954249564
CEC1_E005_S08911_L0219,18.619704989097293
CEC1_E005_S08916_L0222,27.31511354702306
CEC1_E005_S08919_L0240,11.093370282447767
CEC1_E005_S08920_L0236,16.089922511135796
CEC1_E005_S08922_L0222,15.353657872784169
CEC1_E005_S08923_L0222,41.68513222512527
CEC1_E005_S08929_L0219,19.175394935791047
CEC1_E005_S08931_L0208,23.47765647864505
CEC1_E005_S08931_L0209,19.129007165604456
CEC1_E005_S08934_L0231,11.815892698599415
CEC1_E005_S08936_L0209,31.46111193263391
CEC1_E005_S08939_L0202,26.616407971223257
CEC1_E005_S08940_L0208,30.05223471953727
CEC1_E005_S08940_L0209,29.15770273671706
CEC1_E005_S08941_L0229,29.08422447677809
CEC1_E005_S08941_L0235,29.238970399505465
CEC1_E005_S08942_L0231,15.770796182136163
CEC1_E005_S08943_L0242,11.76961299825726
CEC1_E005_S08949_L0200,23.553559537483682
CEC1_E005_S08949_L0240,17.54136962921271
CEC1_E005_S08950_L0200,39.87791011444418
CEC1_E005_S08950_L0240,56.834035506167595
CEC1_E005_S08952_L0217,14.010846938231504
CEC1_E005_S08955_L0212,15.543345685693126
CEC1_E005_S08955_L0221,13.780931243745592
CEC1_E005_S08956_L0209,13.977351141834596
CEC1_E005_S08958_L0212,30.12566032083615
CEC1_E005_S08959_L0241,12.82319758367707
CEC1_E005_S08960_L0243,16.071156074239145
CEC1_E005_S08961_L0231,12.046704617894248
CEC1_E005_S08962_L0240,16.11598790217902
CEC1_E005_S08967_L0243,16.62080368784792
CEC1_E005_S08973_L0229,13.92462094921991
CEC1_E005_S08973_L0242,11.21178340565226
CEC1_E005_S08974_L0231,29.638482814062986
CEC1_E005_S08976_L0229,12.698637982458441
CEC1_E005_S08976_L0235,12.5018580053315
CEC1_E005_S08977_L0219,12.888074341473335
CEC1_E005_S08979_L0227,25.298202747668174
CEC1_E005_S08979_L0235,27.67337504405204
CEC1_E005_S08980_L0209,13.25869334147447
CEC1_E005_S08983_L0236,13.632672503527054
CEC1_E005_S08987_L0229,16.418756007857052
CEC1_E005_S08987_L0235,16.165790939804065
CEC1_E005_S08992_L0224,10.977741110305127
CEC1_E005_S08993_L0212,12.294876899206905
CEC1_E005_S08997_L0218,33.28008534329572
CEC1_E005_S08997_L0221,32.31990466382848
CEC1_E005_S08998_L0218,29.709411784905782
CEC1_E005_S09000_L0201,44.027392386288646
CEC1_E005_S09006_L0231,10.697233248904212
CEC1_E005_S09009_L0224,23.937799126466622
CEC1_E005_S09011_L0231,38.97397224501063
CEC1_E005_S09013_L0243,48.026521295097304
CEC1_E005_S09017_L0202,11.14320991430563
CEC1_E005_S09018_L0217,44.33106167695238
CEC1_E005_S09021_L0212,12.822857207366917
CEC1_E005_S09028_L0218,16.8255213865767
CEC1_E005_S09028_L0221,16.315172059412298
CEC1_E005_S09029_L0231,28.091291800186305
CEC1_E005_S09030_L0219,12.034427229577618
CEC1_E005_S09039_L0218,14.397564225279075
CEC1_E005_S09040_L0200,12.448798471207827
CEC1_E005_S09044_L0201,12.933927457953883
CEC1_E005_S09046_L0215,19.925616885297178
CEC1_E005_S09047_L0218,20.85045534711407
CEC1_E005_S09049_L0202,36.44790149209709
CEC1_E005_S09051_L0208,16.019319511875647
CEC1_E005_S09051_L0209,16.849388306026594
CEC1_E005_S09052_L0200,14.39315143381046
CEC1_E005_S09052_L0240,11.38457632068843
CEC1_E005_S09054_L0227,12.340532057237805
CEC1_E005_S09057_L0218,13.149570421293138
CEC1_E005_S09061_L0219,57.80800690537436
CEC1_E005_S09065_L0202,13.174184276076543
CEC1_E005_S09067_L0229,13.219796480254912
CEC1_E005_S09067_L0242,12.233175122228474
CEC1_E005_S09069_L0208,42.839411892220255
CEC1_E005_S09069_L0209,37.188120324614104
CEC1_E005_S09070_L0224,35.57691172711327
CEC1_E005_S09071_L0217,17.224911773556883
CEC1_E005_S09073_L0212,56.547822666777705
CEC1_E005_S09076_L0215,79.19764391917391
CEC1_E005_S09080_L0200,27.228379629671554
CEC1_E005_S09082_L0215,11.996243214915822
CEC1_E005_S09086_L0224,11.241643369305523
CEC1_E005_S09088_L0227,11.274956123559699
CEC1_E005_S09088_L0235,11.18930920731692
CEC1_E005_S09089_L0240,19.028483389380714
CEC1_E005_S09091_L0208,38.48186192851267
CEC1_E005_S09092_L0212,26.36844105507538
CEC1_E005_S09095_L0236,48.00685866369131
CEC1_E005_S09100_L0241,27.332717006245918
CEC1_E005_S09101_L0208,53.78550134950306
CEC1_E005_S09101_L0209,52.379010757772946
CEC1_E005_S09106_L0208,16.183085917373305
CEC1_E005_S09107_L0202,22.31984115223775
CEC1_E005_S09109_L0231,18.21225285629971
CEC1_E005_S09111_L0236,32.57561608230547
CEC1_E005_S09118_L0219,46.02046945643701
CEC1_E005_S09128_L0212,13.01063325592786
CEC1_E005_S09128_L0221,12.923853550596004
CEC1_E005_S09132_L0222,27.700446867918735
CEC1_E005_S09135_L0218,35.11443353899127
CEC1_E005_S09137_L0236,12.620346176921995
CEC1_E005_S09140_L0227,55.391007330945506
CEC1_E005_S09140_L0235,46.05243731296866
CEC1_E005_S09142_L0219,15.492859325470748
CEC1_E005_S09150_L0200,11.985960656492127
CEC1_E005_S09155_L0229,32.62329813941423
CEC1_E005_S09155_L0235,32.950699282360226
CEC1_E005_S09156_L0222,14.0371325069083
CEC1_E005_S09158_L0215,29.68425960230793
CEC1_E005_S09168_L0231,31.576488667040874
CEC1_E005_S09169_L0201,15.813654554551992
CEC1_E005_S09170_L0222,18.57608852036462
CEC1_E005_S09172_L0215,34.24055574833395
CEC1_E005_S09174_L0242,45.007145634102805
CEC1_E005_S09175_L0212,15.802622227520065
CEC1_E005_S09177_L0217,17.523038670049274
CEC1_E005_S09178_L0218,25.205349981859772
CEC1_E005_S09178_L0221,32.843424388854395
CEC1_E005_S09180_L0208,14.862713236111793
CEC1_E005_S09186_L0208,26.942990920382204
CEC1_E005_S09188_L0217,11.354341465871103
CEC1_E005_S09191_L0208,23.400410322045087
CEC1_E005_S09192_L0215,16.577795423138056
CEC1_E005_S09196_L0217,11.182198411310404
CEC1_E005_S09197_L0222,32.083975649091244
CEC1_E005_S09198_L0224,27.40222570775698
CEC1_E005_S09199_L0202,65.93927491852197
CEC1_E005_S09203_L0229,11.217537580513124
CEC1_E005_S09203_L0235,11.047556058441899
CEC1_E005_S09205_L0215,12.874437083266924
CEC1_E005_S09208_L0202,11.61905922502542
CEC1_E005_S09209_L0240,25.984286549511477
CEC1_E005_S09215_L0202,14.711752364707287
CEC1_E005_S09218_L0227,28.506493464883913
CEC1_E005_S09218_L0235,29.917782520461987
CEC1_E005_S09219_L0222,37.80909691826054
CEC1_E005_S09224_L0235,18.676067087475
CEC1_E005_S09228_L0224,12.937501639963513
CEC1_E005_S09229_L0231,17.23682218428564
CEC1_E005_S09231_L0236,16.85423914092398
CEC1_E005_S09234_L0218,14.345627811633772
CEC1_E005_S09234_L0221,13.721118437414143
CEC1_E005_S09236_L0201,58.97863062888815
CEC1_E005_S09238_L0222,19.213503095016847
CEC1_E005_S09243_L0236,53.499025780859455
CEC1_E005_S09245_L0227,14.501924403998252
CEC1_E005_S09245_L0235,12.643123084862038
CEC1_E005_S09246_L0218,12.29075033148496
CEC1_E005_S09248_L0242,20.73592627223053
CEC1_E005_S09250_L0227,12.225090352237373
CEC1_E005_S09250_L0241,12.29454783323802
CEC1_E005_S09255_L0208,11.032205107421158
CEC1_E005_S09257_L0208,10.80476431495286
CEC1_E005_S09257_L0209,10.752225354353877
CEC1_E005_S09258_L0208,13.483664377383807
CEC1_E005_S09259_L0231,34.68638667360408
CEC1_E005_S09261_L0229,12.233944316830627
CEC1_E005_S09261_L0242,15.44325968848425
CEC1_E005_S09262_L0201,16.278628657891634
CEC1_E005_S09264_L0215,25.318773325474048
CEC1_E005_S09265_L0219,32.41790060265019
CEC1_E005_S09267_L0231,14.508470132238196
CEC1_E005_S09270_L0241,32.66877800501731
CEC1_E005_S09271_L0227,21.73847162837439
CEC1_E005_S09271_L0235,16.260504772411707
CEC1_E005_S09272_L0227,47.21798667389526
CEC1_E005_S09272_L0241,46.596107263267264
CEC1_E005_S09274_L0215,11.435064359192491
CEC1_E005_S09277_L0219,12.656692195873646
CEC1_E005_S09278_L0222,12.330183395675887
CEC1_E005_S09280_L0219,18.93929095753826
CEC1_E005_S09281_L0236,41.01641562181321
CEC1_E005_S09282_L0231,23.73437245586113
CEC1_E005_S09284_L0201,39.837247167982426
CEC1_E005_S09288_L0200,22.90606702554275
CEC1_E005_S09290_L0231,10.76547196884927
CEC1_E005_S09297_L0236,17.456423476637504
CEC1_E005_S09298_L0229,12.882953817803202
CEC1_E005_S09298_L0235,12.485971361970055
CEC1_E005_S09304_L0209,50.95701043044995
CEC1_E005_S09306_L0201,15.041640305149913
CEC1_E005_S09308_L0219,17.764289863809974
CEC1_E005_S09314_L0200,12.442786952476949
CEC1_E005_S09315_L0201,15.313487314151432
CEC1_E005_S09317_L0212,13.954821998943311
CEC1_E005_S09319_L0219,18.69456580922179
CEC1_E005_S09320_L0219,13.212377326353735
CEC1_E005_S09325_L0217,21.375828662915783
CEC1_E005_S09329_L0231,13.97901632814906
CEC1_E005_S09331_L0236,38.97152832140482
CEC1_E005_S09332_L0231,15.172634966510781
CEC1_E005_S09338_L0236,16.0648628445979
CEC1_E005_S09339_L0218,11.879158029742737
CEC1_E005_S09341_L0202,12.341299847861393
CEC1_E005_S09342_L0219,11.701584860331394
CEC1_E005_S09345_L0217,11.537314756405273
CEC1_E005_S09346_L0224,21.156193643078854
CEC1_E005_S09350_L0243,12.612956311867373
CEC1_E005_S09351_L0243,11.3704339617418
CEC1_E005_S09352_L0243,16.72395453375425
CEC1_E005_S09356_L0229,18.09147936283245
CEC1_E005_S09356_L0242,18.5994903331278
CEC1_E005_S09360_L0200,15.559467829062992
CEC1_E005_S09361_L0242,11.385295084413729
CEC1_E005_S09363_L0236,12.12696951963012
CEC1_E005_S09364_L0208,20.7814184107015
CEC1_E005_S09365_L0219,12.937328903567327
CEC1_E005_S09366_L0217,11.143906559405531
CEC1_E005_S09367_L0242,11.51837319527433
CEC1_E005_S09370_L0231,11.867994714800817
CEC1_E005_S09378_L0218,15.345632663374467
CEC1_E005_S09378_L0221,13.156047594292987
CEC1_E005_S09379_L0229,11.046616654492798
CEC1_E005_S09379_L0242,11.640819301372627
CEC1_E005_S09380_L0202,11.74891526053621
CEC1_E005_S09382_L0241,11.854301762174304
CEC1_E005_S09385_L0215,31.551409506301983
CEC1_E005_S09385_L0241,37.122265246509436
CEC1_E005_S09386_L0240,14.98000337811006
CEC1_E005_S09387_L0240,10.814544262843896
CEC1_E005_S09396_L0200,20.123144441730147
CEC1_E005_S09397_L0229,20.741841609165796
CEC1_E005_S09397_L0235,24.478543925856272
CEC1_E005_S09398_L0202,23.675546076196504
CEC1_E005_S09402_L0242,15.551860441065156
CEC1_E005_S09406_L0224,11.672325633733461
CEC1_E005_S09407_L0201,16.53045886223408
CEC1_E005_S09411_L0229,13.791037992111054
CEC1_E005_S09411_L0242,12.470828084523175
CEC1_E005_S09413_L0201,33.86293455573645
CEC1_E005_S09423_L0212,11.680486150334215
CEC1_E005_S09424_L0215,32.71692867750889
CEC1_E005_S09426_L0240,16.171502349943175
CEC1_E005_S09427_L0202,41.40836937447446
CEC1_E005_S09428_L0229,11.808671198447632
CEC1_E005_S09428_L0242,11.892558310100545
CEC1_E005_S09429_L0218,12.758308081911464
CEC1_E005_S09429_L0221,11.737402025146785
CEC1_E005_S09438_L0241,29.723511175729445
CEC1_E005_S09446_L0202,11.868814099873681
CEC1_E005_S09450_L0200,12.505628081171501
CEC1_E005_S09450_L0240,11.398262808363564
CEC1_E005_S09451_L0200,12.62241858478172
CEC1_E005_S09452_L0242,13.515925376081515
CEC1_E005_S09455_L0224,12.178391384164449
CEC1_E005_S09459_L0224,18.18630347589959
CEC1_E005_S09462_L0231,13.479610980567154
CEC1_E005_S09463_L0201,25.96750081405512
CEC1_E005_S09470_L0202,13.333087207737954
CEC1_E005_S09474_L0243,38.510011387615016
CEC1_E005_S09475_L0217,25.275991482065482
CEC1_E005_S09476_L0215,12.2396198776972
CEC1_E005_S09480_L0231,11.47045626101036
CEC1_E005_S09482_L0215,11.295000399089234
CEC1_E005_S09483_L0243,12.286181651540685
CEC1_E005_S09485_L0212,34.61731949195345
CEC1_E005_S09488_L0241,10.86565582341619
CEC1_E005_S09500_L0215,11.013391868340886
CEC1_E005_S09502_L0209,12.652316285360216
CEC1_E005_S09508_L0200,11.979017986777773
CEC1_E005_S09509_L0200,47.206016643136586
CEC1_E005_S09509_L0240,25.628002822876915
CEC1_E005_S09510_L0202,38.90866715862375
CEC1_E005_S09514_L0243,47.90463530678208
CEC1_E005_S09516_L0231,42.49199559404066
CEC1_E005_S09520_L0218,21.904762032860834
CEC1_E005_S09520_L0221,18.683649570150568
CEC1_E005_S09525_L0218,14.751959026256804
CEC1_E005_S09529_L0215,11.32678597592292
CEC1_E005_S09532_L0202,11.621381374493376
CEC1_E005_S09533_L0217,26.92016403431928
CEC1_E005_S09536_L0227,14.0157149117081
CEC1_E005_S09536_L0241,14.135306730201291
CEC1_E005_S09538_L0217,45.013919222755916
CEC1_E005_S09540_L0224,25.47307995469772
CEC1_E005_S09542_L0201,15.775213161914346
CEC1_E005_S09543_L0236,13.898474642126736
CEC1_E005_S09544_L0200,52.439989641315144
CEC1_E005_S09544_L0240,49.37839192722768
CEC1_E005_S09545_L0218,29.8517118616236
CEC1_E005_S09546_L0208,11.599319759643102
CEC1_E005_S09549_L0236,15.525253500970715
CEC1_E005_S09551_L0202,11.850568309682439
CEC1_E005_S09553_L0212,15.152473586910684
CEC1_E005_S09553_L0221,15.984023158352453
CEC1_E005_S09556_L0222,24.193628912305712
CEC1_E005_S09557_L0241,24.56912261098981
CEC1_E005_S09558_L0219,12.332163751381323
CEC1_E005_S09569_L0236,11.29243023167834
CEC1_E005_S09571_L0227,14.484746282225027
CEC1_E005_S09571_L0235,14.929331378134508
CEC1_E005_S09573_L0243,21.082236980978852
CEC1_E005_S09574_L0240,16.87864816858669
CEC1_E005_S09579_L0243,17.600784908077486
CEC1_E005_S09580_L0240,13.475627187383846
CEC1_E005_S09581_L0202,13.03334640812973
CEC1_E005_S09587_L0243,33.167247094185825
CEC1_E005_S09589_L0215,11.364304931409709
CEC1_E005_S09595_L0222,42.68492122378338
CEC1_E005_S09610_L0212,35.24225672020553
CEC1_E005_S09611_L0243,11.582515770837825
CEC1_E005_S09613_L0240,11.35027882760513
CEC1_E005_S09615_L0236,52.20751712730232
CEC1_E005_S09616_L0208,18.31665684323741
CEC1_E005_S09618_L0241,13.070404687856524
CEC1_E005_S09619_L0222,12.702391521024033
CEC1_E005_S09620_L0209,34.64060369549808
CEC1_E005_S09624_L0218,11.343814862227104
CEC1_E005_S09624_L0221,11.751442404445262
CEC1_E005_S09625_L0208,19.793730178392902
CEC1_E005_S09625_L0209,15.962141411734837
CEC1_E005_S09626_L0219,26.658540875380698
CEC1_E005_S09627_L0224,18.007313139689046
CEC1_E005_S09628_L0227,43.75714180109244
CEC1_E005_S09628_L0235,41.65226832226219
CEC1_E005_S09634_L0212,44.381114177932446
CEC1_E005_S09634_L0221,43.055007676142985
CEC1_E005_S09637_L0209,13.153585674669465
CEC1_E005_S09641_L0236,61.07322754050496
CEC1_E005_S09643_L0208,11.057119755717492
CEC1_E005_S09643_L0209,11.043150349168176
CEC1_E005_S09646_L0242,14.12006292815744
CEC1_E005_S09649_L0242,29.611931009326018
CEC1_E005_S09652_L0242,17.63447166529763
CEC1_E005_S09658_L0231,12.474351904256107
CEC1_E005_S09662_L0218,48.90393716751136
CEC1_E005_S09662_L0221,45.304542996435075
CEC1_E005_S09663_L0240,23.237626268226638
CEC1_E005_S09666_L0200,17.272753361490555
CEC1_E005_S09669_L0240,19.762321039571983
CEC1_E005_S09670_L0229,12.632580881916097
CEC1_E005_S09670_L0242,15.678621278679582
CEC1_E005_S09673_L0212,23.43307750342026
CEC1_E005_S09676_L0243,18.575193572435676
CEC1_E005_S09677_L0222,46.19124115294274
CEC1_E005_S09678_L0231,12.295829087292775
CEC1_E005_S09681_L0236,22.398637520576578
CEC1_E005_S09684_L0236,11.205809581025234
CEC1_E005_S09689_L0231,26.992641245085498
CEC1_E005_S09691_L0208,11.171243582658294
CEC1_E005_S09699_L0243,33.07570102416351
CEC1_E005_S09704_L0208,12.080137756999562
CEC1_E005_S09705_L0215,16.72798940672186
CEC1_E005_S09707_L0229,12.371894968674702
CEC1_E005_S09707_L0242,12.60009505117258
CEC1_E005_S09710_L0242,16.663549395054712
CEC1_E005_S09714_L0227,18.02742549986003
CEC1_E005_S09714_L0241,17.727181063333763
CEC1_E005_S09716_L0236,46.287792125547696
CEC1_E005_S09717_L0201,11.042119169680216
CEC1_E005_S09719_L0222,15.079709763779988
CEC1_E005_S09722_L0224,22.907479879622535
CEC1_E005_S09723_L0243,17.027434743687895
CEC1_E005_S09733_L0218,32.25693051499907
CEC1_E005_S09740_L0229,18.753900448041698
CEC1_E005_S09740_L0242,29.78386668194506
CEC1_E005_S09745_L0221,19.695703670682956
CEC1_E005_S09748_L0209,44.30676431248573
CEC1_E005_S09749_L0243,12.89398193686237
CEC1_E005_S09752_L0219,16.670557919066898
CEC1_E005_S09753_L0219,11.384712418502929
CEC1_E005_S09754_L0222,13.004369770089447
CEC1_E005_S09755_L0208,39.51892827269389
CEC1_E005_S09759_L0243,20.64615097604081
CEC1_E005_S09762_L0209,13.662188699827254
CEC1_E005_S09765_L0236,11.59764280805146
CEC1_E005_S09767_L0231,14.369293355761197
CEC1_E005_S09770_L0219,11.473000258194318
CEC1_E005_S09776_L0208,49.35461303280687
CEC1_E005_S09776_L0209,49.80275509825192
CEC1_E005_S09777_L0201,13.497871842911714
CEC1_E005_S09778_L0209,11.369572145044142
CEC1_E005_S09780_L0201,11.803450150287016
CEC1_E005_S09783_L0201,16.340714167499815
CEC1_E005_S09783_L0212,20.325764589008386
CEC1_E005_S09789_L0200,14.210159087151771
CEC1_E005_S09793_L0217,12.662737433042407
CEC1_E005_S09798_L0212,12.295031962706423
CEC1_E005_S09799_L0219,11.713226827574305
CEC1_E005_S09802_L0219,33.824889061614556
CEC1_E005_S09803_L0202,39.05504053833156
CEC1_E005_S09805_L0224,22.190500515582123
CEC1_E005_S09806_L0224,11.549410130290392
CEC1_E005_S09811_L0200,12.45514499021454
CEC1_E005_S09816_L0200,12.561063045002
CEC1_E005_S09816_L0240,12.130250446931562
CEC1_E005_S09818_L0222,28.490150663360605
CEC1_E005_S09819_L0241,24.023701721702686
CEC1_E005_S09823_L0236,12.296338327248032
CEC1_E005_S09824_L0227,25.924920016359962
CEC1_E005_S09824_L0241,25.36448418031179
CEC1_E005_S09827_L0243,14.666137786796565
CEC1_E005_S09830_L0202,18.97442738484406
CEC1_E005_S09833_L0200,13.411616989850272
CEC1_E005_S09834_L0236,10.90663024023843
CEC1_E005_S09841_L0229,11.711108244540556
CEC1_E005_S09841_L0235,11.573767224005767
CEC1_E005_S09842_L0231,11.908347403949733
CEC1_E005_S09844_L0217,11.607218187137697
CEC1_E005_S09846_L0215,27.905897864609777
CEC1_E005_S09852_L0242,16.30082910326195
CEC1_E005_S09856_L0236,16.435916644351856
CEC1_E005_S09857_L0240,13.926252262149783
CEC1_E005_S09860_L0217,14.816622374669624
CEC1_E005_S09861_L0222,15.65629096090532
CEC1_E005_S09862_L0229,12.92647104869284
CEC1_E005_S09862_L0242,13.415968400569168
CEC1_E005_S09864_L0202,44.11438667922605
CEC1_E005_S09865_L0217,11.989708728689049
CEC1_E005_S09870_L0200,29.922097739005313
CEC1_E005_S09876_L0229,49.39494541848509
CEC1_E005_S09876_L0235,50.387823108884355
CEC1_E005_S09877_L0222,12.219611159667213
CEC1_E005_S09881_L0243,18.696507660181606
CEC1_E005_S09884_L0217,12.731178961707736
CEC1_E005_S09892_L0217,17.421610600213153
CEC1_E005_S09893_L0212,13.7107782920484
CEC1_E005_S09893_L0221,13.027536969501904
CEC1_E005_S09894_L0212,42.7963150284365
CEC1_E005_S09895_L0200,45.38796656081897
CEC1_E005_S09899_L0236,13.486579420223281
CEC1_E005_S09900_L0229,26.005011261162
CEC1_E005_S09900_L0235,23.30943799019395
CEC1_E005_S09903_L0227,18.699499251266182
CEC1_E005_S09903_L0241,18.140498205445226
CEC1_E005_S09904_L0217,18.736577871914236
CEC1_E005_S09907_L0229,11.508634467215098
CEC1_E005_S09907_L0242,11.482940236228725
CEC1_E005_S09908_L0218,24.861481266887314
CEC1_E005_S09911_L0222,13.27968156707751
CEC1_E005_S09913_L0208,13.74169197256848
CEC1_E005_S09919_L0209,12.268553703772131
CEC1_E005_S09920_L0215,26.3239509498754
CEC1_E005_S09922_L0200,11.428174368808218
CEC1_E005_S09922_L0240,10.989620988909861
CEC1_E005_S09923_L0224,40.34092289626721
CEC1_E005_S09925_L0208,10.910514528165802
CEC1_E005_S09925_L0209,10.844915539667968
CEC1_E005_S09929_L0201,19.96305839266808
CEC1_E005_S09929_L0215,21.876925960447373
CEC1_E005_S09934_L0243,11.064384521149162
CEC1_E005_S09935_L0201,11.57564171708926
CEC1_E005_S09936_L0231,34.796991930177406
CEC1_E005_S09942_L0240,11.039645469944558
CEC1_E005_S09945_L0218,12.279176032133805
CEC1_E005_S09946_L0200,13.188715530830628
CEC1_E005_S09946_L0240,11.91108254587977
CEC1_E005_S09960_L0227,11.232292729989313
CEC1_E005_S09960_L0241,11.193175367031117
CEC1_E005_S09961_L0200,24.387221512768942
CEC1_E005_S09961_L0240,16.381043407655817
CEC1_E005_S09967_L0215,22.541352984313992
CEC1_E005_S09969_L0219,24.260790171380496
CEC1_E005_S09971_L0224,20.505239600969485
CEC1_E005_S09972_L0229,16.572274211600252
CEC1_E005_S09972_L0235,15.998183427224012
CEC1_E005_S09978_L0200,16.6717600303911
CEC1_E005_S09978_L0240,15.777278584842179
CEC1_E005_S09981_L0241,12.824828858542265
CEC1_E005_S09983_L0222,33.08137835496758
CEC1_E005_S09984_L0202,11.139952978533787
CEC1_E005_S09985_L0201,19.810094992908358
CEC1_E005_S09988_L0242,40.94318023034761
CEC1_E005_S09990_L0241,12.139821957943015
CEC1_E005_S10000_L0222,14.774763665792829
CEC1_E007_S08502_L0241,85.53031773845446
CEC1_E007_S08508_L0219,72.7916052828522
CEC1_E007_S08512_L0227,57.242882972776016
CEC1_E007_S08512_L0241,62.442953628197046
CEC1_E007_S08515_L0201,88.83270470824422
CEC1_E007_S08516_L0215,84.22943204675036
CEC1_E007_S08518_L0209,88.15113789038165
CEC1_E007_S08520_L0218,87.18902567325175
CEC1_E007_S08523_L0227,81.68984346475523
CEC1_E007_S08523_L0241,85.71448004539852
CEC1_E007_S08529_L0218,81.99163333624305
CEC1_E007_S08530_L0243,65.56231142031952
CEC1_E007_S08532_L0222,83.95217747639849
CEC1_E007_S08540_L0217,86.84446873363899
CEC1_E007_S08541_L0212,70.1596041957817
CEC1_E007_S08546_L0227,77.37318799539582
CEC1_E007_S08546_L0241,83.90471572078309
CEC1_E007_S08554_L0229,87.95231078463073
CEC1_E007_S08554_L0242,88.62204316252104
CEC1_E007_S08555_L0218,88.1984824270903
CEC1_E007_S08555_L0221,81.15643221669086
CEC1_E007_S08558_L0209,83.59163833448244
CEC1_E007_S08561_L0224,86.77228379592634
CEC1_E007_S08563_L0236,88.62144070344753
CEC1_E007_S08564_L0217,10.52605592128378
CEC1_E007_S08566_L0229,73.7103137397074
CEC1_E007_S08566_L0235,76.49900197067008
CEC1_E007_S08569_L0200,86.59520412821291
CEC1_E007_S08574_L0217,78.2894331983834
CEC1_E007_S08575_L0201,84.9359768411732
CEC1_E007_S08576_L0208,87.24189147797257
CEC1_E007_S08578_L0212,68.34682427036498
CEC1_E007_S08582_L0243,76.87882863744076
CEC1_E007_S08587_L0200,72.85827302344016
CEC1_E007_S08587_L0240,75.29539425483527
CEC1_E007_S08590_L0212,62.74118767124049
CEC1_E007_S08590_L0221,65.16561826198155
CEC1_E007_S08593_L0242,89.08863317453928
CEC1_E007_S08595_L0224,87.90205323382722
CEC1_E007_S08600_L0209,89.0636567923756
CEC1_E007_S08603_L0209,88.9621705971119
CEC1_E007_S08605_L0227,83.79442237904549
CEC1_E007_S08605_L0235,88.24097341243672
CEC1_E007_S08613_L0241,75.53723775854775
CEC1_E007_S08614_L0229,87.07916824505762
CEC1_E007_S08614_L0235,86.42881111133124
CEC1_E007_S08620_L0219,55.12504522332517
CEC1_E007_S08624_L0242,75.84748039892531
CEC1_E007_S08625_L0215,82.79829191977129
CEC1_E007_S08627_L0200,60.84335127253936
CEC1_E007_S08633_L0229,84.78727592953888
CEC1_E007_S08633_L0235,85.70489912954936
CEC1_E007_S08636_L0202,88.80326571208717
CEC1_E007_S08637_L0200,88.69294515962146
CEC1_E007_S08637_L0240,88.98270992004028
CEC1_E007_S08648_L0200,69.42002151993356
CEC1_E007_S08648_L0240,74.68661628792736
CEC1_E007_S08649_L0231,79.03254844562873
CEC1_E007_S08651_L0236,75.44424586888415
CEC1_E007_S08652_L0200,88.73354750350055
CEC1_E007_S08655_L0242,72.32183444033865
CEC1_E007_S08656_L0243,87.16446694798321
CEC1_E007_S08657_L0241,61.597233305162014
CEC1_E007_S08662_L0224,87.56418591189535
CEC1_E007_S08664_L0219,89.22870808153556
CEC1_E007_S08667_L0217,81.76640058437644
CEC1_E007_S08671_L0215,77.38302943026144
CEC1_E007_S08674_L0229,78.62081471683382
CEC1_E007_S08674_L0242,68.04652874069798
CEC1_E007_S08681_L0240,65.04706082762013
CEC1_E007_S08682_L0219,87.46959549830973
CEC1_E007_S08686_L0224,88.38533026682866
CEC1_E007_S08688_L0202,60.183602307907016
CEC1_E007_S08689_L0224,75.10499730433997
CEC1_E007_S08690_L0208,87.4943756040308
CEC1_E007_S08690_L0209,86.87824366729185
CEC1_E007_S08691_L0227,86.3657284835601
CEC1_E007_S08691_L0235,85.61697077805367
CEC1_E007_S08693_L0227,84.87520916929087
CEC1_E007_S08693_L0235,87.73289249235152
CEC1_E007_S08702_L0236,65.89356368395887
CEC1_E007_S08703_L0208,85.83412681981264
CEC1_E007_S08704_L0224,88.87064793461273
CEC1_E007_S08707_L0243,82.7451816621236
CEC1_E007_S08710_L0202,86.72158422913895
CEC1_E007_S08713_L0227,86.64293575192654
CEC1_E007_S08713_L0241,87.10720881734247
CEC1_E007_S08714_L0231,83.14713683093274
CEC1_E007_S08717_L0231,87.52588650771445
CEC1_E007_S08719_L0242,88.13367255577381
CEC1_E007_S08722_L0227,87.72347012597497
CEC1_E007_S08722_L0241,87.70173116666483
CEC1_E007_S08725_L0222,71.77903571033167
CEC1_E007_S08727_L0212,87.15769698744235
CEC1_E007_S08729_L0222,89.25071981722199
CEC1_E007_S08731_L0222,85.83229536484883
CEC1_E007_S08735_L0227,83.50361240481986
CEC1_E007_S08735_L0241,87.04218351109256
CEC1_E007_S08739_L0231,77.21998158474
CEC1_E007_S08742_L0208,79.80567663851193
CEC1_E007_S08743_L0200,58.692894309597094
CEC1_E007_S08743_L0240,61.988415626376636
CEC1_E007_S08745_L0229,70.15596658243314
CEC1_E007_S08745_L0242,63.94920573535433
CEC1_E007_S08750_L0200,86.66043536995751
CEC1_E007_S08750_L0240,87.6726499389285
CEC1_E007_S08751_L0208,88.93857734714344
CEC1_E007_S08752_L0224,70.26319733160446
CEC1_E007_S08756_L0231,84.32408116408926
CEC1_E007_S08759_L0218,86.28092590322088
CEC1_E007_S08759_L0221,80.82099338430419
CEC1_E007_S08761_L0217,84.43313857216354
CEC1_E007_S08766_L0236,88.16703826663455
CEC1_E007_S08767_L0217,88.27297945799509
CEC1_E007_S08771_L0201,88.55818099963487
CEC1_E007_S08778_L0242,66.11056169590286
CEC1_E007_S08779_L0242,81.23764666893646
CEC1_E007_S08780_L0217,85.22401027906606
CEC1_E007_S08781_L0236,88.39758645427922
CEC1_E007_S08785_L0212,57.98636201234622
CEC1_E007_S08786_L0222,87.03432896062748
CEC1_E007_S08790_L0201,86.94636988948487
CEC1_E007_S08791_L0215,87.47486266278412
CEC1_E007_S08793_L0219,81.66034840540537
CEC1_E007_S08794_L0218,87.84270979876369
CEC1_E007_S08794_L0221,82.4638637732989
CEC1_E007_S08795_L0201,67.37953334861767
CEC1_E007_S08798_L0208,88.516531627399
CEC1_E007_S08800_L0202,78.80715881740466
CEC1_E007_S08807_L0212,88.36416372360826
CEC1_E007_S08807_L0221,88.2466681199604
CEC1_E007_S08808_L0209,83.4389647571651
CEC1_E007_S08809_L0212,86.20593495765017
CEC1_E007_S08810_L0242,85.180821721643
CEC1_E007_S08815_L0201,88.54830328187738
CEC1_E007_S08816_L0236,75.929129418671
CEC1_E007_S08817_L0202,87.34799466975286
CEC1_E007_S08818_L0208,87.46557423599396
CEC1_E007_S08818_L0209,87.58951516009294
CEC1_E007_S08820_L0242,81.36278843965437
CEC1_E007_S08821_L0201,79.99417228060254
CEC1_E007_S08823_L0201,87.776798670191
CEC1_E007_S08824_L0217,60.18385425905604
CEC1_E007_S08829_L0224,69.11145943420298
CEC1_E007_S08831_L0208,89.0523547892969
CEC1_E007_S08833_L0222,83.88482061246215
CEC1_E007_S08835_L0227,86.59433634114941
CEC1_E007_S08836_L0222,80.26754841291107
CEC1_E007_S08837_L0202,88.9582119725974
CEC1_E007_S08838_L0227,57.012614731702534
CEC1_E007_S08838_L0235,71.29981114842839
CEC1_E007_S08843_L0243,78.81009521021575
CEC1_E007_S08846_L0217,77.61545357716689
CEC1_E007_S08847_L0243,86.74882308836253
CEC1_E007_S08851_L0215,88.66214205888333
CEC1_E007_S08853_L0200,86.66084777795712
CEC1_E007_S08854_L0212,71.827728227764
CEC1_E007_S08854_L0221,75.27609619924993
CEC1_E007_S08855_L0231,68.07370847018329
CEC1_E007_S08858_L0236,78.19748556024271
CEC1_E007_S08861_L0201,40.480172636650806
CEC1_E007_S08862_L0222,77.15085821024256
CEC1_E007_S08867_L0241,87.95410260393434
CEC1_E007_S08869_L0217,85.36299910585558
CEC1_E007_S08870_L0243,73.22515809727238
CEC1_E007_S08871_L0227,58.392320610086784
CEC1_E007_S08871_L0241,60.65000369119041
CEC1_E007_S08872_L0200,86.87279398017205
CEC1_E007_S08873_L0200,60.221135000949026
CEC1_E007_S08874_L0202,78.82762731996178
CEC1_E007_S08879_L0222,74.91285106084199
CEC1_E007_S08883_L0241,80.61162006195089
CEC1_E007_S08884_L0215,80.78067924316127
CEC1_E007_S08887_L0229,79.23522103111492
CEC1_E007_S08887_L0242,80.37733656956303
CEC1_E007_S08889_L0215,87.5177214450273
CEC1_E007_S08890_L0218,42.310063880154665
CEC1_E007_S08890_L0221,65.12861189938744
CEC1_E007_S08891_L0241,81.31343266247818
CEC1_E007_S08894_L0240,65.43777244127337
CEC1_E007_S08895_L0231,86.47806073401777
CEC1_E007_S08897_L0227,55.915321303006884
CEC1_E007_S08897_L0235,66.51479256463868
CEC1_E007_S08899_L0227,10.642654239992169
CEC1_E007_S08899_L0235,10.411503091306114
CEC1_E007_S08903_L0200,88.39992467794968
CEC1_E007_S08903_L0240,88.44324884705196
CEC1_E007_S08907_L0212,82.40241273900112
CEC1_E007_S08907_L0221,81.69167059314356
CEC1_E007_S08908_L0201,88.61040596786533
CEC1_E007_S08911_L0202,78.51784065065134
CEC1_E007_S08916_L0231,83.1047250805194
CEC1_E007_S08917_L0215,80.4370355421873
CEC1_E007_S08920_L0209,88.47169578773243
CEC1_E007_S08922_L0231,82.13973020682546
CEC1_E007_S08923_L0231,88.67435430912856
CEC1_E007_S08925_L0215,87.57940830029473
CEC1_E007_S08928_L0219,85.34748912835782
CEC1_E007_S08929_L0202,56.75928093727947
CEC1_E007_S08931_L0222,85.70444355716187
CEC1_E007_S08934_L0224,87.28047943280345
CEC1_E007_S08935_L0218,82.49745060861834
CEC1_E007_S08935_L0221,70.36192981087312
CEC1_E007_S08936_L0222,74.27310268424613
CEC1_E007_S08937_L0215,87.27458622396838
CEC1_E007_S08939_L0240,87.72199557054637
CEC1_E007_S08940_L0222,83.49450176219743
CEC1_E007_S08941_L0217,65.60629729932822
CEC1_E007_S08942_L0224,88.82366282513117
CEC1_E007_S08943_L0236,87.1327470277706
CEC1_E007_S08952_L0236,88.2261610337015
CEC1_E007_S08955_L0201,57.69987457125004
CEC1_E007_S08956_L0222,80.8881072390232
CEC1_E007_S08958_L0215,88.50984890315547
CEC1_E007_S08959_L0229,74.10489955171728
CEC1_E007_S08959_L0242,43.34925662980083
CEC1_E007_S08960_L0208,84.16182522780404
CEC1_E007_S08961_L0202,67.25067370892567
CEC1_E007_S08962_L0200,80.34085898580267
CEC1_E007_S08967_L0208,81.75954895084286
CEC1_E007_S08969_L0243,88.06433301772519
CEC1_E007_S08971_L0212,71.49563755611265
CEC1_E007_S08971_L0221,71.9259951190911
CEC1_E007_S08974_L0202,88.85377229956254
CEC1_E007_S08976_L0217,61.496449304705095
CEC1_E007_S08977_L0202,77.07687890363208
CEC1_E007_S08979_L0217,78.75270614820991
CEC1_E007_S08980_L0222,63.81861069124287
CEC1_E007_S08983_L0209,68.43646830778424
CEC1_E007_S08987_L0217,88.04114573636711
CEC1_E007_S08993_L0215,88.76942291488167
CEC1_E007_S08997_L0201,86.95782891878724
CEC1_E007_S08999_L0224,73.66620366955256
CEC1_E007_S09000_L0227,89.16460451512683
CEC1_E007_S09000_L0241,88.88326926713445
CEC1_E007_S09006_L0202,80.7377164795991
CEC1_E007_S09009_L0200,84.32230239927132
CEC1_E007_S09009_L0240,88.38989232220142
CEC1_E007_S09011_L0224,65.68905043361653
CEC1_E007_S09018_L0243,86.28589468477858
CEC1_E007_S09021_L0215,78.15967997116272
CEC1_E007_S09026_L0224,85.43052199049369
CEC1_E007_S09029_L0202,87.04193898678697
CEC1_E007_S09034_L0218,86.73934666974554
CEC1_E007_S09034_L0221,88.49753490048504
CEC1_E007_S09036_L0201,82.6182480171558
CEC1_E007_S09036_L0212,85.51008002131677
CEC1_E007_S09046_L0227,89.29648270739742
CEC1_E007_S09046_L0235,89.03215288267889
CEC1_E007_S09049_L0240,82.01440696337305
CEC1_E007_S09051_L0222,89.04627103382103
CEC1_E007_S09065_L0240,87.88119678811478
CEC1_E007_S09069_L0222,65.48096520814232
CEC1_E007_S09070_L0200,88.7245412419879
CEC1_E007_S09070_L0240,89.00082148970795
CEC1_E007_S09071_L0236,81.70676772499368
CEC1_E007_S09073_L0215,89.14507914829618
CEC1_E007_S09074_L0229,80.9853072910306
CEC1_E007_S09076_L0229,89.07145487092143
CEC1_E007_S09076_L0235,89.12265397324347
CEC1_E007_S09078_L0212,32.410999140371906
CEC1_E007_S09078_L0221,31.993908413382446
CEC1_E007_S09080_L0218,84.08522564506833
CEC1_E007_S09082_L0227,88.63930043824168
CEC1_E007_S09082_L0235,88.92896247686362
CEC1_E007_S09085_L0212,83.12650919673789
CEC1_E007_S09085_L0221,79.74637540054937
CEC1_E007_S09086_L0200,47.06073504656856
CEC1_E007_S09086_L0240,52.73556768197662
CEC1_E007_S09088_L0217,85.10981639078653
CEC1_E007_S09091_L0219,88.57774298576379
CEC1_E007_S09092_L0215,89.01530039537228
CEC1_E007_S09094_L0224,68.636012619896
CEC1_E007_S09095_L0209,88.82834628651818
CEC1_E007_S09095_L0243,88.86181935480971
CEC1_E007_S09100_L0229,83.32306103828356
CEC1_E007_S09101_L0222,89.2780953066356
CEC1_E007_S09106_L0219,89.58638764464956
CEC1_E007_S09109_L0202,77.87070362011768
CEC1_E007_S09111_L0208,89.08318363337538
CEC1_E007_S09111_L0209,89.09917058620643
CEC1_E007_S09113_L0212,79.31421877935617
CEC1_E007_S09113_L0221,78.75258278294567
CEC1_E007_S09118_L0202,75.30481684589506
CEC1_E007_S09122_L0235,88.69356313212418
CEC1_E007_S09125_L0219,79.19471507177364
CEC1_E007_S09128_L0201,85.28431296374647
CEC1_E007_S09132_L0231,71.75367686991142
CEC1_E007_S09136_L0212,87.58467230324136
CEC1_E007_S09137_L0208,83.52836503492273
CEC1_E007_S09137_L0209,80.36374249298724
CEC1_E007_S09140_L0217,82.59638137383003
CEC1_E007_S09144_L0212,88.69590068671629
CEC1_E007_S09150_L0218,80.1918886050906
CEC1_E007_S09152_L0212,83.07205757171647
CEC1_E007_S09152_L0221,84.33743177117229
CEC1_E007_S09154_L0212,78.66288142382044
CEC1_E007_S09155_L0217,85.5370152515359
CEC1_E007_S09156_L0231,88.93237235023186
CEC1_E007_S09158_L0229,87.34301947002953
CEC1_E007_S09158_L0235,87.40400566125797
CEC1_E007_S09161_L0218,81.49408423488849
CEC1_E007_S09161_L0221,60.033937916313974
CEC1_E007_S09164_L0224,88.65685309367854
CEC1_E007_S09168_L0224,73.78984036266857
CEC1_E007_S09169_L0241,86.66999953437647
CEC1_E007_S09170_L0219,73.15252982983834
CEC1_E007_S09172_L0229,89.08334381935383
CEC1_E007_S09172_L0235,89.10978369155815
CEC1_E007_S09174_L0217,85.96888157813123
CEC1_E007_S09175_L0215,87.87570965996969
CEC1_E007_S09177_L0236,87.93604055268857
CEC1_E007_S09178_L0201,89.09896115329757
CEC1_E007_S09180_L0219,81.06262189894244
CEC1_E007_S09188_L0243,52.03296422724257
CEC1_E007_S09191_L0219,61.108787138645866
CEC1_E007_S09192_L0229,88.23741122178379
CEC1_E007_S09192_L0235,87.52050346108604
CEC1_E007_S09193_L0218,88.33295269913604
CEC1_E007_S09193_L0221,88.2521600251105
CEC1_E007_S09196_L0236,88.67974775239941
CEC1_E007_S09197_L0231,86.95474258142454
CEC1_E007_S09198_L0200,76.3399997992907
CEC1_E007_S09198_L0240,86.03114507726272
CEC1_E007_S09201_L0218,79.85398436401319
CEC1_E007_S09203_L0217,87.43102666698294
CEC1_E007_S09205_L0227,79.33521073184738
CEC1_E007_S09205_L0235,84.95759538075797
CEC1_E007_S09213_L0224,83.4923585200973
CEC1_E007_S09214_L0215,83.13244557058688
CEC1_E007_S09218_L0217,65.4931209782579
CEC1_E007_S09219_L0231,88.37122710116356
CEC1_E007_S09227_L0243,89.06455131320344
CEC1_E007_S09228_L0200,85.43735510006437
CEC1_E007_S09229_L0224,66.1712386409189
CEC1_E007_S09231_L0209,82.26291294266663
CEC1_E007_S09234_L0201,65.37449262005327
CEC1_E007_S09236_L0241,88.95692439035047
CEC1_E007_S09238_L0231,86.47437222684272
CEC1_E007_S09240_L0215,89.10801970978325
CEC1_E007_S09242_L0215,84.49001134619238
CEC1_E007_S09245_L0217,65.24301246922883
CEC1_E007_S09248_L0236,82.13365685159734
CEC1_E007_S09250_L0242,86.76689134335588
CEC1_E007_S09253_L0227,78.78525959237723
CEC1_E007_S09255_L0219,80.54345694379724
CEC1_E007_S09257_L0222,72.04752806649017
CEC1_E007_S09258_L0219,59.01739616815506
CEC1_E007_S09259_L0224,88.01138216495096
CEC1_E007_S09262_L0227,80.78773294762698
CEC1_E007_S09262_L0241,86.82605838118728
CEC1_E007_S09264_L0227,89.42741646661091
CEC1_E007_S09264_L0235,89.10611660497868
CEC1_E007_S09267_L0224,72.74387294064424
CEC1_E007_S09270_L0229,87.86180059052545
CEC1_E007_S09270_L0242,78.90922398022916
CEC1_E007_S09271_L0217,81.27513206915134
CEC1_E007_S09272_L0242,76.44374979978437
CEC1_E007_S09274_L0227,58.65812509869992
CEC1_E007_S09274_L0235,77.91207185688027
CEC1_E007_S09275_L0201,81.56421927027036
CEC1_E007_S09276_L0215,76.47550044149497
CEC1_E007_S09277_L0202,88.4282654969331
CEC1_E007_S09278_L0231,86.45398822987482
CEC1_E007_S09280_L0202,78.44496657509944
CEC1_E007_S09281_L0208,88.34091837154608
CEC1_E007_S09281_L0209,88.44767010992089
CEC1_E007_S09282_L0224,71.84651632264965
CEC1_E007_S09284_L0241,87.64621691878361
CEC1_E007_S09286_L0219,86.66427086591689
CEC1_E007_S09288_L0218,88.12118926090271
CEC1_E007_S09290_L0224,83.11445617792786
CEC1_E007_S09291_L0219,83.13568757813323
CEC1_E007_S09296_L0219,67.17355863150668
CEC1_E007_S09297_L0208,62.43722828229982
CEC1_E007_S09297_L0209,62.76593519276537
CEC1_E007_S09298_L0217,77.63869674029601
CEC1_E007_S09306_L0227,87.41078767062699
CEC1_E007_S09306_L0241,87.15949917376047
CEC1_E007_S09311_L0212,82.78825082721697
CEC1_E007_S09311_L0221,83.65554185247515
CEC1_E007_S09312_L0215,75.24775765408347
CEC1_E007_S09315_L0241,58.11043005343902
CEC1_E007_S09317_L0215,86.65033491635874
CEC1_E007_S09321_L0218,73.3531366771307
CEC1_E007_S09321_L0221,71.9603098590882
CEC1_E007_S09325_L0243,83.88014363167434
CEC1_E007_S09328_L0218,73.95337540506661
CEC1_E007_S09328_L0221,76.93773736218449
CEC1_E007_S09329_L0202,71.58879677531924
CEC1_E007_S09331_L0208,87.55206606279678
CEC1_E007_S09331_L0209,86.94578673447795
CEC1_E007_S09332_L0202,69.23117522885984
CEC1_E007_S09333_L0212,66.13680910913165
CEC1_E007_S09333_L0221,64.87457312977999
CEC1_E007_S09338_L0209,72.35749646136688
CEC1_E007_S09343_L0219,55.62553216561596
CEC1_E007_S09345_L0236,82.80052105352289
CEC1_E007_S09346_L0200,70.62553315128449
CEC1_E007_S09348_L0219,77.71084544437464
CEC1_E007_S09359_L0243,86.47276952535005
CEC1_E007_S09360_L0218,88.72102231619238
CEC1_E007_S09362_L0219,59.091667766392355
CEC1_E007_S09363_L0209,71.56276766015814
CEC1_E007_S09366_L0243,63.79745220648138
CEC1_E007_S09367_L0236,89.03373184155204
CEC1_E007_S09370_L0202,77.31808250824334
CEC1_E007_S09377_L0218,57.848538399984584
CEC1_E007_S09377_L0221,59.10475576163459
CEC1_E007_S09378_L0201,87.22552081817437
CEC1_E007_S09382_L0229,56.17785678108674
CEC1_E007_S09382_L0242,82.116222134054
CEC1_E007_S09390_L0221,78.86686231257774
CEC1_E007_S09395_L0212,70.57666518946598
CEC1_E007_S09395_L0221,72.5072601960891
CEC1_E007_S09396_L0218,88.73419963027996
CEC1_E007_S09397_L0217,65.9900232930128
CEC1_E007_S09402_L0236,68.6632906423858
CEC1_E007_S09406_L0200,71.15748659354647
CEC1_E007_S09406_L0240,83.97925409316743
CEC1_E007_S09407_L0241,71.67206045566762
CEC1_E007_S09413_L0241,65.64874237175071
CEC1_E007_S09423_L0215,85.09902669395045
CEC1_E007_S09424_L0227,73.86401202585785
CEC1_E007_S09424_L0235,88.54069524502752
CEC1_E007_S09427_L0240,88.98616658159565
CEC1_E007_S09429_L0201,57.24078754786487
CEC1_E007_S09430_L0218,88.24209675508071
CEC1_E007_S09430_L0221,87.59729558978461
CEC1_E007_S09436_L0243,66.18848312629571
CEC1_E007_S09438_L0229,88.52507121734682
CEC1_E007_S09438_L0242,88.27511977972608
CEC1_E007_S09441_L0227,49.14512186936305
CEC1_E007_S09441_L0229,52.74134687061883
CEC1_E007_S09446_L0240,88.65522292661468
CEC1_E007_S09448_L0219,88.65102876223789
CEC1_E007_S09451_L0218,88.75201536369684
CEC1_E007_S09452_L0236,71.21850077474431
CEC1_E007_S09454_L0243,64.9265406395139
CEC1_E007_S09455_L0200,87.85867715276788
CEC1_E007_S09455_L0240,88.46824295571868
CEC1_E007_S09459_L0200,81.16000848829609
CEC1_E007_S09460_L0243,88.49021187588103
CEC1_E007_S09462_L0202,62.33431034739725
CEC1_E007_S09463_L0227,87.92030103881262
CEC1_E007_S09463_L0241,85.96949043529841
CEC1_E007_S09468_L0215,81.53233762098935
CEC1_E007_S09469_L0208,87.60819932376981
CEC1_E007_S09475_L0236,11.443235859215632
CEC1_E007_S09476_L0227,79.06126115188646
CEC1_E007_S09476_L0235,87.48664960753673
CEC1_E007_S09480_L0202,72.03513009203807
CEC1_E007_S09482_L0229,63.20091484608251
CEC1_E007_S09482_L0235,57.4484731344254
CEC1_E007_S09485_L0215,86.4846643275213
CEC1_E007_S09488_L0229,85.08551935428633
CEC1_E007_S09488_L0242,68.39776813110328
CEC1_E007_S09500_L0229,88.66401377771676
CEC1_E007_S09500_L0235,88.43615810901225
CEC1_E007_S09502_L0222,82.66358986198259
CEC1_E007_S09508_L0218,88.6053954620873
CEC1_E007_S09510_L0240,88.2727894055235
CEC1_E007_S09515_L0218,88.90160888952653
CEC1_E007_S09515_L0221,88.35724437511593
CEC1_E007_S09520_L0201,73.64564378047434
CEC1_E007_S09527_L0236,68.81277276930821
CEC1_E007_S09528_L0224,77.2937851788712
CEC1_E007_S09529_L0229,88.89697829478249
CEC1_E007_S09529_L0235,88.8415781896775
CEC1_E007_S09532_L0240,86.43084550249927
CEC1_E007_S09533_L0236,88.99096798439446
CEC1_E007_S09536_L0242,52.35494895389495
CEC1_E007_S09538_L0243,88.66277097904074
CEC1_E007_S09540_L0200,83.40995193598543
CEC1_E007_S09542_L0241,48.90401379541096
CEC1_E007_S09543_L0208,59.28964245089907
CEC1_E007_S09543_L0209,52.974202820786935
CEC1_E007_S09546_L0219,61.758388096869226
CEC1_E007_S09549_L0243,88.89376316963444
CEC1_E007_S09551_L0240,78.30550746008097
CEC1_E007_S09553_L0201,83.63797372889867
CEC1_E007_S09554_L0224,89.0127771129114
CEC1_E007_S09556_L0231,85.61438895047888
CEC1_E007_S09557_L0229,72.29104893302936
CEC1_E007_S09557_L0242,76.69274324968347
CEC1_E007_S09558_L0202,79.49592353447136
CEC1_E007_S09558_L0224,81.76551356099255
CEC1_E007_S09564_L0212,17.288661337412595
CEC1_E007_S09569_L0209,81.67242656064957
CEC1_E007_S09571_L0217,72.34082863312263
CEC1_E007_S09573_L0208,71.32899386461364
CEC1_E007_S09576_L0209,84.42089733426535
CEC1_E007_S09577_L0224,78.0856116238347
CEC1_E007_S09581_L0240,87.44707798819475
CEC1_E007_S09586_L0224,71.04997631449557
CEC1_E007_S09589_L0229,32.426964377121344
CEC1_E007_S09589_L0235,30.52838817168839
CEC1_E007_S09590_L0200,88.26532023699356
CEC1_E007_S09593_L0243,88.74764549403113
CEC1_E007_S09595_L0231,79.14304562337455
CEC1_E007_S09596_L0212,64.06533370559208
CEC1_E007_S09605_L0241,88.86856253281739
CEC1_E007_S09606_L0212,66.61756877839294
CEC1_E007_S09611_L0208,87.98237930304184
CEC1_E007_S09615_L0209,88.72478039465372
CEC1_E007_S09616_L0219,77.74134379083682
CEC1_E007_S09618_L0229,75.03441015704703
CEC1_E007_S09618_L0242,72.81177432661082
CEC1_E007_S09619_L0231,87.72207804004401
CEC1_E007_S09620_L0222,77.70821831441883
CEC1_E007_S09621_L0219,80.8092328509062
CEC1_E007_S09624_L0201,44.43324389516405
CEC1_E007_S09625_L0222,65.84995825721307
CEC1_E007_S09627_L0200,76.57322624573614
CEC1_E007_S09628_L0217,89.13057960672249
CEC1_E007_S09629_L0236,88.94471372762982
CEC1_E007_S09631_L0212,50.569839005984406
CEC1_E007_S09631_L0221,56.3232639475618
CEC1_E007_S09634_L0201,88.34459896935877
CEC1_E007_S09637_L0222,83.5838462053053
CEC1_E007_S09641_L0208,86.88153863660887
CEC1_E007_S09641_L0209,86.4580259940761
CEC1_E007_S09643_L0222,80.64951624318266
CEC1_E007_S09646_L0236,77.24000721163621
CEC1_E007_S09649_L0236,68.27885932775129
CEC1_E007_S09652_L0236,85.36486019193006
CEC1_E007_S09656_L0202,75.58873317854432
CEC1_E007_S09658_L0202,65.9543721806225
CEC1_E007_S09662_L0201,88.02896802744381
CEC1_E007_S09664_L0241,78.00817139617993
CEC1_E007_S09666_L0218,83.87744964675815
CEC1_E007_S09671_L0219,73.1516142671591
CEC1_E007_S09673_L0215,80.06658418903848
CEC1_E007_S09676_L0208,87.03457807339369
CEC1_E007_S09677_L0231,85.2089706431237
CEC1_E007_S09678_L0224,85.19646042583899
CEC1_E007_S09681_L0208,88.93022696711
CEC1_E007_S09681_L0209,88.8542696343651
CEC1_E007_S09684_L0209,88.25479028899592
CEC1_E007_S09689_L0224,89.08926563655722
CEC1_E007_S09691_L0219,61.7507923429267
CEC1_E007_S09693_L0242,89.1526711606321
CEC1_E007_S09694_L0235,77.79240237293983
CEC1_E007_S09702_L0215,87.13373033104897
CEC1_E007_S09704_L0219,86.0953126024358
CEC1_E007_S09705_L0229,87.75397964635961
CEC1_E007_S09705_L0235,87.82173322648032
CEC1_E007_S09710_L0236,64.04099833050951
CEC1_E007_S09714_L0242,81.48647934733197
CEC1_E007_S09716_L0208,87.41897098998382
CEC1_E007_S09716_L0209,88.21712327785123
CEC1_E007_S09717_L0227,26.830991308026384
CEC1_E007_S09717_L0241,37.56800876381534
CEC1_E007_S09719_L0231,63.7523711422288
CEC1_E007_S09722_L0200,63.19136434197074
CEC1_E007_S09722_L0240,72.1075296540376
CEC1_E007_S09726_L0231,82.19846435990216
CEC1_E007_S09748_L0208,88.97740526270702
CEC1_E007_S09748_L0222,89.16961734950222
CEC1_E007_S09752_L0202,75.89144262518803
CEC1_E007_S09754_L0231,77.39421109843715
CEC1_E007_S09755_L0219,89.40868966849305
CEC1_E007_S09759_L0208,58.038005292512096
CEC1_E007_S09760_L0212,89.25355191407363
CEC1_E007_S09761_L0219,61.73146071551338
CEC1_E007_S09762_L0222,88.89223050033536
CEC1_E007_S09765_L0208,63.49710807534939
CEC1_E007_S09765_L0209,62.744080161839676
CEC1_E007_S09767_L0202,88.57064392251016
CEC1_E007_S09770_L0202,69.59367459527573
CEC1_E007_S09776_L0222,89.32391576018262
CEC1_E007_S09777_L0241,80.32168208038713
CEC1_E007_S09778_L0222,77.8463112732318
CEC1_E007_S09780_L0227,86.08741965052263
CEC1_E007_S09780_L0241,86.18341353860738
CEC1_E007_S09783_L0215,80.98455961915738
CEC1_E007_S09785_L0200,86.32048753272694
CEC1_E007_S09790_L0243,85.69039416003035
CEC1_E007_S09791_L0212,73.58242483949086
CEC1_E007_S09793_L0236,71.88543467589355
CEC1_E007_S09794_L0240,81.61747058730246
CEC1_E007_S09797_L0243,82.91084389133573
CEC1_E007_S09803_L0240,88.59113646867114
CEC1_E007_S09805_L0240,87.71977900503099
CEC1_E007_S09811_L0218,88.57073659368709
CEC1_E007_S09812_L0212,81.6927389818808
CEC1_E007_S09812_L0221,81.59227140612283
CEC1_E007_S09818_L0231,80.85192618048224
CEC1_E007_S09819_L0229,87.23078055558516
CEC1_E007_S09819_L0242,84.76408086929644
CEC1_E007_S09823_L0209,88.86990925573481
CEC1_E007_S09824_L0242,79.64474001349402
CEC1_E007_S09827_L0208,81.357434530257
CEC1_E007_S09828_L0243,86.26690899530917
CEC1_E007_S09830_L0240,85.6662241990305
CEC1_E007_S09831_L0243,87.8143003052639
CEC1_E007_S09834_L0208,10.597593278608576
CEC1_E007_S09834_L0209,10.497384129807532
CEC1_E007_S09841_L0217,17.754785176695027
CEC1_E007_S09842_L0202,80.1402814467284
CEC1_E007_S09844_L0236,80.32582051888946
CEC1_E007_S09846_L0229,88.75748832218561
CEC1_E007_S09846_L0235,88.84150207290715
CEC1_E007_S09852_L0236,77.94162231492083
CEC1_E007_S09856_L0208,87.33939050877541
CEC1_E007_S09856_L0209,88.18531052715753
CEC1_E007_S09860_L0243,66.51553220093871
CEC1_E007_S09861_L0231,68.50295359877614
CEC1_E007_S09864_L0240,82.53617842337557
CEC1_E007_S09865_L0243,61.724297047625406
CEC1_E007_S09866_L0215,79.50778712160475
CEC1_E007_S09870_L0218,86.1101286995283
CEC1_E007_S09876_L0217,58.96485446041106
CEC1_E007_S09877_L0231,88.35895130313772
CEC1_E007_S09879_L0243,84.81911263688943
CEC1_E007_S09884_L0243,88.43894704782134
CEC1_E007_S09886_L0218,86.62360086820826
CEC1_E007_S09889_L0212,87.87374228576323
CEC1_E007_S09891_L0217,39.24866718249485
CEC1_E007_S09891_L0242,53.670928592446295
CEC1_E007_S09892_L0243,76.47873641015936
CEC1_E007_S09893_L0201,87.44052632807681
CEC1_E007_S09895_L0218,85.37479243381804
CEC1_E007_S09899_L0209,53.14879985120487
CEC1_E007_S09900_L0217,74.80059359424851
CEC1_E007_S09903_L0242,67.2229743345766
CEC1_E007_S09904_L0236,79.45255867086576
CEC1_E007_S09911_L0231,68.1158962388897
CEC1_E007_S09913_L0219,87.75998240965755
CEC1_E007_S09915_L0219,86.19093203798833
CEC1_E007_S09919_L0222,88.54598359604407
CEC1_E007_S09920_L0227,71.21949271404505
CEC1_E007_S09923_L0200,82.45175047668953
CEC1_E007_S09925_L0222,78.03460407953902
CEC1_E007_S09928_L0218,84.70132005157316
CEC1_E007_S09928_L0221,79.5314016528336
CEC1_E007_S09929_L0235,88.57416079369203
CEC1_E007_S09935_L0227,69.72035904886789
CEC1_E007_S09935_L0241,78.01980214577642
CEC1_E007_S09936_L0224,78.94149248959377
CEC1_E007_S09951_L0224,81.2256967331113
CEC1_E007_S09960_L0242,10.809551598974542
CEC1_E007_S09962_L0221,88.41053021290949
CEC1_E007_S09963_L0208,67.81510863065755
CEC1_E007_S09964_L0212,89.08112104366535
CEC1_E007_S09964_L0221,89.00242272085374
CEC1_E007_S09967_L0229,65.82545125641408
CEC1_E007_S09969_L0202,78.55126049345317
CEC1_E007_S09971_L0200,72.51876836701955
CEC1_E007_S09972_L0217,67.49545908723663
CEC1_E007_S09977_L0243,77.97238108793677
CEC1_E007_S09981_L0229,88.77571715852007
CEC1_E007_S09981_L0242,87.28432919408961
CEC1_E007_S09983_L0231,86.7209611294744
CEC1_E007_S09984_L0240,84.28130337934886
CEC1_E007_S09985_L0241,84.65600470444863
CEC1_E007_S09990_L0229,84.57037602926759
CEC1_E007_S09990_L0242,82.55131949872194
CEC1_E007_S09991_L0212,10.776472227017972
CEC1_E007_S10000_L0231,84.7678345488865
CEC1_E009_S08508_L0202,78.50399603203674
CEC1_E009_S08512_L0242,86.06405364070596
CEC1_E009_S08515_L0241,79.78897737571381
CEC1_E009_S08516_L0241,73.09202669074746
CEC1_E009_S08518_L0222,59.36168322283017
CEC1_E009_S08523_L0242,79.22918415090781
CEC1_E009_S08532_L0231,44.816950353633324
CEC1_E009_S08534_L0221,78.13251586284268
CEC1_E009_S08537_L0219,75.12154680653254
CEC1_E009_S08540_L0236,45.03670554331961
CEC1_E009_S08546_L0242,83.45444631075476
CEC1_E009_S08555_L0201,81.93360127972322
CEC1_E009_S08558_L0222,72.20297645714653
CEC1_E009_S08561_L0200,26.03803754991216
CEC1_E009_S08563_L0208,88.59014465214763
CEC1_E009_S08563_L0209,88.57016972974378
CEC1_E009_S08564_L0236,84.97155035728402
CEC1_E009_S08566_L0217,27.29517630861995
CEC1_E009_S08569_L0218,85.99846937760408
CEC1_E009_S08574_L0236,82.87067463385013
CEC1_E009_S08575_L0227,85.04860990124872
CEC1_E009_S08575_L0241,85.70329335120016
CEC1_E009_S08576_L0219,88.78623010029317
CEC1_E009_S08578_L0215,64.07468778931324
CEC1_E009_S08579_L0218,76.01690738476849
CEC1_E009_S08579_L0221,57.620797129616285
CEC1_E009_S08582_L0208,59.61875624628527
CEC1_E009_S08586_L0236,85.338479745851
CEC1_E009_S08590_L0201,48.44360042458853
CEC1_E009_S08593_L0236,80.10670510688078
CEC1_E009_S08594_L0212,87.64852405701862
CEC1_E009_S08594_L0221,87.99930320267225
CEC1_E009_S08595_L0200,85.27745581462065
CEC1_E009_S08596_L0243,88.43391636014242
CEC1_E009_S08600_L0222,88.43483278924418
CEC1_E009_S08603_L0222,88.59949005566486
CEC1_E009_S08605_L0217,87.129797006265
CEC1_E009_S08606_L0215,52.81190375253474
CEC1_E009_S08613_L0229,72.26256388008704
CEC1_E009_S08613_L0242,72.43387115875674
CEC1_E009_S08614_L0217,82.09512359388802
CEC1_E009_S08620_L0202,61.07976033819455
CEC1_E009_S08624_L0236,72.29552707812779
CEC1_E009_S08625_L0229,84.30003334362512
CEC1_E009_S08625_L0235,82.29168310163897
CEC1_E009_S08627_L0218,53.59231330641789
CEC1_E009_S08628_L0224,73.27178785491685
CEC1_E009_S08633_L0217,77.78434742392542
CEC1_E009_S08644_L0218,83.35170991685234
CEC1_E009_S08644_L0221,82.12727680879824
CEC1_E009_S08645_L0227,84.58056864140974
CEC1_E009_S08645_L0241,75.34638038177641
CEC1_E009_S08649_L0224,88.32038136633454
CEC1_E009_S08651_L0208,80.0980698604781
CEC1_E009_S08651_L0209,76.34754165616208
CEC1_E009_S08652_L0218,86.85592392965806
CEC1_E009_S08653_L0212,58.879675051108826
CEC1_E009_S08656_L0208,48.76861508471416
CEC1_E009_S08657_L0229,79.6410773826226
CEC1_E009_S08657_L0242,84.51064823363559
CEC1_E009_S08660_L0212,73.90965062455179
CEC1_E009_S08662_L0200,87.39117467257968
CEC1_E009_S08667_L0236,74.54752080610992
CEC1_E009_S08668_L0236,88.05914958814928
CEC1_E009_S08671_L0229,76.54046232159307
CEC1_E009_S08671_L0235,78.47466188639177
CEC1_E009_S08685_L0227,34.15046873743566
CEC1_E009_S08685_L0241,62.92855228836958
CEC1_E009_S08686_L0200,12.789968673838695
CEC1_E009_S08688_L0240,62.99500169636415
CEC1_E009_S08689_L0200,69.83712203277393
CEC1_E009_S08690_L0222,84.83367151400812
CEC1_E009_S08691_L0217,68.62471694109847
CEC1_E009_S08693_L0217,72.2868477117537
CEC1_E009_S08702_L0209,73.75559019954295
CEC1_E009_S08703_L0219,71.93151463648448
CEC1_E009_S08707_L0208,85.34249665243249
CEC1_E009_S08713_L0242,88.24591879660001
CEC1_E009_S08714_L0202,76.36809476049295
CEC1_E009_S08717_L0202,85.62542897012766
CEC1_E009_S08719_L0236,87.94538636468069
CEC1_E009_S08722_L0242,87.52537281278862
CEC1_E009_S08723_L0243,78.68317689245882
CEC1_E009_S08725_L0231,66.15141118029831
CEC1_E009_S08727_L0215,87.05961974918334
CEC1_E009_S08729_L0219,89.21690206655332
CEC1_E009_S08732_L0227,89.02620795272212
CEC1_E009_S08732_L0235,88.65198665737638
CEC1_E009_S08735_L0242,77.00530104031981
CEC1_E009_S08739_L0202,63.001769359294684
CEC1_E009_S08742_L0219,75.4894432957236
CEC1_E009_S08751_L0219,72.77631727199861
CEC1_E009_S08752_L0200,78.93038156686957
CEC1_E009_S08752_L0240,78.70243484674828
CEC1_E009_S08753_L0218,88.32353556561839
CEC1_E009_S08753_L0221,87.23154568650827
CEC1_E009_S08756_L0224,12.103174530719453
CEC1_E009_S08759_L0201,48.817599106806455
CEC1_E009_S08761_L0236,88.36319529674073
CEC1_E009_S08765_L0243,83.92059717010432
CEC1_E009_S08766_L0209,57.74849915760374
CEC1_E009_S08767_L0243,85.41464248258754
CEC1_E009_S08771_L0241,88.35362246570702
CEC1_E009_S08778_L0236,64.90003295654967
CEC1_E009_S08779_L0236,66.37395729475763
CEC1_E009_S08780_L0236,87.4028979371621
CEC1_E009_S08781_L0209,84.7094429400757
CEC1_E009_S08782_L0224,76.04140375561146
CEC1_E009_S08785_L0215,65.83322279913675
CEC1_E009_S08786_L0231,87.42636773218287
CEC1_E009_S08789_L0227,79.83710114467785
CEC1_E009_S08789_L0241,63.60321816434393
CEC1_E009_S08790_L0227,64.41388327941026
CEC1_E009_S08790_L0241,64.83190412044758
CEC1_E009_S08791_L0227,88.94129456171252
CEC1_E009_S08791_L0235,88.19823940550593
CEC1_E009_S08794_L0201,88.05234359194104
CEC1_E009_S08795_L0227,66.85015958265086
CEC1_E009_S08795_L0241,64.0799636166774
CEC1_E009_S08798_L0219,56.44939683562896
CEC1_E009_S08806_L0240,62.21022591297173
CEC1_E009_S08807_L0201,85.33413867036028
CEC1_E009_S08808_L0222,63.29733592692811
CEC1_E009_S08809_L0215,61.57521959638373
CEC1_E009_S08810_L0236,82.55715852016019
CEC1_E009_S08815_L0241,86.68164445557159
CEC1_E009_S08816_L0208,64.23532992698952
CEC1_E009_S08816_L0209,58.81895588080735
CEC1_E009_S08818_L0222,87.14708132453403
CEC1_E009_S08820_L0236,61.332623646936106
CEC1_E009_S08821_L0227,69.85188757958117
CEC1_E009_S08821_L0241,68.12137921642469
CEC1_E009_S08823_L0235,62.666419611726916
CEC1_E009_S08824_L0243,64.17046855893057
CEC1_E009_S08827_L0218,85.29974368402812
CEC1_E009_S08827_L0221,78.81366679024316
CEC1_E009_S08828_L0242,70.16509230880344
CEC1_E009_S08829_L0200,51.07468255517237
CEC1_E009_S08829_L0240,56.649341931983564
CEC1_E009_S08831_L0219,89.01047357848441
CEC1_E009_S08833_L0231,77.90373885130087
CEC1_E009_S08835_L0217,78.33145227134527
CEC1_E009_S08836_L0231,69.45689709530316
CEC1_E009_S08838_L0217,22.184885544742002
CEC1_E009_S08843_L0208,37.30693395419356
CEC1_E009_S08844_L0218,81.73303049255556
CEC1_E009_S08844_L0221,83.22845742452934
CEC1_E009_S08847_L0208,81.06725584982311
CEC1_E009_S08851_L0229,88.67217086105596
CEC1_E009_S08851_L0235,88.694512286037
CEC1_E009_S08853_L0218,86.21670058046767
CEC1_E009_S08854_L0201,27.16644880165287
CEC1_E009_S08855_L0224,77.87956246183461
CEC1_E009_S08856_L0212,70.18940646947854
CEC1_E009_S08856_L0221,74.13666073478139
CEC1_E009_S08858_L0208,87.08943164419745
CEC1_E009_S08858_L0209,84.34763165736587
CEC1_E009_S08861_L0241,32.88342924790474
CEC1_E009_S08862_L0231,82.40213092534943
CEC1_E009_S08867_L0229,84.71312737543377
CEC1_E009_S08867_L0242,87.39979390263805
CEC1_E009_S08869_L0243,86.51322832639727
CEC1_E009_S08870_L0208,58.76224694263809
CEC1_E009_S08871_L0242,56.22512208481339
CEC1_E009_S08872_L0218,59.943916566904626
CEC1_E009_S08873_L0218,54.805926389007055
CEC1_E009_S08879_L0231,36.072058761556896
CEC1_E009_S08883_L0229,68.64190463720945
CEC1_E009_S08883_L0242,68.66955959678174
CEC1_E009_S08884_L0229,83.44392331423798
CEC1_E009_S08884_L0235,85.16328834844315
CEC1_E009_S08885_L0201,11.33155559297815
CEC1_E009_S08885_L0215,14.00504587325949
CEC1_E009_S08889_L0227,84.15665816549709
CEC1_E009_S08889_L0235,86.14277347534727
CEC1_E009_S08890_L0201,84.00013918947553
CEC1_E009_S08891_L0229,85.25977906099197
CEC1_E009_S08891_L0242,84.25071817702802
CEC1_E009_S08895_L0202,18.00749165248277
CEC1_E009_S08897_L0217,64.51745666576593
CEC1_E009_S08899_L0217,87.78781099328566
CEC1_E009_S08901_L0215,88.52207182071234
CEC1_E009_S08905_L0212,79.25953370964174
CEC1_E009_S08905_L0221,80.56819961994067
CEC1_E009_S08907_L0201,86.68217615345829
CEC1_E009_S08908_L0227,87.70043654562525
CEC1_E009_S08908_L0241,87.03411813220372
CEC1_E009_S08916_L0224,72.95938422856369
CEC1_E009_S08917_L0229,81.05052699926952
CEC1_E009_S08917_L0235,83.45760622866945
CEC1_E009_S08919_L0212,78.78895512290573
CEC1_E009_S08919_L0221,80.49418640231893
CEC1_E009_S08920_L0222,87.73267515458018
CEC1_E009_S08922_L0224,74.583282272573
CEC1_E009_S08923_L0224,88.54313950720363
CEC1_E009_S08925_L0229,85.81077584072331
CEC1_E009_S08928_L0202,86.6521096179329
CEC1_E009_S08931_L0231,81.97158229133318
CEC1_E009_S08934_L0200,75.99811084669126
CEC1_E009_S08934_L0240,64.99634823398262
CEC1_E009_S08935_L0201,79.21116246244493
CEC1_E009_S08936_L0231,84.21289356419825
CEC1_E009_S08937_L0229,46.51923134975585
CEC1_E009_S08937_L0235,50.386671367824825
CEC1_E009_S08940_L0231,76.51818377474957
CEC1_E009_S08941_L0243,65.10419271859175
CEC1_E009_S08942_L0200,85.48755211918217
CEC1_E009_S08942_L0240,87.17477916748817
CEC1_E009_S08943_L0209,71.056836732435
CEC1_E009_S08944_L0202,86.29032139791752
CEC1_E009_S08949_L0212,85.62451523429446
CEC1_E009_S08950_L0212,88.59367187110726
CEC1_E009_S08952_L0208,84.06357412455768
CEC1_E009_S08952_L0209,77.0499354113221
CEC1_E009_S08955_L0227,55.07971848751132
CEC1_E009_S08955_L0241,43.33951421287413
CEC1_E009_S08956_L0231,87.33823362151952
CEC1_E009_S08958_L0227,87.50127846581447
CEC1_E009_S08958_L0235,86.93352852947508
CEC1_E009_S08960_L0219,80.20393655147831
CEC1_E009_S08961_L0240,74.91362983324639
CEC1_E009_S08965_L0218,39.43589157824724
CEC1_E009_S08965_L0221,38.21301462398591
CEC1_E009_S08967_L0219,73.9211620924599
CEC1_E009_S08971_L0201,61.044223104687845
CEC1_E009_S08973_L0243,46.262649258253404
CEC1_E009_S08976_L0243,66.91804921843165
CEC1_E009_S08979_L0236,74.11579380178553
CEC1_E009_S08980_L0231,53.123887279681625
CEC1_E009_S08983_L0222,50.90066137172771
CEC1_E009_S08985_L0202,86.61366344569548
CEC1_E009_S08987_L0243,88.27515708640213
CEC1_E009_S08993_L0227,70.53498856687942
CEC1_E009_S08993_L0235,79.53528117829015
CEC1_E009_S08997_L0241,64.27792702095817
CEC1_E009_S08998_L0215,75.65621511884639
CEC1_E009_S08999_L0200,17.641139908163517
CEC1_E009_S09000_L0242,88.81881441469541
CEC1_E009_S09006_L0240,80.74368090236302
CEC1_E009_S09011_L0200,69.24540445589683
CEC1_E009_S09011_L0240,69.97526776389873
CEC1_E009_S09013_L0222,86.44426155937734
CEC1_E009_S09014_L0201,81.67713341364262
CEC1_E009_S09018_L0208,88.57075172414498
CEC1_E009_S09021_L0227,84.61871775081417
CEC1_E009_S09021_L0235,87.76062099382631
CEC1_E009_S09025_L0215,78.9031951680871
CEC1_E009_S09025_L0227,78.78818652323676
CEC1_E009_S09026_L0200,87.05802368009931
CEC1_E009_S09029_L0240,78.02644179746571
CEC1_E009_S09030_L0224,54.626713393602664
CEC1_E009_S09034_L0201,80.78943418487502
CEC1_E009_S09039_L0215,54.220712248179105
CEC1_E009_S09040_L0212,83.46917918118142
CEC1_E009_S09044_L0229,84.2146515381929
CEC1_E009_S09046_L0217,88.61677410949123
CEC1_E009_S09047_L0215,69.52401274758992
CEC1_E009_S09051_L0231,88.365738353147
CEC1_E009_S09052_L0212,82.7395634054087
CEC1_E009_S09061_L0224,86.92495108996373
CEC1_E009_S09067_L0243,55.84845810298835
CEC1_E009_S09069_L0231,76.78872170981991
CEC1_E009_S09071_L0208,81.98501076474305
CEC1_E009_S09071_L0209,75.67372864992616
CEC1_E009_S09073_L0227,88.88786127310465
CEC1_E009_S09073_L0235,88.56612975736043
CEC1_E009_S09076_L0217,73.90180967980693
CEC1_E009_S09078_L0201,12.911881987062218
CEC1_E009_S09079_L0208,85.76564749434168
CEC1_E009_S09079_L0243,87.69823359897433
CEC1_E009_S09082_L0217,88.14334119616414
CEC1_E009_S09085_L0201,85.1958534583336
CEC1_E009_S09088_L0236,76.79196926264399
CEC1_E009_S09089_L0212,47.631082794378855
CEC1_E009_S09089_L0221,47.99001823950522
CEC1_E009_S09092_L0227,85.27621231406701
CEC1_E009_S09092_L0235,86.82722013427109
CEC1_E009_S09094_L0200,65.40960680079569
CEC1_E009_S09101_L0231,88.69243426742058
CEC1_E009_S09109_L0240,86.07171789463013
CEC1_E009_S09111_L0222,88.7571675750381
CEC1_E009_S09113_L0201,18.890677554441712
CEC1_E009_S09119_L0231,79.7432858230941
CEC1_E009_S09122_L0217,85.6275223209515
CEC1_E009_S09125_L0202,88.05528829507907
CEC1_E009_S09128_L0227,62.651967346598454
CEC1_E009_S09128_L0241,62.761240506813984
CEC1_E009_S09132_L0224,63.791422554493415
CEC1_E009_S09135_L0215,63.264846125965924
CEC1_E009_S09136_L0215,63.14349084036712
CEC1_E009_S09137_L0222,54.75037740415962
CEC1_E009_S09140_L0236,87.67221232729277
CEC1_E009_S09142_L0224,81.43408407132198
CEC1_E009_S09144_L0215,85.49468626393927
CEC1_E009_S09152_L0201,74.44520920508455
CEC1_E009_S09154_L0215,56.548326559489276
CEC1_E009_S09155_L0243,86.69803283989646
CEC1_E009_S09156_L0202,73.6784909486021
CEC1_E009_S09158_L0217,76.83585859810083
CEC1_E009_S09161_L0201,51.308460662974916
CEC1_E009_S09164_L0200,72.55589045402745
CEC1_E009_S09166_L0235,85.72749061061118
CEC1_E009_S09168_L0200,70.0103563028725
CEC1_E009_S09168_L0240,79.17673412850228
CEC1_E009_S09169_L0229,64.35845390459056
CEC1_E009_S09169_L0242,85.84643306860059
CEC1_E009_S09170_L0224,59.830319538510736
CEC1_E009_S09174_L0236,87.66781268575639
CEC1_E009_S09175_L0227,85.25985262395034
CEC1_E009_S09175_L0235,87.56506280739065
CEC1_E009_S09177_L0208,86.30961938940136
CEC1_E009_S09177_L0209,85.10777224792811
CEC1_E009_S09178_L0241,88.47265845549478
CEC1_E009_S09181_L0218,88.26875511424717
CEC1_E009_S09181_L0221,87.2090884781435
CEC1_E009_S09188_L0208,53.883457174462244
CEC1_E009_S09192_L0217,85.88187964186534
CEC1_E009_S09193_L0201,86.77030355454202
CEC1_E009_S09196_L0208,76.7380456232748
CEC1_E009_S09196_L0209,66.80008772012947
CEC1_E009_S09197_L0202,88.44889255833093
CEC1_E009_S09203_L0243,86.62366365203707
CEC1_E009_S09205_L0217,40.792844157344575
CEC1_E009_S09209_L0212,78.86235143355961
CEC1_E009_S09209_L0221,78.62991208034133
CEC1_E009_S09214_L0229,88.46613275374874
CEC1_E009_S09214_L0235,88.41298986102636
CEC1_E009_S09218_L0236,82.76478713147397
CEC1_E009_S09219_L0202,85.98924714164592
CEC1_E009_S09219_L0224,85.70317663276948
CEC1_E009_S09224_L0243,87.02795950161943
CEC1_E009_S09228_L0218,78.61251598135395
CEC1_E009_S09229_L0200,64.00733095199442
CEC1_E009_S09229_L0240,79.11567685459764
CEC1_E009_S09231_L0222,57.551193935467076
CEC1_E009_S09234_L0241,65.93490062455417
CEC1_E009_S09236_L0229,88.71850350722825
CEC1_E009_S09236_L0242,88.83861196209135
CEC1_E009_S09238_L0224,83.56709772609916
CEC1_E009_S09240_L0229,88.17727223890769
CEC1_E009_S09240_L0235,88.33946093948717
CEC1_E009_S09242_L0229,83.29968639332468
CEC1_E009_S09242_L0235,81.30984119317615
CEC1_E009_S09245_L0236,62.56854221866692
CEC1_E009_S09248_L0209,71.97524276691826
CEC1_E009_S09250_L0236,83.87991668315969
CEC1_E009_S09251_L0212,36.228182509465384
CEC1_E009_S09251_L0218,25.804163132683975
CEC1_E009_S09253_L0242,77.09239986584402
CEC1_E009_S09257_L0231,61.02849633013099
CEC1_E009_S09259_L0200,82.02499595256967
CEC1_E009_S09259_L0240,82.62638135166563
CEC1_E009_S09261_L0243,74.4721353019156
CEC1_E009_S09262_L0242,19.226896606908433
CEC1_E009_S09264_L0217,88.69823224107205
CEC1_E009_S09265_L0224,71.45990735079445
CEC1_E009_S09267_L0200,56.30522293371478
CEC1_E009_S09267_L0240,53.49470893034589
CEC1_E009_S09271_L0236,84.98072311343378
CEC1_E009_S09272_L0236,83.39665014399014
CEC1_E009_S09274_L0217,53.49170497517005
CEC1_E009_S09276_L0229,68.77666140316711
CEC1_E009_S09276_L0235,71.07361464596649
CEC1_E009_S09278_L0224,84.819101818453
CEC1_E009_S09281_L0222,81.56338601769103
CEC1_E009_S09282_L0200,66.11502563905923
CEC1_E009_S09282_L0240,74.82927673734012
CEC1_E009_S09284_L0229,79.02444854988146
CEC1_E009_S09284_L0242,79.35540853617499
CEC1_E009_S09286_L0202,79.35304093300749
CEC1_E009_S09290_L0200,66.2227991032252
CEC1_E009_S09290_L0240,74.42735450039856
CEC1_E009_S09291_L0202,88.48992746863232
CEC1_E009_S09296_L0202,79.02789447746574
CEC1_E009_S09297_L0222,54.4566459430177
CEC1_E009_S09298_L0243,87.05172314504607
CEC1_E009_S09304_L0231,84.79215329542363
CEC1_E009_S09306_L0242,74.28905663807977
CEC1_E009_S09308_L0224,68.88310942455102
CEC1_E009_S09311_L0201,68.20833424701249
CEC1_E009_S09312_L0229,81.6679307055904
CEC1_E009_S09312_L0235,81.89381196984436
CEC1_E009_S09315_L0229,53.79452029260561
CEC1_E009_S09315_L0242,59.756110383076646
CEC1_E009_S09317_L0227,74.17944238117565
CEC1_E009_S09317_L0235,77.22639343749552
CEC1_E009_S09320_L0224,52.15592915431661
CEC1_E009_S09321_L0201,74.92485234353938
CEC1_E009_S09325_L0208,75.5093908029887
CEC1_E009_S09328_L0201,82.01818343020109
CEC1_E009_S09329_L0240,61.75989137967399
CEC1_E009_S09331_L0222,85.44575961634483
CEC1_E009_S09333_L0201,73.7840914472729
CEC1_E009_S09338_L0222,66.47370053363827
CEC1_E009_S09339_L0215,83.9760807742112
CEC1_E009_S09342_L0224,25.47036202707844
CEC1_E009_S09343_L0202,46.51872851386813
CEC1_E009_S09345_L0208,82.31400126063798
CEC1_E009_S09345_L0209,73.542459833629
CEC1_E009_S09346_L0218,84.09720174360746
CEC1_E009_S09350_L0219,84.60628467723137
CEC1_E009_S09351_L0219,62.91701915483281
CEC1_E009_S09352_L0219,72.48914870146749
CEC1_E009_S09356_L0243,62.03906597945904
CEC1_E009_S09361_L0208,51.713879122496515
CEC1_E009_S09361_L0209,47.30186071703852
CEC1_E009_S09362_L0202,57.2490139300564
CEC1_E009_S09363_L0222,42.813658261486026
CEC1_E009_S09364_L0231,44.72437845454243
CEC1_E009_S09365_L0224,51.92667196682732
CEC1_E009_S09366_L0208,13.456719700286511
CEC1_E009_S09367_L0209,88.1519347867739
CEC1_E009_S09369_L0200,20.556435820391435
CEC1_E009_S09370_L0240,86.41397185929196
CEC1_E009_S09377_L0201,16.671718162060017
CEC1_E009_S09378_L0241,45.32571427570444
CEC1_E009_S09379_L0243,86.94246240686356
CEC1_E009_S09381_L0242,27.770272312908116
CEC1_E009_S09385_L0217,78.91598732425761
CEC1_E009_S09386_L0212,84.84796527255587
CEC1_E009_S09386_L0221,85.8528693919178
CEC1_E009_S09387_L0212,62.48618622696683
CEC1_E009_S09387_L0221,65.56114744643094
CEC1_E009_S09391_L0218,72.92899219049191
CEC1_E009_S09391_L0221,58.87684453501266
CEC1_E009_S09395_L0201,63.940530835923504
CEC1_E009_S09397_L0243,64.02565447119426
CEC1_E009_S09402_L0209,50.80155163307359
CEC1_E009_S09407_L0229,77.07101416150694
CEC1_E009_S09407_L0242,62.7532679271071
CEC1_E009_S09411_L0243,78.60318883859759
CEC1_E009_S09413_L0229,51.61140478202068
CEC1_E009_S09413_L0242,49.57564231890367
CEC1_E009_S09423_L0227,62.88479430601986
CEC1_E009_S09423_L0235,65.5656789057767
CEC1_E009_S09424_L0217,82.49926485546884
CEC1_E009_S09426_L0212,62.42464331359057
CEC1_E009_S09426_L0221,60.23682956013971
CEC1_E009_S09428_L0243,44.87658902470043
CEC1_E009_S09429_L0241,38.51570860466859
CEC1_E009_S09430_L0201,88.22396183904138
CEC1_E009_S09448_L0202,88.02777000631146
CEC1_E009_S09450_L0212,29.59715220867561
CEC1_E009_S09452_L0209,48.11639904999492
CEC1_E009_S09453_L0218,88.46130511441052
CEC1_E009_S09453_L0221,88.15832377168233
CEC1_E009_S09459_L0218,79.7798257833897
CEC1_E009_S09462_L0240,82.64958917652854
CEC1_E009_S09463_L0242,88.48226548520226
CEC1_E009_S09468_L0229,31.378998269949896
CEC1_E009_S09468_L0235,28.916392590693828
CEC1_E009_S09469_L0219,82.48877673398223
CEC1_E009_S09474_L0219,82.54828998124573
CEC1_E009_S09475_L0208,81.89293137594326
CEC1_E009_S09475_L0209,78.88472445963309
CEC1_E009_S09476_L0217,85.410864322557
CEC1_E009_S09480_L0240,60.560312301584126
CEC1_E009_S09482_L0217,12.570156068001943
CEC1_E009_S09483_L0219,44.98415868937446
CEC1_E009_S09485_L0227,73.75486586128643
CEC1_E009_S09485_L0235,84.91245602808539
CEC1_E009_S09500_L0217,40.91225900847302
CEC1_E009_S09502_L0231,72.85535580077534
CEC1_E009_S09509_L0212,70.09153253499915
CEC1_E009_S09514_L0219,87.31520136440352
CEC1_E009_S09515_L0201,88.50598123279752
CEC1_E009_S09519_L0218,88.31469031870584
CEC1_E009_S09519_L0221,88.22434011925485
CEC1_E009_S09520_L0241,65.4657594176121
CEC1_E009_S09525_L0215,52.40578961745355
CEC1_E009_S09528_L0200,73.67459358415782
CEC1_E009_S09529_L0217,65.44242784620914
CEC1_E009_S09533_L0208,88.41312004699192
CEC1_E009_S09533_L0209,88.31646072362321
CEC1_E009_S09536_L0236,64.19932073923515
CEC1_E009_S09540_L0218,68.75057452071522
CEC1_E009_S09542_L0229,71.2974482455231
CEC1_E009_S09542_L0242,57.65244586874801
CEC1_E009_S09543_L0222,27.676396938611816
CEC1_E009_S09544_L0212,72.26040047012496
CEC1_E009_S09545_L0215,80.99248132450607
CEC1_E009_S09549_L0222,64.28901265817136
CEC1_E009_S09553_L0227,76.14795282695148
CEC1_E009_S09553_L0241,81.94179713033313
CEC1_E009_S09554_L0200,88.7230490910592
CEC1_E009_S09556_L0202,72.35098290040919
CEC1_E009_S09558_L0200,70.65803340504446
CEC1_E009_S09564_L0215,84.55408265648542
CEC1_E009_S09569_L0222,78.88714482179662
CEC1_E009_S09571_L0236,85.77320783023715
CEC1_E009_S09573_L0219,64.17313178627171
CEC1_E009_S09574_L0212,66.7865923846387
CEC1_E009_S09574_L0221,67.10427861593539
CEC1_E009_S09577_L0200,77.43272956198926
CEC1_E009_S09579_L0219,69.06705971647291
CEC1_E009_S09580_L0212,73.30827478533143
CEC1_E009_S09580_L0221,73.28206015511955
CEC1_E009_S09586_L0200,70.39684427129077
CEC1_E009_S09587_L0219,81.67033069777155
CEC1_E009_S09589_L0217,31.460739949431687
CEC1_E009_S09595_L0202,77.18109426997651
CEC1_E009_S09596_L0215,55.68439553508537
CEC1_E009_S09606_L0215,57.94591826175332
CEC1_E009_S09611_L0219,71.22004669684324
CEC1_E009_S09613_L0212,87.10576285560902
CEC1_E009_S09613_L0221,87.5725139455925
CEC1_E009_S09615_L0222,86.59725601656146
CEC1_E009_S09619_L0202,84.76670517042196
CEC1_E009_S09620_L0231,62.268063874178324
CEC1_E009_S09621_L0202,83.08442661507608
CEC1_E009_S09624_L0241,26.642527982095054
CEC1_E009_S09625_L0231,71.39771395994121
CEC1_E009_S09626_L0224,56.94959080188948
CEC1_E009_S09627_L0218,80.37894324045776
CEC1_E009_S09628_L0236,88.76892397369858
CEC1_E009_S09631_L0201,56.399684024013006
CEC1_E009_S09631_L0215,39.02218966996764
CEC1_E009_S09634_L0227,68.58126716953662
CEC1_E009_S09634_L0241,66.09353281978785
CEC1_E009_S09637_L0231,82.1124780705717
CEC1_E009_S09641_L0222,88.56548555593609
CEC1_E009_S09643_L0231,81.27282941442053
CEC1_E009_S09646_L0209,63.154825865411304
CEC1_E009_S09649_L0209,59.99112595625281
CEC1_E009_S09652_L0209,77.68313263074928
CEC1_E009_S09655_L0218,18.687870053330943
CEC1_E009_S09655_L0221,30.771475722162073
CEC1_E009_S09658_L0240,58.73843390043416
CEC1_E009_S09660_L0200,11.409636685139342
CEC1_E009_S09660_L0240,10.665765928792512
CEC1_E009_S09662_L0241,84.83529005488707
CEC1_E009_S09663_L0212,60.68141023517202
CEC1_E009_S09663_L0221,61.39177593955603
CEC1_E009_S09669_L0212,74.553382561553
CEC1_E009_S09669_L0221,79.28131844429706
CEC1_E009_S09670_L0243,88.50811046749801
CEC1_E009_S09671_L0202,31.360634096932696
CEC1_E009_S09673_L0227,64.36264073871548
CEC1_E009_S09673_L0235,70.04144008504396
CEC1_E009_S09676_L0219,88.36382119044723
CEC1_E009_S09677_L0202,58.95954146961908
CEC1_E009_S09678_L0200,85.64053405195554
CEC1_E009_S09678_L0240,87.37697734546256
CEC1_E009_S09681_L0222,68.5763020548315
CEC1_E009_S09684_L0222,86.99249347633123
CEC1_E009_S09689_L0200,88.53258393226174
CEC1_E009_S09689_L0240,88.59691490070803
CEC1_E009_S09699_L0219,66.44210165644621
CEC1_E009_S09702_L0229,88.54648746926696
CEC1_E009_S09702_L0235,88.63357008242386
CEC1_E009_S09705_L0217,81.496152305296
CEC1_E009_S09707_L0243,87.14566424225848
CEC1_E009_S09710_L0209,56.41349589249471
CEC1_E009_S09714_L0236,86.10402486976346
CEC1_E009_S09715_L0218,67.2802167879854
CEC1_E009_S09715_L0221,73.00066536901322
CEC1_E009_S09716_L0222,81.64257685634827
CEC1_E009_S09717_L0242,18.000108843840508
CEC1_E009_S09719_L0224,53.19195047378974
CEC1_E009_S09723_L0219,38.34377566312403
CEC1_E009_S09733_L0215,60.58842499116585
CEC1_E009_S09738_L0240,76.33390153389516
CEC1_E009_S09740_L0243,88.49831391583578
CEC1_E009_S09749_L0219,57.24591557222165
CEC1_E009_S09753_L0224,11.887521486965854
CEC1_E009_S09754_L0224,80.26599418594074
CEC1_E009_S09758_L0212,45.89234359687933
CEC1_E009_S09759_L0219,33.41796174300565
CEC1_E009_S09760_L0215,88.7526416663066
CEC1_E009_S09761_L0202,66.38299952758426
CEC1_E009_S09762_L0231,86.29229087789902
CEC1_E009_S09763_L0241,77.24766181284028
CEC1_E009_S09765_L0222,62.46820295262897
CEC1_E009_S09767_L0240,88.5926819062137
CEC1_E009_S09776_L0231,88.38389465515824
CEC1_E009_S09777_L0229,84.5087358712031
CEC1_E009_S09777_L0242,67.6900561757326
CEC1_E009_S09778_L0231,71.1275131042475
CEC1_E009_S09780_L0242,88.43092691965346
CEC1_E009_S09783_L0229,80.69739525675135
CEC1_E009_S09786_L0235,88.38497389542164
CEC1_E009_S09791_L0215,62.19229595827921
CEC1_E009_S09793_L0208,56.04458271043902
CEC1_E009_S09793_L0209,72.73558252068527
CEC1_E009_S09798_L0227,87.92431154638763
CEC1_E009_S09799_L0224,48.027928766788605
CEC1_E009_S09802_L0224,85.19360210665631
CEC1_E009_S09805_L0218,79.24313334313159
CEC1_E009_S09806_L0218,73.08753526886694
CEC1_E009_S09812_L0201,46.279962752985064
CEC1_E009_S09816_L0212,63.12098760620398
CEC1_E009_S09818_L0224,69.54372629058199
CEC1_E009_S09823_L0222,87.59298908624388
CEC1_E009_S09824_L0236,85.40660886620041
CEC1_E009_S09827_L0219,79.14129399953593
CEC1_E009_S09834_L0222,11.846409402309016
CEC1_E009_S09837_L0218,61.74531045469913
CEC1_E009_S09837_L0221,57.83268032307429
CEC1_E009_S09841_L0243,56.98432909073594
CEC1_E009_S09842_L0240,82.39099277379468
CEC1_E009_S09844_L0208,82.75865605427708
CEC1_E009_S09844_L0209,74.35259135576607
CEC1_E009_S09846_L0217,88.70247295066052
CEC1_E009_S09852_L0209,43.69432467538002
CEC1_E009_S09856_L0222,87.2635109327511
CEC1_E009_S09857_L0212,71.4732410981812
CEC1_E009_S09857_L0221,77.36244135153247
CEC1_E009_S09860_L0208,60.669776078626256
CEC1_E009_S09861_L0202,82.76205285922461
CEC1_E009_S09862_L0243,83.81569095033183
CEC1_E009_S09865_L0208,70.59175889106974
CEC1_E009_S09866_L0229,79.84496242333101
CEC1_E009_S09866_L0235,78.46715556836133
CEC1_E009_S09876_L0243,67.40005177234427
CEC1_E009_S09877_L0202,86.97960509221687
CEC1_E009_S09884_L0208,88.49015981454544
CEC1_E009_S09889_L0215,87.48177908094499
CEC1_E009_S09892_L0208,81.74809575731025
CEC1_E009_S09893_L0227,86.03034898332398
CEC1_E009_S09893_L0241,84.52933989584146
CEC1_E009_S09894_L0227,88.9760330420315
CEC1_E009_S09894_L0235,88.62298621012728
CEC1_E009_S09895_L0221,81.59510929209752
CEC1_E009_S09899_L0222,86.01856715766664
CEC1_E009_S09900_L0243,61.810749217747905
CEC1_E009_S09903_L0236,57.333018515037764
CEC1_E009_S09904_L0208,60.170307133201106
CEC1_E009_S09904_L0209,58.9897199631621
CEC1_E009_S09907_L0243,87.47786733811284
CEC1_E009_S09908_L0215,88.38599629059223
CEC1_E009_S09911_L0202,53.801203066796084
CEC1_E009_S09915_L0202,88.06136079731577
CEC1_E009_S09919_L0231,85.30186048204202
CEC1_E009_S09922_L0212,28.795664947042393
CEC1_E009_S09923_L0218,72.20938919273229
CEC1_E009_S09925_L0231,83.03633093108238
CEC1_E009_S09928_L0201,87.56479224945436
CEC1_E009_S09934_L0219,71.48753975405197
CEC1_E009_S09935_L0242,69.82299988385643
CEC1_E009_S09936_L0200,83.6513322681706
CEC1_E009_S09936_L0240,78.26321618374322
CEC1_E009_S09941_L0219,78.54521292567308
CEC1_E009_S09945_L0215,66.29446822037492
CEC1_E009_S09946_L0212,55.75116396851354
CEC1_E009_S09951_L0200,72.15109769105163
CEC1_E009_S09952_L0218,88.16880517812928
CEC1_E009_S09952_L0221,86.53923458908126
CEC1_E009_S09956_L0209,63.869641916361935
CEC1_E009_S09960_L0236,62.29636063116441
CEC1_E009_S09961_L0212,59.413665101470876
CEC1_E009_S09964_L0201,84.95349497348718
CEC1_E009_S09967_L0217,60.77817148855802
CEC1_E009_S09971_L0218,51.25682080933253
CEC1_E009_S09972_L0243,70.508331529625
CEC1_E009_S09978_L0212,72.89260937015295
CEC1_E009_S09983_L0224,72.14601292797353
CEC1_E009_S09985_L0229,62.29655710042753
CEC1_E009_S09985_L0242,70.8076128231106
CEC1_E009_S09991_L0215,64.63129750422345
CEC1_E009_S10000_L0224,51.50434589996248
CEC1_E010_S08502_L0236,50.513075353074285
CEC1_E010_S08510_L0218,83.35139512184314
CEC1_E010_S08510_L0221,81.37476012629908
CEC1_E010_S08512_L0236,50.63485219389766
CEC1_E010_S08514_L0201,81.83478419804611
CEC1_E010_S08515_L0229,41.81704539985034
CEC1_E010_S08515_L0242,56.901645863950456
CEC1_E010_S08518_L0231,69.59129693528493
CEC1_E010_S08520_L0215,75.9551042390457
CEC1_E010_S08523_L0236,74.17940938119727
CEC1_E010_S08529_L0215,63.816053076570384
CEC1_E010_S08530_L0219,72.61400645856614
CEC1_E010_S08532_L0202,31.011297504869546
CEC1_E010_S08537_L0202,76.76003514848266
CEC1_E010_S08540_L0208,62.8283886463909
CEC1_E010_S08540_L0209,49.02418113807875
CEC1_E010_S08546_L0236,69.39056801229039
CEC1_E010_S08547_L0218,79.4580405681036
CEC1_E010_S08547_L0221,72.73349664597
CEC1_E010_S08554_L0243,78.3851795070768
CEC1_E010_S08555_L0241,82.3247986980281
CEC1_E010_S08558_L0231,86.20078973126692
CEC1_E010_S08561_L0218,68.94366715800426
CEC1_E010_S08564_L0208,55.52179444908619
CEC1_E010_S08564_L0209,67.48927165270815
CEC1_E010_S08566_L0243,33.15736064830178
CEC1_E010_S08573_L0219,78.74921628914582
CEC1_E010_S08574_L0208,49.8330198535968
CEC1_E010_S08574_L0209,53.63435799833792
CEC1_E010_S08575_L0242,75.02399542590068
CEC1_E010_S08578_L0227,32.301653329694126
CEC1_E010_S08578_L0235,37.83817454407333
CEC1_E010_S08579_L0201,40.6218474589543
CEC1_E010_S08582_L0219,71.67331604262365
CEC1_E010_S08586_L0209,78.04712853511096
CEC1_E010_S08587_L0212,43.302764974471486
CEC1_E010_S08590_L0227,50.67909656420891
CEC1_E010_S08590_L0241,53.90964296944495
CEC1_E010_S08593_L0209,62.84899328486412
CEC1_E010_S08594_L0201,71.99789953243591
CEC1_E010_S08595_L0218,88.14819099852248
CEC1_E010_S08596_L0222,81.53263174594845
CEC1_E010_S08600_L0231,86.9833617587302
CEC1_E010_S08603_L0231,84.57631575662194
CEC1_E010_S08605_L0236,87.40891853117131
CEC1_E010_S08606_L0229,45.79562348501366
CEC1_E010_S08606_L0235,44.897300053845306
CEC1_E010_S08614_L0243,75.48440872169552
CEC1_E010_S08616_L0218,23.74302903217383
CEC1_E010_S08616_L0221,21.61150287880719
CEC1_E010_S08624_L0209,62.64918497458099
CEC1_E010_S08625_L0217,76.63881414250851
CEC1_E010_S08628_L0200,63.51983243714377
CEC1_E010_S08633_L0243,87.43005558592195
CEC1_E010_S08637_L0212,84.40351384224431
CEC1_E010_S08644_L0201,82.43281091197987
CEC1_E010_S08645_L0242,83.8801915720211
CEC1_E010_S08648_L0212,68.70818568520241
CEC1_E010_S08649_L0200,84.37592134051506
CEC1_E010_S08649_L0240,72.02396424421397
CEC1_E010_S08651_L0222,85.32229225857664
CEC1_E010_S08653_L0215,65.1687759187964
CEC1_E010_S08655_L0236,60.879116154449015
CEC1_E010_S08656_L0219,38.172206140670646
CEC1_E010_S08658_L0218,57.13633873633849
CEC1_E010_S08658_L0221,56.983698706172746
CEC1_E010_S08660_L0215,87.69693961869999
CEC1_E010_S08662_L0218,69.75929949450197
CEC1_E010_S08664_L0224,85.50210677472641
CEC1_E010_S08667_L0208,69.1678873967288
CEC1_E010_S08667_L0209,72.31647474941829
CEC1_E010_S08669_L0227,60.330477975975185
CEC1_E010_S08669_L0241,51.630815288119926
CEC1_E010_S08671_L0217,50.789955694233235
CEC1_E010_S08674_L0243,66.5724625103444
CEC1_E010_S08681_L0212,22.891868695206753
CEC1_E010_S08681_L0221,19.980715099302547
CEC1_E010_S08682_L0224,81.15401684683847
CEC1_E010_S08683_L0229,87.74048950796187
CEC1_E010_S08683_L0235,84.38245692468509
CEC1_E010_S08685_L0242,25.62294653792371
CEC1_E010_S08686_L0218,48.8566921065988
CEC1_E010_S08689_L0218,78.35255202851235
CEC1_E010_S08690_L0231,84.34468419227395
CEC1_E010_S08691_L0236,72.24516377608094
CEC1_E010_S08693_L0236,69.62054599956473
CEC1_E010_S08697_L0218,73.26749412340645
CEC1_E010_S08697_L0221,51.10743572273566
CEC1_E010_S08702_L0222,74.49904023608215
CEC1_E010_S08707_L0219,47.474028154544136
CEC1_E010_S08713_L0236,16.500149722246114
CEC1_E010_S08714_L0240,84.139851670386
CEC1_E010_S08717_L0240,73.73367283742606
CEC1_E010_S08719_L0209,69.34861787956571
CEC1_E010_S08722_L0236,82.59156215299195
CEC1_E010_S08725_L0224,81.88322182640519
CEC1_E010_S08727_L0227,70.75027563549678
CEC1_E010_S08727_L0235,85.92593664936253
CEC1_E010_S08732_L0217,75.9692392755367
CEC1_E010_S08735_L0236,45.90653428851127
CEC1_E010_S08739_L0240,70.11111239316718
CEC1_E010_S08743_L0212,58.847288593209754
CEC1_E010_S08745_L0243,69.2684972584463
CEC1_E010_S08750_L0212,54.650106236133254
CEC1_E010_S08753_L0201,84.64436255451848
CEC1_E010_S08756_L0200,11.450452737902094
CEC1_E010_S08756_L0240,10.177272239766417
CEC1_E010_S08759_L0241,73.21510736173136
CEC1_E010_S08761_L0208,84.07041185970584
CEC1_E010_S08761_L0209,85.2235924837688
CEC1_E010_S08766_L0222,48.71086232125491
CEC1_E010_S08767_L0208,83.08272967396033
CEC1_E010_S08770_L0200,54.890078982606134
CEC1_E010_S08770_L0240,58.72821879695711
CEC1_E010_S08771_L0229,74.75990123659982
CEC1_E010_S08771_L0242,73.31311819001837
CEC1_E010_S08772_L0224,56.98504449741034
CEC1_E010_S08778_L0209,82.22164252384862
CEC1_E010_S08779_L0209,57.568196930031945
CEC1_E010_S08780_L0208,87.58482602521296
CEC1_E010_S08780_L0209,85.91613535703482
CEC1_E010_S08781_L0222,74.74788008012302
CEC1_E010_S08782_L0200,41.655333149060105
CEC1_E010_S08785_L0227,61.78738221493898
CEC1_E010_S08785_L0235,76.39893505698815
CEC1_E010_S08786_L0202,87.97134745284812
CEC1_E010_S08789_L0217,43.407692040736464
CEC1_E010_S08789_L0242,35.427790068242984
CEC1_E010_S08790_L0242,78.1813761403622
CEC1_E010_S08791_L0217,87.61132479770417
CEC1_E010_S08793_L0224,50.55118771259935
CEC1_E010_S08794_L0241,71.33198165411203
CEC1_E010_S08795_L0242,65.11069517409747
CEC1_E010_S08802_L0202,58.31747956398896
CEC1_E010_S08804_L0208,32.703619050419675
CEC1_E010_S08807_L0227,32.32974251034414
CEC1_E010_S08807_L0241,35.7352749606271
CEC1_E010_S08808_L0231,52.796674697291124
CEC1_E010_S08809_L0227,84.4544982040288
CEC1_E010_S08809_L0235,80.97666091855267
CEC1_E010_S08810_L0209,66.27426184600697
CEC1_E010_S08815_L0229,87.07587877929363
CEC1_E010_S08815_L0242,73.9927825770851
CEC1_E010_S08816_L0222,59.75174531404968
CEC1_E010_S08818_L0231,84.62571517523891
CEC1_E010_S08820_L0209,81.14918302584074
CEC1_E010_S08821_L0242,77.96294049335594
CEC1_E010_S08823_L0217,50.77014092903116
CEC1_E010_S08824_L0208,50.11199399142168
CEC1_E010_S08827_L0201,76.23946071001382
CEC1_E010_S08833_L0202,80.80600718024904
CEC1_E010_S08834_L0222,71.60771381693502
CEC1_E010_S08836_L0202,76.17182442847259
CEC1_E010_S08838_L0236,63.47967499346888
CEC1_E010_S08843_L0219,82.05646208950395
CEC1_E010_S08844_L0201,72.57224829340728
CEC1_E010_S08846_L0208,62.15717545072211
CEC1_E010_S08847_L0219,86.54418564231251
CEC1_E010_S08851_L0217,74.26852919324712
CEC1_E010_S08854_L0227,22.350866518973458
CEC1_E010_S08854_L0241,26.83330721972149
CEC1_E010_S08855_L0200,45.92903879104418
CEC1_E010_S08855_L0240,50.80310154194048
CEC1_E010_S08858_L0222,74.8655101550409
CEC1_E010_S08861_L0229,29.590699676963887
CEC1_E010_S08861_L0242,44.23524949444936
CEC1_E010_S08862_L0224,67.11415233771706
CEC1_E010_S08869_L0208,79.88764310014112
CEC1_E010_S08870_L0219,64.68659301256459
CEC1_E010_S08871_L0236,55.31039525698936
CEC1_E010_S08875_L0218,78.1853370924883
CEC1_E010_S08875_L0221,79.82504436732441
CEC1_E010_S08879_L0224,67.79949757911662
CEC1_E010_S08884_L0217,66.0422846140354
CEC1_E010_S08885_L0241,16.0862056362919
CEC1_E010_S08887_L0243,15.187914923746844
CEC1_E010_S08888_L0215,87.60556001616058
CEC1_E010_S08889_L0217,86.18275022687838
CEC1_E010_S08890_L0241,64.07972603466071
CEC1_E010_S08893_L0212,64.05706321786187
CEC1_E010_S08893_L0221,61.707333112564775
CEC1_E010_S08894_L0212,57.70592265270042
CEC1_E010_S08894_L0221,43.79193529247051
CEC1_E010_S08895_L0240,19.461060043447397
CEC1_E010_S08897_L0236,45.14297962231446
CEC1_E010_S08899_L0236,68.92971515022369
CEC1_E010_S08901_L0229,86.1469275619118
CEC1_E010_S08901_L0235,84.49767905014055
CEC1_E010_S08903_L0212,53.82735432548418
CEC1_E010_S08905_L0201,77.71384452213007
CEC1_E010_S08907_L0227,60.10524737954187
CEC1_E010_S08907_L0241,53.9006792546969
CEC1_E010_S08908_L0242,81.00729921546981
CEC1_E010_S08916_L0200,73.32710798596673
CEC1_E010_S08916_L0240,72.37101130495627
CEC1_E010_S08917_L0217,47.048734115465926
CEC1_E010_S08919_L0201,78.22730039346703
CEC1_E010_S08920_L0231,75.97610935543938
CEC1_E010_S08922_L0200,37.09425232876806
CEC1_E010_S08922_L0240,53.35190250362299
CEC1_E010_S08923_L0200,82.77744673179492
CEC1_E010_S08923_L0240,86.55240092401483
CEC1_E010_S08931_L0224,80.21820571503413
CEC1_E010_S08935_L0241,46.78002549682466
CEC1_E010_S08936_L0202,79.69316751682065
CEC1_E010_S08937_L0217,44.02506463337528
CEC1_E010_S08939_L0212,72.43868701905221
CEC1_E010_S08939_L0221,67.77328651246776
CEC1_E010_S08940_L0224,77.21129887079763
CEC1_E010_S08941_L0208,39.50993471244585
CEC1_E010_S08943_L0222,79.5904876391107
CEC1_E010_S08944_L0200,81.54256402838658
CEC1_E010_S08944_L0240,74.92223856873363
CEC1_E010_S08949_L0215,67.54955312214071
CEC1_E010_S08950_L0215,84.05772396663941
CEC1_E010_S08952_L0222,58.18515468560104
CEC1_E010_S08955_L0242,56.305730216571625
CEC1_E010_S08956_L0202,84.84029949715553
CEC1_E010_S08958_L0217,53.80876118042336
CEC1_E010_S08959_L0243,40.14826734693302
CEC1_E010_S08965_L0201,35.27913008439089
CEC1_E010_S08969_L0219,76.06109588432759
CEC1_E010_S08971_L0227,54.01022978692427
CEC1_E010_S08971_L0241,52.90972040718867
CEC1_E010_S08976_L0208,65.68747655866575
CEC1_E010_S08979_L0208,58.836330514617096
CEC1_E010_S08979_L0209,64.24597855386499
CEC1_E010_S08980_L0202,53.60361183404818
CEC1_E010_S08983_L0231,33.642697927524125
CEC1_E010_S08987_L0208,78.50434622185132
CEC1_E010_S08992_L0218,29.359305391762827
CEC1_E010_S08992_L0221,34.30076508146171
CEC1_E010_S08993_L0217,65.20827105982856
CEC1_E010_S08997_L0229,79.18280902556425
CEC1_E010_S08997_L0242,87.11542796314436
CEC1_E010_S08998_L0229,73.923702776214
CEC1_E010_S08998_L0235,66.71194484823057
CEC1_E010_S08999_L0218,47.25375077588384
CEC1_E010_S09000_L0236,88.29471873012245
CEC1_E010_S09009_L0212,61.0216092863102
CEC1_E010_S09014_L0227,48.186906164297326
CEC1_E010_S09017_L0218,13.05236272361791
CEC1_E010_S09017_L0221,13.956136568137179
CEC1_E010_S09018_L0219,79.17845868409798
CEC1_E010_S09021_L0217,56.172326135210426
CEC1_E010_S09026_L0218,78.9169562513981
CEC1_E010_S09028_L0229,78.55408428255902
CEC1_E010_S09028_L0235,71.32839890088192
CEC1_E010_S09030_L0200,74.53753738901138
CEC1_E010_S09034_L0241,71.73224126130697
CEC1_E010_S09036_L0229,29.47016015123351
CEC1_E010_S09039_L0229,42.572746436101134
CEC1_E010_S09039_L0235,54.20661113616677
CEC1_E010_S09040_L0215,64.22054343356413
CEC1_E010_S09046_L0236,88.3408175903533
CEC1_E010_S09047_L0229,63.563053601918995
CEC1_E010_S09047_L0235,62.683820470619
CEC1_E010_S09049_L0212,69.25095641450206
CEC1_E010_S09049_L0221,66.79728208964953
CEC1_E010_S09051_L0224,88.22752307239641
CEC1_E010_S09052_L0215,81.12461476420715
CEC1_E010_S09054_L0209,51.45396627204499
CEC1_E010_S09057_L0235,59.08407033294834
CEC1_E010_S09061_L0200,83.19786191600403
CEC1_E010_S09065_L0212,46.9567332475901
CEC1_E010_S09065_L0221,36.4725470511303
CEC1_E010_S09069_L0224,70.61024042965023
CEC1_E010_S09070_L0212,83.10703468259392
CEC1_E010_S09071_L0222,55.34338688469277
CEC1_E010_S09072_L0227,53.661773690836014
CEC1_E010_S09072_L0241,57.4083409638517
CEC1_E010_S09073_L0217,87.75537866813168
CEC1_E010_S09076_L0243,87.86102550899061
CEC1_E010_S09078_L0227,22.64106372391477
CEC1_E010_S09078_L0241,20.9244933867555
CEC1_E010_S09080_L0215,64.72478323863875
CEC1_E010_S09082_L0236,52.900501259805864
CEC1_E010_S09085_L0227,85.10646560119271
CEC1_E010_S09085_L0241,86.97775689894867
CEC1_E010_S09086_L0212,26.47368573016837
CEC1_E010_S09088_L0208,36.86903854268905
CEC1_E010_S09088_L0209,36.635614545815706
CEC1_E010_S09089_L0201,39.527948882641894
CEC1_E010_S09091_L0224,62.25571527431136
CEC1_E010_S09092_L0217,72.97669571951651
CEC1_E010_S09094_L0218,84.45465662838266
CEC1_E010_S09100_L0209,71.2922319425146
CEC1_E010_S09101_L0224,87.56021197201869
CEC1_E010_S09107_L0218,51.19872450874399
CEC1_E010_S09107_L0221,45.97909800287073
CEC1_E010_S09111_L0231,86.20650289896163
CEC1_E010_S09113_L0227,36.06905606612831
CEC1_E010_S09113_L0241,31.353207349001263
CEC1_E010_S09122_L0243,77.2383443403277
CEC1_E010_S09128_L0242,49.39648582074176
CEC1_E010_S09132_L0200,76.27052798111526
CEC1_E010_S09132_L0240,84.1230657523407
CEC1_E010_S09135_L0229,83.04350389707952
CEC1_E010_S09135_L0235,84.81396016336157
CEC1_E010_S09136_L0227,76.47322804672174
CEC1_E010_S09136_L0235,74.2740632624355
CEC1_E010_S09137_L0231,40.43438781178182
CEC1_E010_S09140_L0208,79.50680261125842
CEC1_E010_S09140_L0209,83.54185900963904
CEC1_E010_S09142_L0200,78.05432292675569
CEC1_E010_S09144_L0227,86.87226827197786
CEC1_E010_S09144_L0235,88.2665397356397
CEC1_E010_S09150_L0215,33.75476198860415
CEC1_E010_S09152_L0227,39.63993284281036
CEC1_E010_S09152_L0241,40.84308171120457
CEC1_E010_S09154_L0227,63.18049608509118
CEC1_E010_S09154_L0235,76.87732095226322
CEC1_E010_S09155_L0208,71.52300000950304
CEC1_E010_S09156_L0240,77.28365347179019
CEC1_E010_S09158_L0243,57.2501362838656
CEC1_E010_S09161_L0241,48.005596384073264
CEC1_E010_S09164_L0218,81.36114049714622
CEC1_E010_S09170_L0240,46.19014038121494
CEC1_E010_S09172_L0243,81.63891429821845
CEC1_E010_S09175_L0217,81.59442846589431
CEC1_E010_S09177_L0222,85.68141831786062
CEC1_E010_S09178_L0229,88.30773840506724
CEC1_E010_S09178_L0242,87.85426318363284
CEC1_E010_S09180_L0224,53.69101627047091
CEC1_E010_S09181_L0201,86.79846323224614
CEC1_E010_S09188_L0219,51.96880154766242
CEC1_E010_S09191_L0224,49.687215172093076
CEC1_E010_S09192_L0243,82.3342488794636
CEC1_E010_S09193_L0241,81.58893077276434
CEC1_E010_S09196_L0222,40.07053578284347
CEC1_E010_S09197_L0240,72.07313015096572
CEC1_E010_S09198_L0212,83.02442733730663
CEC1_E010_S09199_L0218,87.90270577995523
CEC1_E010_S09199_L0221,85.77611830959991
CEC1_E010_S09203_L0208,74.74284004221599
CEC1_E010_S09205_L0236,58.78653446719652
CEC1_E010_S09208_L0218,85.24030050062714
CEC1_E010_S09208_L0221,85.86522811175168
CEC1_E010_S09209_L0201,57.219349689599944
CEC1_E010_S09214_L0217,83.47835793585533
CEC1_E010_S09218_L0208,84.31537755091153
CEC1_E010_S09218_L0209,87.17094714716751
CEC1_E010_S09227_L0219,86.84851838251441
CEC1_E010_S09231_L0231,50.506001151093116
CEC1_E010_S09234_L0229,72.68079997151
CEC1_E010_S09234_L0242,70.85006319827811
CEC1_E010_S09238_L0200,73.36798516716172
CEC1_E010_S09238_L0240,65.51399259724174
CEC1_E010_S09240_L0217,75.5817624469951
CEC1_E010_S09242_L0217,37.683017565573515
CEC1_E010_S09243_L0231,88.13246270574726
CEC1_E010_S09245_L0208,56.85806291066999
CEC1_E010_S09245_L0209,60.35737717944366
CEC1_E010_S09246_L0229,51.55760546007733
CEC1_E010_S09246_L0235,59.75757822004209
CEC1_E010_S09248_L0222,63.57570484150241
CEC1_E010_S09250_L0209,36.12393120624373
CEC1_E010_S09251_L0201,15.578713999602142
CEC1_E010_S09255_L0224,52.825799919851825
CEC1_E010_S09257_L0224,44.695504333881274
CEC1_E010_S09258_L0224,42.87960259796239
CEC1_E010_S09262_L0236,37.046120235559
CEC1_E010_S09264_L0236,88.17381426598125
CEC1_E010_S09265_L0200,65.30909399816518
CEC1_E010_S09270_L0243,84.34891647608042
CEC1_E010_S09271_L0208,82.10882439969335
CEC1_E010_S09271_L0209,83.80833971718728
CEC1_E010_S09272_L0209,78.04909251005115
CEC1_E010_S09274_L0236,37.56402463082676
CEC1_E010_S09276_L0217,39.0297555387447
CEC1_E010_S09278_L0200,60.731450975199245
CEC1_E010_S09278_L0240,79.3874571116044
CEC1_E010_S09281_L0231,57.50853138221322
CEC1_E010_S09288_L0215,42.29732728688527
CEC1_E010_S09297_L0231,41.287169877277435
CEC1_E010_S09298_L0208,47.38160082793165
CEC1_E010_S09306_L0236,69.80800914965494
CEC1_E010_S09308_L0200,66.00765591019277
CEC1_E010_S09311_L0227,52.22539395005042
CEC1_E010_S09311_L0241,53.70787906924866
CEC1_E010_S09312_L0217,81.89600187320457
CEC1_E010_S09314_L0215,24.88615638422786
CEC1_E010_S09317_L0217,50.372252606786766
CEC1_E010_S09320_L0200,28.899569575197777
CEC1_E010_S09321_L0241,64.67349591796673
CEC1_E010_S09324_L0236,42.97101495850626
CEC1_E010_S09324_L0243,34.70894351279253
CEC1_E010_S09325_L0219,31.584625527184226
CEC1_E010_S09328_L0241,72.07250200365202
CEC1_E010_S09331_L0231,60.647644465924195
CEC1_E010_S09333_L0227,60.148834475602655
CEC1_E010_S09333_L0241,55.77289350144161
CEC1_E010_S09338_L0231,62.03433919589196
CEC1_E010_S09339_L0229,54.38082715383177
CEC1_E010_S09339_L0235,66.92560731949033
CEC1_E010_S09341_L0218,65.71321438322155
CEC1_E010_S09341_L0221,58.669455644287375
CEC1_E010_S09342_L0200,30.546368989434576
CEC1_E010_S09345_L0222,11.489171533204004
CEC1_E010_S09350_L0202,79.03023373495049
CEC1_E010_S09351_L0202,43.2110697853426
CEC1_E010_S09352_L0202,72.42056623858701
CEC1_E010_S09359_L0219,75.69521791855516
CEC1_E010_S09360_L0215,68.596986048778
CEC1_E010_S09361_L0219,53.93862029175363
CEC1_E010_S09363_L0231,50.81561452572295
CEC1_E010_S09365_L0200,42.02754632400949
CEC1_E010_S09366_L0219,14.800325665480907
CEC1_E010_S09367_L0222,69.55667676143499
CEC1_E010_S09377_L0241,14.271573011638976
CEC1_E010_S09378_L0229,38.104230546998366
CEC1_E010_S09378_L0242,66.84743421489193
CEC1_E010_S09380_L0218,33.29420602568323
CEC1_E010_S09380_L0221,50.94266079300339
CEC1_E010_S09382_L0243,13.287739774561254
CEC1_E010_S09385_L0243,56.007732953623886
CEC1_E010_S09386_L0201,83.99300607397424
CEC1_E010_S09387_L0201,27.687778699278674
CEC1_E010_S09391_L0201,51.38964259526137
CEC1_E010_S09395_L0227,69.4690442898591
CEC1_E010_S09395_L0241,61.48115949026917
CEC1_E010_S09396_L0215,79.91018586849586
CEC1_E010_S09397_L0208,47.69169711125853
CEC1_E010_S09398_L0218,40.236524998313016
CEC1_E010_S09398_L0221,43.61600550773674
CEC1_E010_S09402_L0222,53.86801130652185
CEC1_E010_S09406_L0212,33.22814387382388
CEC1_E010_S09423_L0217,26.596038208096406
CEC1_E010_S09424_L0236,63.67643133485639
CEC1_E010_S09426_L0201,52.60895830685687
CEC1_E010_S09427_L0212,63.294016295074776
CEC1_E010_S09427_L0221,65.78986307785536
CEC1_E010_S09429_L0229,15.94644790586149
CEC1_E010_S09429_L0242,38.73914004595492
CEC1_E010_S09430_L0241,61.958703512369546
CEC1_E010_S09436_L0219,46.30145761876414
CEC1_E010_S09438_L0243,84.40114194025108
CEC1_E010_S09446_L0212,68.4202717722434
CEC1_E010_S09446_L0221,64.40243605462477
CEC1_E010_S09450_L0215,46.58318942289059
CEC1_E010_S09451_L0215,28.822776162310518
CEC1_E010_S09452_L0222,70.73088476371541
CEC1_E010_S09453_L0201,87.22951856906215
CEC1_E010_S09454_L0219,31.13142908746568
CEC1_E010_S09455_L0212,78.46364831685757
CEC1_E010_S09460_L0219,71.78759520887185
CEC1_E010_S09463_L0236,44.1438021839467
CEC1_E010_S09468_L0217,35.04622752180765
CEC1_E010_S09469_L0202,49.016773901759684
CEC1_E010_S09470_L0218,16.68778493938047
CEC1_E010_S09470_L0221,14.303365525718732
CEC1_E010_S09474_L0202,58.6800328376365
CEC1_E010_S09475_L0222,55.327873595722686
CEC1_E010_S09476_L0236,86.88417843131161
CEC1_E010_S09482_L0243,14.227315901322445
CEC1_E010_S09483_L0202,29.40815185043967
CEC1_E010_S09485_L0217,58.682896629996144
CEC1_E010_S09488_L0243,68.77957088122851
CEC1_E010_S09500_L0243,49.36747496081608
CEC1_E010_S09502_L0202,40.82828696917729
CEC1_E010_S09503_L0224,72.88018604191706
CEC1_E010_S09508_L0215,39.82962048126549
CEC1_E010_S09509_L0215,85.65111758606562
CEC1_E010_S09510_L0212,70.4123873370322
CEC1_E010_S09510_L0221,73.78306226730378
CEC1_E010_S09514_L0202,76.68205915684825
CEC1_E010_S09515_L0241,80.78719205515117
CEC1_E010_S09517_L0217,51.327374009482895
CEC1_E010_S09519_L0201,77.88297124483721
CEC1_E010_S09520_L0229,32.65103722543465
CEC1_E010_S09520_L0242,45.02826894970934
CEC1_E010_S09525_L0229,47.664286468109495
CEC1_E010_S09525_L0235,50.47385859812811
CEC1_E010_S09527_L0222,14.684288267208105
CEC1_E010_S09528_L0218,38.634930933110475
CEC1_E010_S09529_L0243,69.31204426830152
CEC1_E010_S09532_L0212,58.18609620245846
CEC1_E010_S09532_L0221,53.2385046389442
CEC1_E010_S09533_L0222,71.59261728064688
CEC1_E010_S09536_L0209,30.819282851490556
CEC1_E010_S09543_L0231,33.346012035293626
CEC1_E010_S09544_L0215,76.60403115292605
CEC1_E010_S09545_L0229,84.06944059910502
CEC1_E010_S09545_L0235,75.96965668901537
CEC1_E010_S09546_L0224,29.2270985231871
CEC1_E010_S09551_L0212,60.783742138385335
CEC1_E010_S09551_L0221,58.20548976939008
CEC1_E010_S09553_L0242,51.199380381348156
CEC1_E010_S09554_L0218,77.06530465841378
CEC1_E010_S09556_L0240,70.64760687440919
CEC1_E010_S09557_L0243,49.815070556690195
CEC1_E010_S09559_L0218,70.28299930910471
CEC1_E010_S09564_L0227,71.54273802223969
CEC1_E010_S09564_L0235,63.921498960636875
CEC1_E010_S09569_L0231,78.15569603462161
CEC1_E010_S09571_L0208,52.5348986917438
CEC1_E010_S09571_L0209,66.6112634658596
CEC1_E010_S09574_L0201,85.62223138874376
CEC1_E010_S09576_L0219,14.340717268763022
CEC1_E010_S09576_L0231,12.030887383952422
CEC1_E010_S09577_L0218,79.87225377868367
CEC1_E010_S09579_L0202,59.360635587428234
CEC1_E010_S09580_L0201,65.81143815553854
CEC1_E010_S09581_L0212,77.35541568513618
CEC1_E010_S09581_L0221,69.56979746624403
CEC1_E010_S09586_L0218,71.92190366968931
CEC1_E010_S09587_L0202,71.0537151196734
CEC1_E010_S09589_L0243,26.562734692890928
CEC1_E010_S09593_L0219,76.03600596428655
CEC1_E010_S09595_L0240,63.10159954868696
CEC1_E010_S09596_L0227,77.1407162621906
CEC1_E010_S09596_L0235,79.18262980045337
CEC1_E010_S09606_L0227,30.80693085391812
CEC1_E010_S09606_L0235,28.0109304755088
CEC1_E010_S09610_L0242,61.65933096901094
CEC1_E010_S09613_L0201,71.54029446399967
CEC1_E010_S09615_L0231,82.04822345854811
CEC1_E010_S09616_L0224,67.70957313252786
CEC1_E010_S09618_L0243,44.03739483441276
CEC1_E010_S09619_L0240,74.1265540262752
CEC1_E010_S09620_L0202,55.933203906569716
CEC1_E010_S09624_L0229,18.85983584774764
CEC1_E010_S09624_L0242,13.344472498416327
CEC1_E010_S09625_L0224,72.0392076458332
CEC1_E010_S09626_L0200,58.8901478522679
CEC1_E010_S09628_L0208,84.19242498826901
CEC1_E010_S09628_L0209,85.11191271576801
CEC1_E010_S09631_L0235,11.886214892715053
CEC1_E010_S09634_L0242,49.131179027268225
CEC1_E010_S09637_L0202,51.17738012499842
CEC1_E010_S09641_L0231,84.02786538294276
CEC1_E010_S09643_L0224,53.39410260284567
CEC1_E010_S09646_L0222,51.148198815195805
CEC1_E010_S09649_L0222,56.378829167935415
CEC1_E010_S09652_L0222,62.12959704949554
CEC1_E010_S09655_L0201,16.541532426890438
CEC1_E010_S09662_L0229,71.7968802143879
CEC1_E010_S09662_L0242,78.9242588508347
CEC1_E010_S09663_L0201,56.727262411624764
CEC1_E010_S09666_L0215,69.07498736517684
CEC1_E010_S09669_L0201,67.78311032025894
CEC1_E010_S09673_L0217,48.44026670868182
CEC1_E010_S09677_L0240,52.5944460983934
CEC1_E010_S09681_L0231,62.986998590631934
CEC1_E010_S09684_L0231,67.31910758304545
CEC1_E010_S09691_L0224,26.631696943865858
CEC1_E010_S09699_L0202,81.5296437327377
CEC1_E010_S09702_L0217,76.02089346096568
CEC1_E010_S09704_L0224,64.56539372959617
CEC1_E010_S09705_L0243,36.65561456238707
CEC1_E010_S09710_L0222,36.1028165859106
CEC1_E010_S09714_L0209,66.55580936080256
CEC1_E010_S09715_L0201,58.504172369517526
CEC1_E010_S09716_L0231,83.86874680447687
CEC1_E010_S09717_L0236,39.12357974525497
CEC1_E010_S09719_L0200,50.98109282422943
CEC1_E010_S09719_L0240,67.57359689122136
CEC1_E010_S09722_L0212,54.65663476421179
CEC1_E010_S09723_L0202,58.11532157790699
CEC1_E010_S09733_L0229,56.48189815562974
CEC1_E010_S09733_L0235,59.48373678547164
CEC1_E010_S09738_L0218,61.570820471677536
CEC1_E010_S09749_L0202,70.6163423537754
CEC1_E010_S09753_L0200,25.136660709573714
CEC1_E010_S09754_L0200,46.51743694275669
CEC1_E010_S09754_L0240,41.492667420153026
CEC1_E010_S09755_L0224,75.92832898131019
CEC1_E010_S09758_L0215,26.680442169370444
CEC1_E010_S09760_L0227,86.33183318012537
CEC1_E010_S09760_L0235,87.77152522435128
CEC1_E010_S09762_L0202,83.87052078101043
CEC1_E010_S09765_L0231,41.42294746621966
CEC1_E010_S09776_L0224,78.40773592048649
CEC1_E010_S09778_L0202,63.79940482917056
CEC1_E010_S09780_L0236,86.15814320071829
CEC1_E010_S09785_L0212,42.46509162350969
CEC1_E010_S09785_L0221,33.072224741370285
CEC1_E010_S09786_L0229,74.09491446892021
CEC1_E010_S09790_L0219,50.666422125139924
CEC1_E010_S09791_L0227,28.321354983741262
CEC1_E010_S09791_L0235,36.96118583545256
CEC1_E010_S09793_L0222,42.02268722259024
CEC1_E010_S09797_L0219,75.51167005530138
CEC1_E010_S09798_L0242,47.73960762178183
CEC1_E010_S09799_L0200,48.963473011266615
CEC1_E010_S09802_L0200,87.02074111186417
CEC1_E010_S09803_L0212,83.12692509543933
CEC1_E010_S09803_L0221,82.21299208932277
CEC1_E010_S09805_L0212,74.62524746118818
CEC1_E010_S09811_L0215,68.7285146818581
CEC1_E010_S09812_L0227,27.89037326509204
CEC1_E010_S09812_L0241,28.242853930156357
CEC1_E010_S09816_L0215,46.836895307830524
CEC1_E010_S09818_L0200,66.77936993549778
CEC1_E010_S09818_L0240,52.738586310923765
CEC1_E010_S09819_L0243,63.03391940718929
CEC1_E010_S09823_L0231,61.09251253523244
CEC1_E010_S09824_L0209,72.40761524044667
CEC1_E010_S09828_L0219,57.11303127845294
CEC1_E010_S09830_L0212,26.551464124960933
CEC1_E010_S09830_L0221,29.90145175736742
CEC1_E010_S09831_L0219,21.01377323675686
CEC1_E010_S09833_L0215,52.281900883658906
CEC1_E010_S09834_L0231,9.71919555706692
CEC1_E010_S09837_L0201,73.28818711435741
CEC1_E010_S09841_L0208,23.994581572339268
CEC1_E010_S09844_L0222,48.95250054318543
CEC1_E010_S09846_L0243,76.35610788617029
CEC1_E010_S09852_L0222,19.505887110785682
CEC1_E010_S09856_L0231,54.77812314902413
CEC1_E010_S09857_L0201,71.46964609243504
CEC1_E010_S09860_L0219,51.46897183022515
CEC1_E010_S09861_L0240,42.81409718908152
CEC1_E010_S09865_L0219,52.91187083764744
CEC1_E010_S09866_L0217,58.036143791949634
CEC1_E010_S09870_L0215,75.97841003780634
CEC1_E010_S09876_L0208,71.61092489242422
CEC1_E010_S09877_L0240,59.2237633206641
CEC1_E010_S09879_L0219,33.08940805385583
CEC1_E010_S09884_L0219,71.46994611819204
CEC1_E010_S09889_L0227,86.57177141442115
CEC1_E010_S09889_L0235,86.27571107856578
CEC1_E010_S09891_L0208,38.35142340788231
CEC1_E010_S09892_L0219,40.52221111756342
CEC1_E010_S09893_L0242,71.33484497167119
CEC1_E010_S09894_L0217,77.54703860932892
CEC1_E010_S09895_L0215,81.87630327846865
CEC1_E010_S09899_L0231,85.72775642671608
CEC1_E010_S09900_L0208,53.68415715269409
CEC1_E010_S09903_L0209,55.18220633061618
CEC1_E010_S09904_L0222,55.4534678319605
CEC1_E010_S09908_L0229,51.72546302755835
CEC1_E010_S09908_L0235,53.89359298485299
CEC1_E010_S09911_L0240,50.64421994906889
CEC1_E010_S09913_L0224,72.95408184168402
CEC1_E010_S09919_L0202,66.54125463837575
CEC1_E010_S09920_L0236,59.47009114308244
CEC1_E010_S09922_L0215,21.059594279681743
CEC1_E010_S09925_L0224,63.91937657310366
CEC1_E010_S09926_L0224,43.88762411477466
CEC1_E010_S09928_L0241,48.87812692065999
CEC1_E010_S09934_L0202,18.16090850673826
CEC1_E010_S09935_L0236,76.68530244280335
CEC1_E010_S09941_L0202,63.303535550232716
CEC1_E010_S09942_L0201,78.78976248267416
CEC1_E010_S09945_L0229,52.51877870417654
CEC1_E010_S09945_L0235,47.52213572074057
CEC1_E010_S09946_L0215,70.66968971901886
CEC1_E010_S09951_L0218,39.91039948194116
CEC1_E010_S09952_L0201,85.2591433193347
CEC1_E010_S09960_L0209,15.548454353297696
CEC1_E010_S09961_L0215,61.39794842521662
CEC1_E010_S09964_L0227,87.4387840036832
CEC1_E010_S09964_L0241,86.53673415200007
CEC1_E010_S09967_L0243,43.9688888099633
CEC1_E010_S09972_L0208,59.42009314313899
CEC1_E010_S09977_L0219,53.56444810725388
CEC1_E010_S09978_L0215,63.890360431562655
CEC1_E010_S09981_L0243,53.73851261832744
CEC1_E010_S09983_L0200,72.23012841508258
CEC1_E010_S09984_L0212,10.673201191534622
CEC1_E010_S09984_L0221,10.489954928565533
CEC1_E010_S09990_L0243,58.43280735252442
CEC1_E010_S09991_L0227,79.15495097925506
CEC1_E010_S09991_L0235,80.21739917907789
CEC1_E010_S10000_L0200,39.38062870816985
CEC1_E010_S10000_L0240,39.7843587932688
CEC1_E013_S08510_L0201,88.61955441823316
CEC1_E013_S08511_L0240,88.42887898025667
CEC1_E013_S08512_L0209,80.205929981613
CEC1_E013_S08516_L0236,73.68684155067703
CEC1_E013_S08520_L0229,76.4891416714531
CEC1_E013_S08520_L0235,70.55238483131387
CEC1_E013_S08523_L0209,88.52843005386869
CEC1_E013_S08529_L0229,79.5737405837735
CEC1_E013_S08529_L0235,75.86985190844536
CEC1_E013_S08530_L0202,82.35479890671473
CEC1_E013_S08532_L0240,51.84693004923222
CEC1_E013_S08534_L0215,83.10308751989314
CEC1_E013_S08534_L0241,83.02353741148849
CEC1_E013_S08540_L0222,86.02240156257352
CEC1_E013_S08546_L0209,83.00806442559941
CEC1_E013_S08547_L0201,87.81068519079656
CEC1_E013_S08555_L0229,88.89170816242485
CEC1_E013_S08555_L0242,88.67778590230198
CEC1_E013_S08558_L0202,78.3969010344342
CEC1_E013_S08564_L0222,86.10935920530407
CEC1_E013_S08566_L0208,85.26715489121703
CEC1_E013_S08569_L0215,87.63473446983525
CEC1_E013_S08574_L0222,74.6040438644947
CEC1_E013_S08575_L0236,83.46015340228375
CEC1_E013_S08576_L0224,88.95745222449483
CEC1_E013_S08578_L0217,87.47329959909935
CEC1_E013_S08579_L0241,85.6004092389534
CEC1_E013_S08587_L0215,70.07313339056203
CEC1_E013_S08590_L0242,79.29359370038995
CEC1_E013_S08593_L0222,87.29956134598096
CEC1_E013_S08594_L0227,88.52023428944615
CEC1_E013_S08594_L0241,88.8068651485868
CEC1_E013_S08600_L0202,88.7924820454738
CEC1_E013_S08603_L0202,88.99335760741535
CEC1_E013_S08605_L0208,88.96157259892182
CEC1_E013_S08605_L0209,88.96108493317573
CEC1_E013_S08606_L0217,66.07096043652986
CEC1_E013_S08613_L0243,87.71891336198401
CEC1_E013_S08614_L0208,86.86727053383363
CEC1_E013_S08616_L0201,88.0028002354525
CEC1_E013_S08624_L0222,83.29084345439801
CEC1_E013_S08625_L0243,87.53304229587559
CEC1_E013_S08627_L0215,84.32165442890127
CEC1_E013_S08628_L0218,87.99554327486777
CEC1_E013_S08633_L0208,80.71277095177673
CEC1_E013_S08636_L0218,88.6136945044024
CEC1_E013_S08636_L0221,88.71438218643048
CEC1_E013_S08637_L0215,85.14593209172644
CEC1_E013_S08644_L0241,88.52192731907112
CEC1_E013_S08645_L0236,81.73912232843908
CEC1_E013_S08648_L0215,86.61269833196901
CEC1_E013_S08651_L0231,88.2098893627866
CEC1_E013_S08652_L0215,88.72674650640127
CEC1_E013_S08653_L0227,82.82191921694702
CEC1_E013_S08653_L0235,75.95004409935179
CEC1_E013_S08655_L0209,75.74925387793148
CEC1_E013_S08657_L0243,88.58542208295977
CEC1_E013_S08658_L0201,85.60655045807174
CEC1_E013_S08660_L0227,88.1724747274886
CEC1_E013_S08660_L0235,88.64325263754188
CEC1_E013_S08664_L0200,87.5527360343447
CEC1_E013_S08667_L0222,72.87642698666997
CEC1_E013_S08671_L0243,79.45460807498058
CEC1_E013_S08681_L0201,28.882548442928726
CEC1_E013_S08682_L0200,81.68979858945879
CEC1_E013_S08683_L0217,88.88452891133052
CEC1_E013_S08685_L0236,74.37844668343936
CEC1_E013_S08688_L0212,84.53492711066701
CEC1_E013_S08688_L0221,74.12776145657182
CEC1_E013_S08690_L0224,82.21751592667165
CEC1_E013_S08691_L0208,85.24336454030623
CEC1_E013_S08691_L0209,86.19345068015781
CEC1_E013_S08693_L0208,79.07558277485677
CEC1_E013_S08693_L0209,79.31452085349868
CEC1_E013_S08697_L0201,70.42964803092687
CEC1_E013_S08702_L0231,88.21658060702144
CEC1_E013_S08703_L0224,88.09975525243222
CEC1_E013_S08704_L0212,88.19147942064664
CEC1_E013_S08710_L0218,86.19777686996966
CEC1_E013_S08710_L0221,79.4545938135455
CEC1_E013_S08713_L0209,64.3103979790556
CEC1_E013_S08719_L0222,88.15732260247712
CEC1_E013_S08722_L0209,87.48391019645311
CEC1_E013_S08723_L0219,89.09744240431013
CEC1_E013_S08725_L0200,86.07522651679753
CEC1_E013_S08725_L0240,86.14660288787314
CEC1_E013_S08727_L0217,86.88221880978286
CEC1_E013_S08732_L0236,88.99723567827492
CEC1_E013_S08735_L0209,87.33968829261515
CEC1_E013_S08742_L0224,86.33602126011068
CEC1_E013_S08743_L0215,84.37263528997076
CEC1_E013_S08750_L0215,86.01030930180953
CEC1_E013_S08751_L0224,88.86336152434426
CEC1_E013_S08752_L0212,87.35693516793371
CEC1_E013_S08753_L0241,88.98064127934309
CEC1_E013_S08759_L0229,86.91866038890556
CEC1_E013_S08759_L0242,84.14210011914867
CEC1_E013_S08761_L0222,88.68147594287534
CEC1_E013_S08765_L0219,84.86345949123955
CEC1_E013_S08766_L0231,87.2009245187711
CEC1_E013_S08767_L0219,89.08265952745626
CEC1_E013_S08768_L0221,68.4523112274432
CEC1_E013_S08778_L0222,77.53025405249299
CEC1_E013_S08779_L0222,88.55162116230112
CEC1_E013_S08780_L0222,83.93339332789226
CEC1_E013_S08781_L0231,88.3921650669341
CEC1_E013_S08782_L0218,88.20341082739259
CEC1_E013_S08785_L0217,75.13917997652095
CEC1_E013_S08786_L0240,88.87641554324165
CEC1_E013_S08790_L0236,82.59219372133647
CEC1_E013_S08791_L0236,84.06300819096207
CEC1_E013_S08793_L0200,79.80607447163054
CEC1_E013_S08794_L0229,88.79835438252556
CEC1_E013_S08794_L0242,87.5554740577193
CEC1_E013_S08795_L0236,88.51037143397073
CEC1_E013_S08798_L0224,47.17456824893827
CEC1_E013_S08800_L0218,74.93932715737598
CEC1_E013_S08800_L0221,67.63423305007574
CEC1_E013_S08802_L0240,78.82240386870062
CEC1_E013_S08803_L0200,88.88006499827206
CEC1_E013_S08804_L0219,75.87385176181176
CEC1_E013_S08807_L0242,87.35557291013329
CEC1_E013_S08808_L0202,80.29239694391784
CEC1_E013_S08809_L0217,85.27083498060371
CEC1_E013_S08810_L0222,88.42930528934795
CEC1_E013_S08816_L0231,79.29912388109918
CEC1_E013_S08817_L0218,87.12178408904563
CEC1_E013_S08817_L0221,79.37934382276796
CEC1_E013_S08818_L0224,87.69948694399802
CEC1_E013_S08820_L0222,87.90356798525815
CEC1_E013_S08821_L0236,86.10089515430194
CEC1_E013_S08824_L0219,67.84419410590668
CEC1_E013_S08827_L0241,80.19856115906005
CEC1_E013_S08828_L0236,86.49090297219402
CEC1_E013_S08829_L0212,80.75977193788115
CEC1_E013_S08831_L0224,88.99430578669018
CEC1_E013_S08833_L0240,86.7683488051398
CEC1_E013_S08835_L0209,88.59164870905407
CEC1_E013_S08836_L0240,79.38886005060226
CEC1_E013_S08837_L0218,88.9994084652234
CEC1_E013_S08837_L0221,88.71452072212513
CEC1_E013_S08838_L0208,23.213406218383433
CEC1_E013_S08838_L0209,23.01063367475399
CEC1_E013_S08844_L0241,84.26051908175745
CEC1_E013_S08851_L0243,88.78985141826487
CEC1_E013_S08853_L0215,86.47813707389481
CEC1_E013_S08854_L0242,72.36615048334083
CEC1_E013_S08858_L0231,88.24572331334114
CEC1_E013_S08862_L0200,89.18285490181907
CEC1_E013_S08862_L0240,88.96766615855414
CEC1_E013_S08867_L0243,88.61862320657794
CEC1_E013_S08869_L0219,87.79859560863952
CEC1_E013_S08871_L0209,69.90402313663947
CEC1_E013_S08872_L0215,87.18390716104632
CEC1_E013_S08873_L0215,82.71142572698555
CEC1_E013_S08875_L0201,88.52880874034598
CEC1_E013_S08879_L0200,75.86200378402022
CEC1_E013_S08879_L0240,79.18805284856776
CEC1_E013_S08883_L0243,83.49185551420423
CEC1_E013_S08884_L0243,87.02791213497197
CEC1_E013_S08885_L0242,25.04128911993081
CEC1_E013_S08888_L0227,89.29317595987624
CEC1_E013_S08889_L0236,88.68719451963514
CEC1_E013_S08890_L0229,85.74650004063253
CEC1_E013_S08890_L0242,82.01006016677276
CEC1_E013_S08891_L0243,88.77257744674237
CEC1_E013_S08893_L0215,63.7516748180232
CEC1_E013_S08894_L0201,87.51277609742993
CEC1_E013_S08897_L0208,75.23645689645468
CEC1_E013_S08897_L0209,73.36191924532294
CEC1_E013_S08899_L0208,85.6916809357257
CEC1_E013_S08899_L0209,86.2451243820042
CEC1_E013_S08901_L0217,88.99331981698403
CEC1_E013_S08903_L0215,73.34770312556455
CEC1_E013_S08905_L0227,80.06313091723261
CEC1_E013_S08905_L0241,79.25008826190475
CEC1_E013_S08907_L0242,87.51064421299182
CEC1_E013_S08908_L0236,87.333224848925
CEC1_E013_S08911_L0221,62.76141187390111
CEC1_E013_S08917_L0243,88.03960066177135
CEC1_E013_S08919_L0227,77.22449103809316
CEC1_E013_S08919_L0241,79.5096109820183
CEC1_E013_S08920_L0202,86.10093470150204
CEC1_E013_S08925_L0243,88.3542973318589
CEC1_E013_S08929_L0218,72.32185935262503
CEC1_E013_S08929_L0221,65.70246519030334
CEC1_E013_S08931_L0200,83.72349530370444
CEC1_E013_S08931_L0240,86.64017331818027
CEC1_E013_S08934_L0212,87.60710862816157
CEC1_E013_S08935_L0229,87.4911694659158
CEC1_E013_S08935_L0242,86.31205211768395
CEC1_E013_S08936_L0240,88.89701536052347
CEC1_E013_S08937_L0243,87.99853066449934
CEC1_E013_S08939_L0201,88.43436071913075
CEC1_E013_S08940_L0200,87.21064332290331
CEC1_E013_S08940_L0240,87.88681782535068
CEC1_E013_S08941_L0219,63.39668527768627
CEC1_E013_S08942_L0212,87.75652336545605
CEC1_E013_S08943_L0231,88.68032428086029
CEC1_E013_S08949_L0227,85.61126174330123
CEC1_E013_S08949_L0235,85.35692177584389
CEC1_E013_S08950_L0227,88.72568158485096
CEC1_E013_S08950_L0235,88.66358050952184
CEC1_E013_S08952_L0231,88.18259896138338
CEC1_E013_S08955_L0236,62.91174949405721
CEC1_E013_S08956_L0240,86.62870196530186
CEC1_E013_S08958_L0236,83.61960287440318
CEC1_E013_S08960_L0224,88.21810289165344
CEC1_E013_S08961_L0212,82.84926718964678
CEC1_E013_S08961_L0221,79.83480092373019
CEC1_E013_S08965_L0241,88.03058292465181
CEC1_E013_S08967_L0224,87.045264026743
CEC1_E013_S08969_L0202,88.58637144490766
CEC1_E013_S08971_L0242,72.6908724255005
CEC1_E013_S08974_L0212,88.4533535191461
CEC1_E013_S08974_L0221,88.035159140088
CEC1_E013_S08976_L0219,70.34811849306226
CEC1_E013_S08977_L0218,76.61800675312358
CEC1_E013_S08977_L0221,69.3072299175917
CEC1_E013_S08979_L0222,76.76768877494776
CEC1_E013_S08980_L0240,58.26850989779842
CEC1_E013_S08983_L0202,61.43097419335572
CEC1_E013_S08993_L0236,85.78888797649405
CEC1_E013_S08998_L0217,88.24389368762758
CEC1_E013_S09000_L0209,88.93539918823288
CEC1_E013_S09006_L0212,76.92864939062365
CEC1_E013_S09006_L0221,71.61679849412654
CEC1_E013_S09009_L0215,88.50273876503393
CEC1_E013_S09011_L0212,81.41546732259171
CEC1_E013_S09013_L0202,83.77520914877053
CEC1_E013_S09017_L0201,65.24999606956402
CEC1_E013_S09021_L0236,87.21344035024555
CEC1_E013_S09025_L0217,77.44202986812007
CEC1_E013_S09029_L0212,88.0452824296345
CEC1_E013_S09029_L0221,85.6292740824314
CEC1_E013_S09030_L0218,87.5795286183933
CEC1_E013_S09034_L0229,84.65917169525001
CEC1_E013_S09034_L0242,86.74979569375732
CEC1_E013_S09036_L0217,88.36625016224254
CEC1_E013_S09039_L0217,80.66710136683234
CEC1_E013_S09040_L0227,89.27440715895301
CEC1_E013_S09040_L0235,88.95855673914211
CEC1_E013_S09044_L0208,70.78021634635151
CEC1_E013_S09046_L0208,88.98788071115405
CEC1_E013_S09046_L0209,88.97501496656884
CEC1_E013_S09047_L0217,86.25298713006622
CEC1_E013_S09049_L0201,88.6208243228739
CEC1_E013_S09051_L0200,88.24458294555144
CEC1_E013_S09051_L0240,88.02718168677411
CEC1_E013_S09052_L0227,78.6596443904679
CEC1_E013_S09052_L0235,77.92222363971744
CEC1_E013_S09054_L0219,48.888412790224045
CEC1_E013_S09061_L0218,88.79620221182381
CEC1_E013_S09065_L0201,88.37030018667613
CEC1_E013_S09067_L0219,85.9423778239986
CEC1_E013_S09069_L0200,86.87122133609832
CEC1_E013_S09069_L0240,88.38643437874889
CEC1_E013_S09070_L0215,88.76026027550697
CEC1_E013_S09071_L0231,88.61754774319193
CEC1_E013_S09072_L0235,88.43365800534434
CEC1_E013_S09072_L0242,88.45306866829367
CEC1_E013_S09073_L0236,88.87823296078388
CEC1_E013_S09074_L0222,56.90489953680683
CEC1_E013_S09076_L0208,88.43537456930959
CEC1_E013_S09078_L0242,67.79736574416059
CEC1_E013_S09080_L0229,87.3585714647875
CEC1_E013_S09080_L0235,86.9252262905783
CEC1_E013_S09082_L0208,88.67244733997337
CEC1_E013_S09082_L0209,88.7152771964826
CEC1_E013_S09085_L0242,79.42063748852165
CEC1_E013_S09086_L0215,59.87740468636622
CEC1_E013_S09088_L0222,78.92237048501678
CEC1_E013_S09089_L0227,73.48432606017194
CEC1_E013_S09089_L0241,65.3505472212616
CEC1_E013_S09091_L0200,88.60710913674231
CEC1_E013_S09092_L0236,88.32294450943897
CEC1_E013_S09101_L0200,89.17072950410322
CEC1_E013_S09101_L0240,88.89534633678196
CEC1_E013_S09106_L0200,89.13029493756474
CEC1_E013_S09107_L0201,88.71466538956103
CEC1_E013_S09109_L0212,88.88414066209654
CEC1_E013_S09109_L0221,88.44944277957953
CEC1_E013_S09111_L0224,88.9855511593915
CEC1_E013_S09113_L0242,81.25728424153006
CEC1_E013_S09118_L0218,86.09991705198357
CEC1_E013_S09118_L0221,78.56473663073182
CEC1_E013_S09119_L0240,88.53727850292712
CEC1_E013_S09128_L0236,69.98003046919557
CEC1_E013_S09135_L0217,86.89625020331499
CEC1_E013_S09136_L0217,71.19133331697583
CEC1_E013_S09137_L0224,82.95446384126629
CEC1_E013_S09140_L0222,87.43757673351196
CEC1_E013_S09142_L0218,88.3856426032129
CEC1_E013_S09144_L0217,87.8334108247579
CEC1_E013_S09148_L0236,87.3150621885561
CEC1_E013_S09150_L0229,83.2009664910518
CEC1_E013_S09150_L0235,71.65386305204656
CEC1_E013_S09152_L0242,83.9153149737718
CEC1_E013_S09154_L0217,72.1176587372889
CEC1_E013_S09155_L0219,89.29630840334255
CEC1_E013_S09158_L0208,88.13110186721565
CEC1_E013_S09161_L0229,61.776918945008894
CEC1_E013_S09161_L0242,60.47606083315742
CEC1_E013_S09168_L0212,87.6351575812434
CEC1_E013_S09169_L0243,86.46232696316982
CEC1_E013_S09172_L0208,88.52456473003011
CEC1_E013_S09174_L0222,88.62247458491998
CEC1_E013_S09175_L0236,84.44707807991979
CEC1_E013_S09177_L0231,88.91469474443069
CEC1_E013_S09180_L0200,88.77360498762525
CEC1_E013_S09181_L0241,88.40906536879606
CEC1_E013_S09184_L0219,64.78134715499682
CEC1_E013_S09184_L0231,64.99581861826427
CEC1_E013_S09191_L0200,79.44072181129452
CEC1_E013_S09192_L0208,87.756526172846
CEC1_E013_S09193_L0229,86.9882959991636
CEC1_E013_S09193_L0242,87.12618211147192
CEC1_E013_S09196_L0231,86.23969402249533
CEC1_E013_S09198_L0215,79.82532277572288
CEC1_E013_S09199_L0201,88.12859454722307
CEC1_E013_S09201_L0217,87.9841601303725
CEC1_E013_S09201_L0242,79.02861379447783
CEC1_E013_S09203_L0219,89.22725561097657
CEC1_E013_S09205_L0208,84.4291643229253
CEC1_E013_S09205_L0209,85.84255533249659
CEC1_E013_S09208_L0201,87.70275978007587
CEC1_E013_S09209_L0227,88.96545456739304
CEC1_E013_S09209_L0241,88.87349607423272
CEC1_E013_S09214_L0243,88.77566258558863
CEC1_E013_S09218_L0222,89.01361140217792
CEC1_E013_S09227_L0202,88.94992912169575
CEC1_E013_S09228_L0215,86.61809486300278
CEC1_E013_S09229_L0212,83.93251484339838
CEC1_E013_S09231_L0202,80.09819787779234
CEC1_E013_S09236_L0243,88.91080245954359
CEC1_E013_S09240_L0243,88.56219554670295
CEC1_E013_S09242_L0243,86.50817565717396
CEC1_E013_S09245_L0222,79.331933739242
CEC1_E013_S09246_L0217,62.44460938318777
CEC1_E013_S09248_L0231,88.58426751809094
CEC1_E013_S09250_L0222,86.28834359855838
CEC1_E013_S09251_L0235,43.440620089887304
CEC1_E013_S09253_L0243,87.55160295146823
CEC1_E013_S09255_L0200,84.66302290080333
CEC1_E013_S09257_L0200,81.86836799590695
CEC1_E013_S09257_L0240,82.1720126773504
CEC1_E013_S09258_L0200,87.25114431004546
CEC1_E013_S09259_L0212,85.05987534964079
CEC1_E013_S09261_L0219,80.33948182092608
CEC1_E013_S09262_L0209,84.70842443645219
CEC1_E013_S09264_L0208,88.74208579183171
CEC1_E013_S09264_L0209,88.8751332425978
CEC1_E013_S09265_L0218,87.08498856474307
CEC1_E013_S09267_L0212,83.09320165849176
CEC1_E013_S09271_L0222,85.69020437580869
CEC1_E013_S09272_L0222,89.0061821509752
CEC1_E013_S09273_L0231,88.70859508031921
CEC1_E013_S09274_L0208,76.44144838488829
CEC1_E013_S09274_L0209,80.19156099054352
CEC1_E013_S09275_L0243,86.10250980845743
CEC1_E013_S09276_L0243,88.65004238009186
CEC1_E013_S09277_L0218,88.98263594019734
CEC1_E013_S09277_L0221,87.88030391748435
CEC1_E013_S09280_L0218,87.41016580471668
CEC1_E013_S09280_L0221,83.68156206880788
CEC1_E013_S09281_L0224,82.71933838018687
CEC1_E013_S09282_L0212,74.74237687787715
CEC1_E013_S09284_L0243,88.02347852478741
CEC1_E013_S09288_L0229,86.61540891834909
CEC1_E013_S09288_L0235,86.4839532202611
CEC1_E013_S09290_L0212,86.49464833261432
CEC1_E013_S09293_L0209,81.97813088337548
CEC1_E013_S09297_L0224,80.38864817021417
CEC1_E013_S09304_L0224,88.28323259160044
CEC1_E013_S09306_L0209,85.08668906595713
CEC1_E013_S09308_L0218,82.0303180182134
CEC1_E013_S09311_L0242,86.89683660440302
CEC1_E013_S09312_L0243,88.04163468860652
CEC1_E013_S09314_L0229,87.37931587788083
CEC1_E013_S09314_L0235,87.81320224793937
CEC1_E013_S09315_L0243,82.67269955766747
CEC1_E013_S09317_L0236,87.66228025147205
CEC1_E013_S09320_L0218,79.45382988267798
CEC1_E013_S09321_L0229,87.68537856221997
CEC1_E013_S09321_L0242,87.8312733510687
CEC1_E013_S09324_L0208,84.2249911508961
CEC1_E013_S09328_L0229,88.50525767073407
CEC1_E013_S09328_L0242,87.34122069995755
CEC1_E013_S09329_L0212,60.31394719682999
CEC1_E013_S09329_L0221,55.46981258783741
CEC1_E013_S09331_L0224,88.70094216891454
CEC1_E013_S09332_L0212,83.68695093700228
CEC1_E013_S09332_L0221,76.53045041719636
CEC1_E013_S09333_L0242,73.7070421034288
CEC1_E013_S09338_L0202,77.48382212371855
CEC1_E013_S09339_L0217,78.04897781870794
CEC1_E013_S09341_L0201,88.50439499973244
CEC1_E013_S09342_L0218,66.99858348432349
CEC1_E013_S09345_L0231,86.70207648037972
CEC1_E013_S09346_L0215,87.74256388113572
CEC1_E013_S09356_L0219,82.51496523196214
CEC1_E013_S09359_L0202,86.4684827095473
CEC1_E013_S09360_L0229,88.92513248564116
CEC1_E013_S09360_L0235,88.94181641071415
CEC1_E013_S09363_L0202,66.02401573420137
CEC1_E013_S09367_L0231,88.29655172189261
CEC1_E013_S09370_L0212,64.77158190858894
CEC1_E013_S09370_L0221,58.32589125698997
CEC1_E013_S09377_L0229,77.61277921304895
CEC1_E013_S09377_L0242,73.66975984507717
CEC1_E013_S09379_L0219,76.90003912006898
CEC1_E013_S09380_L0201,85.91939937927886
CEC1_E013_S09386_L0227,88.91175555656449
CEC1_E013_S09386_L0241,88.74796945074337
CEC1_E013_S09387_L0227,31.31679011390247
CEC1_E013_S09387_L0241,34.612590508249134
CEC1_E013_S09391_L0241,73.24095704672739
CEC1_E013_S09395_L0242,84.9866495079032
CEC1_E013_S09396_L0229,88.06600203196201
CEC1_E013_S09396_L0235,87.20457831071298
CEC1_E013_S09397_L0219,73.86998119677243
CEC1_E013_S09398_L0201,74.84458929277443
CEC1_E013_S09402_L0231,85.48725053617969
CEC1_E013_S09406_L0215,86.2116255569801
CEC1_E013_S09407_L0243,81.72671683111203
CEC1_E013_S09411_L0219,76.84734824258281
CEC1_E013_S09413_L0243,81.4163147459756
CEC1_E013_S09423_L0236,76.74837837309616
CEC1_E013_S09424_L0208,77.9749663397292
CEC1_E013_S09424_L0209,80.05239814453886
CEC1_E013_S09426_L0227,84.91918549020342
CEC1_E013_S09426_L0241,88.07057281483935
CEC1_E013_S09427_L0201,88.90246451377902
CEC1_E013_S09430_L0229,88.84104907027583
CEC1_E013_S09430_L0242,88.59798829691582
CEC1_E013_S09436_L0202,69.16244433694693
CEC1_E013_S09446_L0201,88.8936226471645
CEC1_E013_S09450_L0227,67.04680920084934
CEC1_E013_S09450_L0235,57.12975285875331
CEC1_E013_S09451_L0229,88.83292003677144
CEC1_E013_S09451_L0235,87.90402843332676
CEC1_E013_S09452_L0231,75.73297406878184
CEC1_E013_S09453_L0241,89.02762763773542
CEC1_E013_S09454_L0202,71.11687167665384
CEC1_E013_S09455_L0215,88.03672127487812
CEC1_E013_S09459_L0215,86.29344826901573
CEC1_E013_S09460_L0202,88.49230470499542
CEC1_E013_S09462_L0212,84.24386384703158
CEC1_E013_S09462_L0221,79.42697946163618
CEC1_E013_S09463_L0209,88.93093934905903
CEC1_E013_S09468_L0243,83.80755211203854
CEC1_E013_S09470_L0201,54.87549948633021
CEC1_E013_S09475_L0231,86.10002476020206
CEC1_E013_S09476_L0208,83.37825325229223
CEC1_E013_S09476_L0209,81.99773857747002
CEC1_E013_S09480_L0212,82.45287321730659
CEC1_E013_S09480_L0221,72.987151980786
CEC1_E013_S09482_L0208,64.53598830965433
CEC1_E013_S09485_L0236,85.72807323468331
CEC1_E013_S09500_L0208,80.13587971180462
CEC1_E013_S09502_L0240,83.48293093353294
CEC1_E013_S09503_L0200,87.6162865121101
CEC1_E013_S09508_L0229,88.71776027560703
CEC1_E013_S09508_L0235,88.57159391854914
CEC1_E013_S09509_L0227,88.32387031623617
CEC1_E013_S09509_L0235,88.61099936440564
CEC1_E013_S09510_L0201,88.077197089999
CEC1_E013_S09515_L0229,88.58384146587369
CEC1_E013_S09515_L0242,88.24663673031341
CEC1_E013_S09516_L0221,78.00261160328556
CEC1_E013_S09519_L0241,87.54206034772649
CEC1_E013_S09522_L0218,69.27506034449196
CEC1_E013_S09525_L0217,85.09899715772767
CEC1_E013_S09529_L0208,87.82827723650028
CEC1_E013_S09532_L0201,83.59723215634537
CEC1_E013_S09533_L0231,88.84065201983613
CEC1_E013_S09536_L0222,57.343440372624215
CEC1_E013_S09540_L0215,87.76736163655353
CEC1_E013_S09542_L0243,77.51771947841826
CEC1_E013_S09543_L0224,65.45201187001243
CEC1_E013_S09544_L0227,87.1305082724161
CEC1_E013_S09544_L0235,87.66881836954494
CEC1_E013_S09545_L0217,85.83738375519148
CEC1_E013_S09546_L0200,65.41246978557925
CEC1_E013_S09549_L0202,81.29626467883077
CEC1_E013_S09551_L0201,74.15605540491781
CEC1_E013_S09553_L0236,86.01643420784266
CEC1_E013_S09558_L0212,84.56978166325761
CEC1_E013_S09558_L0218,85.0501666525247
CEC1_E013_S09564_L0217,88.63490360875188
CEC1_E013_S09569_L0202,77.2862519657542
CEC1_E013_S09571_L0222,81.0644020435766
CEC1_E013_S09573_L0224,79.93775379835738
CEC1_E013_S09574_L0227,81.28813306211514
CEC1_E013_S09574_L0241,82.28393846433762
CEC1_E013_S09580_L0227,87.06736360501775
CEC1_E013_S09580_L0241,88.6620806984405
CEC1_E013_S09581_L0201,88.67999994781016
CEC1_E013_S09589_L0208,63.397537026615545
CEC1_E013_S09593_L0202,88.09288806464937
CEC1_E013_S09596_L0217,87.18939011072786
CEC1_E013_S09606_L0217,67.5225714749416
CEC1_E013_S09611_L0224,88.15193688449047
CEC1_E013_S09613_L0227,88.08062029491126
CEC1_E013_S09613_L0241,88.09460029631052
CEC1_E013_S09615_L0202,87.91497339845486
CEC1_E013_S09616_L0200,82.77488569906139
CEC1_E013_S09620_L0240,80.68787424217679
CEC1_E013_S09625_L0200,88.58973829210161
CEC1_E013_S09625_L0240,88.32109500565205
CEC1_E013_S09626_L0218,80.46944796333361
CEC1_E013_S09627_L0215,83.9395645795845
CEC1_E013_S09628_L0222,89.02350237779297
CEC1_E013_S09631_L0229,60.49882595113085
CEC1_E013_S09634_L0236,72.86324467014599
CEC1_E013_S09637_L0240,83.53561907415782
CEC1_E013_S09641_L0224,88.51179973539345
CEC1_E013_S09643_L0200,87.67943700838393
CEC1_E013_S09643_L0240,88.04966465074209
CEC1_E013_S09646_L0231,84.01616266180213
CEC1_E013_S09649_L0231,85.32467137032944
CEC1_E013_S09652_L0231,88.47187529291662
CEC1_E013_S09655_L0241,81.27104592527444
CEC1_E013_S09656_L0218,88.23363733315928
CEC1_E013_S09656_L0221,77.4735752152423
CEC1_E013_S09658_L0212,70.04304224692531
CEC1_E013_S09658_L0221,62.35951379735146
CEC1_E013_S09663_L0227,69.16863253038149
CEC1_E013_S09663_L0241,60.453808940625606
CEC1_E013_S09666_L0229,88.0883025381994
CEC1_E013_S09666_L0235,88.2440870478428
CEC1_E013_S09669_L0227,87.95128097433737
CEC1_E013_S09669_L0241,88.52121948694858
CEC1_E013_S09673_L0236,79.08322713403469
CEC1_E013_S09676_L0224,85.55462031635815
CEC1_E013_S09678_L0212,87.39058718835489
CEC1_E013_S09681_L0224,88.40745039571283
CEC1_E013_S09684_L0202,82.739682615695
CEC1_E013_S09689_L0212,89.02322402665936
CEC1_E013_S09691_L0200,75.01534307480864
CEC1_E013_S09694_L0208,85.76052318948233
CEC1_E013_S09694_L0222,87.43256776559782
CEC1_E013_S09702_L0243,88.80202374069789
CEC1_E013_S09704_L0200,85.08385203920848
CEC1_E013_S09705_L0208,83.94189941168212
CEC1_E013_S09707_L0219,75.0092619744442
CEC1_E013_S09710_L0231,68.94473426040261
CEC1_E013_S09714_L0222,81.01315516697554
CEC1_E013_S09715_L0241,85.08394539262487
CEC1_E013_S09716_L0224,88.32236312270375
CEC1_E013_S09717_L0209,80.00657986089941
CEC1_E013_S09722_L0215,87.24683071870912
CEC1_E013_S09733_L0217,83.92686990992004
CEC1_E013_S09738_L0212,77.05698348396281
CEC1_E013_S09740_L0219,89.37724121724368
CEC1_E013_S09748_L0224,88.82284107094326
CEC1_E013_S09752_L0218,80.22101311652177
CEC1_E013_S09752_L0221,69.11593622606496
CEC1_E013_S09753_L0218,73.59162054030709
CEC1_E013_S09755_L0200,88.70826113109841
CEC1_E013_S09758_L0227,71.70970883788385
CEC1_E013_S09759_L0224,59.67864572238158
CEC1_E013_S09760_L0217,89.06378649832611
CEC1_E013_S09762_L0240,88.81885422824196
CEC1_E013_S09765_L0224,71.08547650988389
CEC1_E013_S09767_L0212,89.00370670109325
CEC1_E013_S09767_L0221,88.49513971448962
CEC1_E013_S09770_L0218,80.59175046638777
CEC1_E013_S09770_L0221,64.79664338753948
CEC1_E013_S09776_L0200,89.22505663628574
CEC1_E013_S09776_L0240,88.99315624733119
CEC1_E013_S09777_L0243,83.95367991467555
CEC1_E013_S09778_L0240,84.8050111604345
CEC1_E013_S09780_L0209,88.26685230050964
CEC1_E013_S09785_L0201,86.53545458230853
CEC1_E013_S09788_L0227,85.3345480473419
CEC1_E013_S09789_L0229,70.30290488936366
CEC1_E013_S09790_L0202,67.65989708814462
CEC1_E013_S09791_L0217,65.17980407172283
CEC1_E013_S09793_L0231,79.88640816626038
CEC1_E013_S09794_L0201,73.66379814844011
CEC1_E013_S09797_L0202,87.67316540065485
CEC1_E013_S09799_L0218,74.93732270923972
CEC1_E013_S09802_L0218,89.05909931706935
CEC1_E013_S09803_L0201,88.47247196557522
CEC1_E013_S09805_L0215,88.04561084101915
CEC1_E013_S09805_L0241,87.56547058622222
CEC1_E013_S09811_L0229,88.03612722789299
CEC1_E013_S09811_L0235,84.27591611766006
CEC1_E013_S09812_L0242,69.23047609368932
CEC1_E013_S09816_L0227,83.42574233291141
CEC1_E013_S09816_L0235,81.17531439216924
CEC1_E013_S09823_L0202,87.35939337838407
CEC1_E013_S09824_L0222,88.94173195231355
CEC1_E013_S09827_L0224,88.48421800436505
CEC1_E013_S09828_L0202,66.52763330935834
CEC1_E013_S09830_L0201,88.03722500265835
CEC1_E013_S09831_L0202,80.09574954470153
CEC1_E013_S09833_L0229,75.4270682042901
CEC1_E013_S09833_L0235,68.01454837543166
CEC1_E013_S09834_L0224,26.97453174378978
CEC1_E013_S09837_L0241,83.16429618195745
CEC1_E013_S09842_L0212,88.2192140942534
CEC1_E013_S09842_L0221,87.65592046210506
CEC1_E013_S09844_L0231,84.69366548486238
CEC1_E013_S09846_L0208,88.7890051540449
CEC1_E013_S09852_L0231,86.49379480639341
CEC1_E013_S09856_L0224,88.10207429452836
CEC1_E013_S09857_L0227,88.63853074735124
CEC1_E013_S09857_L0241,88.7228142687365
CEC1_E013_S09862_L0219,89.57185613706238
CEC1_E013_S09864_L0201,86.66223146564556
CEC1_E013_S09866_L0243,76.79777456530812
CEC1_E013_S09870_L0229,87.96406515717096
CEC1_E013_S09876_L0219,83.18585904601883
CEC1_E013_S09879_L0202,88.81790330924265
CEC1_E013_S09889_L0217,88.7939462919316
CEC1_E013_S09893_L0236,81.7631496162258
CEC1_E013_S09894_L0236,87.5441872732196
CEC1_E013_S09895_L0229,87.2564284733823
CEC1_E013_S09895_L0235,85.3572388807281
CEC1_E013_S09899_L0202,63.94917716856789
CEC1_E013_S09903_L0222,78.62827142506656
CEC1_E013_S09904_L0231,84.12448850513711
CEC1_E013_S09907_L0219,88.52962889495478
CEC1_E013_S09908_L0217,88.03000255874923
CEC1_E013_S09913_L0200,86.90249437680137
CEC1_E013_S09919_L0240,86.46247041939236
CEC1_E013_S09920_L0208,76.84031093323001
CEC1_E013_S09920_L0209,82.71762978800601
CEC1_E013_S09922_L0227,61.7068251304606
CEC1_E013_S09922_L0235,45.642020445589026
CEC1_E013_S09923_L0215,87.1543836256722
CEC1_E013_S09925_L0200,77.66218526722564
CEC1_E013_S09925_L0240,81.54914262111485
CEC1_E013_S09928_L0229,88.57666698394405
CEC1_E013_S09928_L0242,87.32782919988504
CEC1_E013_S09935_L0209,88.35347632753673
CEC1_E013_S09936_L0212,75.91173575143686
CEC1_E013_S09942_L0241,85.70883338293379
CEC1_E013_S09945_L0217,77.1204670830618
CEC1_E013_S09946_L0227,78.22582421497833
CEC1_E013_S09946_L0235,77.37226127525817
CEC1_E013_S09952_L0241,88.92816488846528
CEC1_E013_S09956_L0202,73.19797589918151
CEC1_E013_S09956_L0231,82.59748025598896
CEC1_E013_S09960_L0222,71.50796355544412
CEC1_E013_S09961_L0227,80.14735500374002
CEC1_E013_S09961_L0235,77.72911638582531
CEC1_E013_S09963_L0224,69.0950091808868
CEC1_E013_S09964_L0242,88.99950113466798
CEC1_E013_S09967_L0208,79.332747572437
CEC1_E013_S09969_L0218,88.18059014453087
CEC1_E013_S09969_L0221,86.54691830637964
CEC1_E013_S09971_L0215,62.052550499779095
CEC1_E013_S09977_L0202,87.65451304802296
CEC1_E013_S09978_L0227,85.30814637140071
CEC1_E013_S09984_L0201,87.77296984940737
CEC1_E013_S09985_L0243,85.96203541534341
CEC1_E013_S09991_L0217,86.18000599676311
CEC1_E018_S08508_L0201,68.42993224136464
CEC1_E018_S08510_L0229,73.95299272282303
CEC1_E018_S08510_L0242,64.38282211597414
CEC1_E018_S08512_L0231,52.55784819771119
CEC1_E018_S08514_L0236,71.46173006512149
CEC1_E018_S08514_L0243,73.40525849840272
CEC1_E018_S08518_L0218,20.278787071741785
CEC1_E018_S08520_L0243,46.21946484589446
CEC1_E018_S08523_L0231,41.93571862369779
CEC1_E018_S08529_L0243,41.203496495459646
CEC1_E018_S08532_L0212,34.100881306615854
CEC1_E018_S08532_L0221,18.561675030615287
CEC1_E018_S08537_L0218,58.689433784694195
CEC1_E018_S08537_L0221,62.429777668897195
CEC1_E018_S08540_L0224,54.71790165688089
CEC1_E018_S08541_L0243,11.161595776740581
CEC1_E018_S08546_L0231,44.79627168070188
CEC1_E018_S08547_L0229,80.42573581987034
CEC1_E018_S08547_L0242,80.39520965039257
CEC1_E018_S08554_L0202,84.22193174668526
CEC1_E018_S08555_L0243,86.05208810147009
CEC1_E018_S08561_L0229,20.091742576002925
CEC1_E018_S08561_L0235,24.07501595076808
CEC1_E018_S08564_L0224,27.813279418767838
CEC1_E018_S08569_L0217,65.59971581574595
CEC1_E018_S08571_L0215,69.41960918253324
CEC1_E018_S08573_L0200,44.72425095355098
CEC1_E018_S08574_L0224,38.16052012103282
CEC1_E018_S08575_L0222,77.99153437675727
CEC1_E018_S08576_L0218,86.6299770520175
CEC1_E018_S08578_L0208,25.65859608344202
CEC1_E018_S08578_L0209,26.77718273659253
CEC1_E018_S08582_L0200,65.52597135118414
CEC1_E018_S08587_L0217,40.69702192511417
CEC1_E018_S08590_L0209,38.98698729279809
CEC1_E018_S08593_L0202,15.301148488992023
CEC1_E018_S08594_L0236,41.690491691353024
CEC1_E018_S08595_L0229,73.9485890951598
CEC1_E018_S08595_L0235,64.85892059389337
CEC1_E018_S08605_L0231,80.48054928351543
CEC1_E018_S08606_L0208,34.48419653075711
CEC1_E018_S08613_L0219,31.637063113011894
CEC1_E018_S08616_L0229,16.41629052023402
CEC1_E018_S08616_L0242,20.192027782416243
CEC1_E018_S08620_L0201,16.59465084034793
CEC1_E018_S08624_L0202,71.93053244649298
CEC1_E018_S08625_L0219,57.97512647152694
CEC1_E018_S08627_L0217,39.309783594687865
CEC1_E018_S08628_L0215,72.75818347859361
CEC1_E018_S08636_L0241,87.34230356257765
CEC1_E018_S08637_L0217,82.30216700283862
CEC1_E018_S08645_L0222,69.72146266277774
CEC1_E018_S08648_L0217,31.236628591908374
CEC1_E018_S08649_L0215,85.67449171485535
CEC1_E018_S08650_L0215,74.4911129719526
CEC1_E018_S08651_L0200,67.85807044093347
CEC1_E018_S08651_L0240,78.98983025778413
CEC1_E018_S08652_L0217,43.28043979981419
CEC1_E018_S08653_L0236,66.41456986039917
CEC1_E018_S08656_L0200,14.15965086404201
CEC1_E018_S08657_L0219,15.428211947428105
CEC1_E018_S08658_L0229,38.89950159466475
CEC1_E018_S08658_L0242,54.473855199267284
CEC1_E018_S08660_L0236,69.23584566112416
CEC1_E018_S08662_L0229,59.49310062928797
CEC1_E018_S08662_L0235,64.73550080980019
CEC1_E018_S08667_L0224,12.682850893492896
CEC1_E018_S08669_L0208,12.742956024595859
CEC1_E018_S08671_L0219,14.35404765832888
CEC1_E018_S08674_L0202,69.09840207514026
CEC1_E018_S08681_L0242,10.54603628385152
CEC1_E018_S08683_L0208,66.58342555631842
CEC1_E018_S08685_L0222,34.309230250534476
CEC1_E018_S08686_L0229,13.981010163939773
CEC1_E018_S08686_L0235,14.383882433956538
CEC1_E018_S08688_L0227,22.380668577150374
CEC1_E018_S08688_L0241,27.50333437465083
CEC1_E018_S08689_L0229,75.22249805772891
CEC1_E018_S08689_L0235,57.47250338619493
CEC1_E018_S08691_L0231,23.636377974045814
CEC1_E018_S08693_L0231,75.7622547189442
CEC1_E018_S08697_L0229,66.15372602592004
CEC1_E018_S08697_L0242,32.93664990431414
CEC1_E018_S08702_L0240,54.36445583201906
CEC1_E018_S08703_L0218,77.06531943222174
CEC1_E018_S08704_L0235,78.4971056412763
CEC1_E018_S08707_L0200,14.681903332788723
CEC1_E018_S08710_L0241,11.049016361162295
CEC1_E018_S08713_L0231,18.519150362038207
CEC1_E018_S08714_L0201,88.57896705620028
CEC1_E018_S08717_L0201,48.36495234707891
CEC1_E018_S08719_L0202,15.621899832177697
CEC1_E018_S08722_L0231,81.8462444835182
CEC1_E018_S08725_L0212,24.330024974594345
CEC1_E018_S08727_L0208,21.08596760704498
CEC1_E018_S08727_L0209,31.29891518581177
CEC1_E018_S08729_L0212,84.32385677158865
CEC1_E018_S08731_L0221,51.03993040206711
CEC1_E018_S08732_L0222,87.49662968664784
CEC1_E018_S08735_L0231,14.607081980790582
CEC1_E018_S08739_L0201,12.311799813432629
CEC1_E018_S08742_L0218,60.970800264571174
CEC1_E018_S08743_L0217,67.22482802492982
CEC1_E018_S08745_L0202,41.72289952718566
CEC1_E018_S08750_L0217,36.03708263114185
CEC1_E018_S08751_L0218,18.708072833964806
CEC1_E018_S08752_L0227,13.771978960276245
CEC1_E018_S08752_L0235,20.73899652850689
CEC1_E018_S08756_L0215,13.112278779893737
CEC1_E018_S08759_L0243,53.28016894502211
CEC1_E018_S08761_L0224,68.91785081944501
CEC1_E018_S08766_L0240,39.69928450439671
CEC1_E018_S08767_L0224,44.44112156084491
CEC1_E018_S08772_L0221,13.097543712666623
CEC1_E018_S08778_L0202,38.196790870551986
CEC1_E018_S08779_L0202,63.26605099686194
CEC1_E018_S08780_L0224,73.84293507333906
CEC1_E018_S08781_L0240,70.2369359293135
CEC1_E018_S08782_L0215,39.54989717297341
CEC1_E018_S08785_L0208,55.759091600432065
CEC1_E018_S08785_L0209,60.123729103700946
CEC1_E018_S08786_L0212,83.01377178205014
CEC1_E018_S08786_L0221,74.65619370595599
CEC1_E018_S08790_L0222,67.8496297140619
CEC1_E018_S08791_L0222,83.80808220509003
CEC1_E018_S08794_L0243,76.07733064396868
CEC1_E018_S08795_L0222,57.680701696330615
CEC1_E018_S08798_L0218,57.130928292137995
CEC1_E018_S08800_L0241,22.102097216915357
CEC1_E018_S08803_L0201,58.49226515671645
CEC1_E018_S08804_L0224,42.05769872216466
CEC1_E018_S08806_L0227,10.272174263689552
CEC1_E018_S08806_L0229,10.81550376673447
CEC1_E018_S08806_L0235,11.252988231460714
CEC1_E018_S08806_L0242,23.970294593749006
CEC1_E018_S08807_L0209,73.2763065887983
CEC1_E018_S08809_L0208,28.546826455555372
CEC1_E018_S08809_L0209,54.805102573259404
CEC1_E018_S08810_L0202,39.130232515596745
CEC1_E018_S08816_L0200,64.1705356103368
CEC1_E018_S08816_L0240,56.15647853157595
CEC1_E018_S08817_L0241,60.83563328186037
CEC1_E018_S08820_L0202,36.793334774830896
CEC1_E018_S08821_L0222,88.07612774520476
CEC1_E018_S08824_L0224,31.01092690492566
CEC1_E018_S08829_L0227,44.838522126936574
CEC1_E018_S08829_L0235,50.09312757479091
CEC1_E018_S08831_L0218,80.21563965926448
CEC1_E018_S08833_L0212,58.636931920759565
CEC1_E018_S08833_L0221,60.900887006861396
CEC1_E018_S08835_L0219,55.27348600742883
CEC1_E018_S08835_L0231,61.031667035543336
CEC1_E018_S08836_L0212,28.714665935619625
CEC1_E018_S08836_L0221,21.168590703148944
CEC1_E018_S08837_L0241,88.3271584714214
CEC1_E018_S08838_L0231,15.32911842172918
CEC1_E018_S08843_L0200,16.30217634178642
CEC1_E018_S08846_L0224,66.3527485628459
CEC1_E018_S08847_L0200,65.87099856287846
CEC1_E018_S08851_L0219,37.76406103482563
CEC1_E018_S08853_L0217,74.97628623077773
CEC1_E018_S08854_L0209,24.719108213314133
CEC1_E018_S08855_L0215,70.22061714542951
CEC1_E018_S08856_L0217,50.4046699389243
CEC1_E018_S08858_L0200,83.27707815528701
CEC1_E018_S08858_L0240,67.70251774347777
CEC1_E018_S08862_L0212,45.658910992367545
CEC1_E018_S08867_L0219,29.610859404184918
CEC1_E018_S08869_L0224,66.71860775857957
CEC1_E018_S08870_L0200,65.21129231667221
CEC1_E018_S08871_L0231,49.64502100182345
CEC1_E018_S08872_L0217,27.660049742763423
CEC1_E018_S08873_L0217,44.28690966744304
CEC1_E018_S08875_L0229,62.070732532639965
CEC1_E018_S08875_L0242,62.230645152014596
CEC1_E018_S08879_L0212,39.3032300324534
CEC1_E018_S08883_L0219,57.63460643635862
CEC1_E018_S08884_L0219,56.283559324506975
CEC1_E018_S08887_L0202,10.27519170985553
CEC1_E018_S08889_L0222,87.72934700482877
CEC1_E018_S08890_L0243,59.50802515006741
CEC1_E018_S08891_L0219,53.75015492486813
CEC1_E018_S08894_L0242,53.5627374627558
CEC1_E018_S08895_L0201,9.511343356604325
CEC1_E018_S08897_L0231,29.731167415439845
CEC1_E018_S08899_L0231,74.49407639211573
CEC1_E018_S08901_L0208,88.11284569038085
CEC1_E018_S08903_L0217,11.236601331579351
CEC1_E018_S08905_L0236,74.97666823274479
CEC1_E018_S08907_L0209,76.7420873571095
CEC1_E018_S08908_L0222,83.04705661910553
CEC1_E018_S08911_L0241,14.596362421244086
CEC1_E018_S08916_L0215,60.63149229888383
CEC1_E018_S08917_L0219,13.432634309190307
CEC1_E018_S08919_L0236,74.98874034106825
CEC1_E018_S08922_L0215,21.92190522304784
CEC1_E018_S08923_L0215,77.5106025173257
CEC1_E018_S08928_L0201,79.1484101726429
CEC1_E018_S08929_L0241,38.64616918576383
CEC1_E018_S08931_L0212,68.94754519965483
CEC1_E018_S08934_L0227,27.74891228483168
CEC1_E018_S08934_L0235,21.08677307239088
CEC1_E018_S08935_L0243,21.66549261026963
CEC1_E018_S08936_L0212,83.10543064117658
CEC1_E018_S08936_L0221,72.82827925266321
CEC1_E018_S08937_L0219,18.179035217382634
CEC1_E018_S08939_L0242,86.58615164522895
CEC1_E018_S08940_L0212,66.89832625986318
CEC1_E018_S08941_L0224,48.90587920900147
CEC1_E018_S08942_L0227,20.28922066173322
CEC1_E018_S08942_L0235,24.948844538241616
CEC1_E018_S08943_L0240,36.27366845713247
CEC1_E018_S08949_L0236,73.09226889346768
CEC1_E018_S08950_L0236,83.2560190353116
CEC1_E018_S08952_L0200,32.502870050721434
CEC1_E018_S08952_L0240,48.87241886176893
CEC1_E018_S08955_L0222,44.55391428932469
CEC1_E018_S08956_L0212,37.124896724673135
CEC1_E018_S08956_L0221,21.52200798326117
CEC1_E018_S08958_L0222,79.41378901404454
CEC1_E018_S08959_L0202,9.609553693038936
CEC1_E018_S08960_L0218,78.72523173423984
CEC1_E018_S08961_L0227,12.056157667189046
CEC1_E018_S08961_L0241,13.896402373332496
CEC1_E018_S08962_L0236,28.77608682181726
CEC1_E018_S08967_L0218,41.28451125752131
CEC1_E018_S08971_L0209,45.68517272723214
CEC1_E018_S08974_L0227,55.483939473117935
CEC1_E018_S08974_L0241,65.8788021969689
CEC1_E018_S08976_L0224,29.636922694071455
CEC1_E018_S08977_L0241,12.8518065066009
CEC1_E018_S08979_L0224,39.995419883693465
CEC1_E018_S08980_L0212,48.9270439838499
CEC1_E018_S08980_L0221,27.498207718363833
CEC1_E018_S08987_L0224,65.0253948446121
CEC1_E018_S08993_L0222,24.174752613876255
CEC1_E018_S08998_L0208,39.745427799643224
CEC1_E018_S08999_L0229,48.51900148993711
CEC1_E018_S08999_L0235,47.74559167402167
CEC1_E018_S09000_L0231,80.74680493276303
CEC1_E018_S09006_L0241,14.856925429231467
CEC1_E018_S09009_L0217,61.024718749622224
CEC1_E018_S09011_L0227,48.100971755068386
CEC1_E018_S09011_L0235,57.771221181600644
CEC1_E018_S09017_L0229,9.94187842092141
CEC1_E018_S09017_L0242,9.189318155867088
CEC1_E018_S09018_L0200,86.96216488377279
CEC1_E018_S09021_L0222,52.3408204411107
CEC1_E018_S09025_L0208,69.55952794393265
CEC1_E018_S09026_L0229,69.38099832935748
CEC1_E018_S09026_L0235,58.427853479079644
CEC1_E018_S09028_L0209,40.760200532614256
CEC1_E018_S09029_L0227,17.108367059342807
CEC1_E018_S09029_L0241,24.818774483660818
CEC1_E018_S09030_L0215,26.29818515788146
CEC1_E018_S09034_L0243,81.16670134228947
CEC1_E018_S09036_L0208,63.444492492946495
CEC1_E018_S09039_L0208,11.718046495149238
CEC1_E018_S09040_L0236,21.78168757736942
CEC1_E018_S09044_L0219,19.1406566556161
CEC1_E018_S09044_L0231,82.98212248598178
CEC1_E018_S09046_L0231,80.4327325705449
CEC1_E018_S09047_L0208,36.79563979659536
CEC1_E018_S09049_L0242,36.02339833589251
CEC1_E018_S09051_L0212,67.29464306307086
CEC1_E018_S09052_L0236,73.50489857871771
CEC1_E018_S09057_L0209,22.81241781403638
CEC1_E018_S09061_L0215,82.44516373468753
CEC1_E018_S09065_L0242,49.745192100828184
CEC1_E018_S09069_L0212,68.3208016056389
CEC1_E018_S09070_L0217,51.38202481168202
CEC1_E018_S09071_L0200,77.06731178208895
CEC1_E018_S09071_L0240,80.19213562720817
CEC1_E018_S09073_L0222,89.06240150664519
CEC1_E018_S09074_L0202,33.51099610990173
CEC1_E018_S09078_L0209,10.744160539909851
CEC1_E018_S09080_L0243,51.996153709455974
CEC1_E018_S09082_L0231,44.452757855800556
CEC1_E018_S09085_L0209,76.79219640081622
CEC1_E018_S09086_L0217,10.432556739931528
CEC1_E018_S09088_L0224,17.609720978077345
CEC1_E018_S09089_L0236,31.261581222728307
CEC1_E018_S09092_L0222,81.35652958387348
CEC1_E018_S09094_L0229,30.600721186810027
CEC1_E018_S09094_L0235,38.42343854175134
CEC1_E018_S09101_L0212,86.82906908177496
CEC1_E018_S09107_L0229,27.022307361961676
CEC1_E018_S09107_L0242,50.77580915307372
CEC1_E018_S09109_L0227,69.60787757477213
CEC1_E018_S09109_L0241,75.1193823764533
CEC1_E018_S09113_L0209,29.012670421215947
CEC1_E018_S09118_L0241,78.39671517480957
CEC1_E018_S09125_L0201,86.65633859188002
CEC1_E018_S09128_L0222,47.28001560621744
CEC1_E018_S09132_L0215,49.04492909081183
CEC1_E018_S09135_L0208,73.58567913543327
CEC1_E018_S09136_L0208,13.405013115482188
CEC1_E018_S09136_L0209,17.237784429072292
CEC1_E018_S09140_L0224,80.31730422329916
CEC1_E018_S09142_L0215,77.974423608852
CEC1_E018_S09144_L0208,72.27766534361437
CEC1_E018_S09144_L0209,79.18915381133665
CEC1_E018_S09150_L0243,9.998306233674985
CEC1_E018_S09152_L0209,13.22202569441901
CEC1_E018_S09154_L0208,29.539830927541395
CEC1_E018_S09154_L0209,64.62820220569323
CEC1_E018_S09155_L0224,30.74976351580772
CEC1_E018_S09156_L0201,43.84618734860635
CEC1_E018_S09161_L0243,22.06303238995606
CEC1_E018_S09164_L0229,78.58754729330678
CEC1_E018_S09164_L0235,36.06444075680087
CEC1_E018_S09168_L0227,67.2794278622206
CEC1_E018_S09168_L0235,67.5069987669409
CEC1_E018_S09169_L0219,34.16926656637137
CEC1_E018_S09173_L0217,76.1637497875596
CEC1_E018_S09175_L0222,86.12210743824714
CEC1_E018_S09177_L0200,81.14653562042403
CEC1_E018_S09177_L0240,75.85293159103027
CEC1_E018_S09186_L0201,64.46984496696224
CEC1_E018_S09188_L0200,11.018232829683107
CEC1_E018_S09193_L0243,69.81969824750517
CEC1_E018_S09196_L0200,51.91727439088409
CEC1_E018_S09196_L0240,36.20672612808064
CEC1_E018_S09197_L0201,85.78043064789856
CEC1_E018_S09198_L0217,47.11522638876465
CEC1_E018_S09199_L0229,76.85918645626924
CEC1_E018_S09199_L0242,82.99131427334994
CEC1_E018_S09203_L0224,39.987416990449645
CEC1_E018_S09205_L0231,54.71603735356963
CEC1_E018_S09208_L0229,85.36453372145331
CEC1_E018_S09208_L0242,87.38265817478084
CEC1_E018_S09209_L0236,71.29571744628227
CEC1_E018_S09213_L0242,50.95813474039244
CEC1_E018_S09214_L0219,72.28095663049108
CEC1_E018_S09215_L0217,13.928727862032996
CEC1_E018_S09215_L0229,13.937794169268994
CEC1_E018_S09215_L0242,11.521103608615604
CEC1_E018_S09218_L0224,77.41586000196662
CEC1_E018_S09228_L0217,64.28066842096997
CEC1_E018_S09229_L0227,53.71901438828834
CEC1_E018_S09229_L0235,33.29573340481454
CEC1_E018_S09236_L0219,88.6993067045185
CEC1_E018_S09238_L0215,82.94566913522671
CEC1_E018_S09240_L0219,40.95876320611653
CEC1_E018_S09242_L0219,11.922518286325756
CEC1_E018_S09245_L0224,28.582884961493715
CEC1_E018_S09246_L0208,13.895937812252319
CEC1_E018_S09248_L0240,37.23521557609166
CEC1_E018_S09250_L0202,13.213328659402588
CEC1_E018_S09257_L0212,20.593349451472957
CEC1_E018_S09259_L0227,71.14832240123933
CEC1_E018_S09259_L0235,86.41705833110757
CEC1_E018_S09262_L0231,61.89003940010817
CEC1_E018_S09264_L0231,84.90952074568034
CEC1_E018_S09265_L0215,78.38729115984616
CEC1_E018_S09267_L0227,15.398985931486694
CEC1_E018_S09267_L0235,22.850338945952007
CEC1_E018_S09270_L0202,84.00439561050582
CEC1_E018_S09271_L0224,19.043707166043642
CEC1_E018_S09272_L0202,76.63990922023153
CEC1_E018_S09273_L0240,88.14470068469772
CEC1_E018_S09274_L0231,64.60297752746648
CEC1_E018_S09275_L0219,26.24557649946881
CEC1_E018_S09276_L0219,68.14858311186973
CEC1_E018_S09277_L0241,14.27722990620854
CEC1_E018_S09278_L0215,39.8224324694079
CEC1_E018_S09280_L0241,24.680785747729914
CEC1_E018_S09282_L0227,57.263383497155694
CEC1_E018_S09282_L0235,63.66178954832911
CEC1_E018_S09284_L0219,43.42093682623301
CEC1_E018_S09286_L0201,66.77166142984576
CEC1_E018_S09288_L0243,60.90351735558221
CEC1_E018_S09290_L0227,9.384231371405207
CEC1_E018_S09290_L0235,34.8183249546918
CEC1_E018_S09291_L0201,78.32783541997343
CEC1_E018_S09296_L0201,77.48682863844517
CEC1_E018_S09298_L0224,21.594077717851494
CEC1_E018_S09304_L0212,66.3124532021684
CEC1_E018_S09304_L0221,75.73504579431845
CEC1_E018_S09306_L0231,46.98771696266679
CEC1_E018_S09308_L0215,55.57533062928912
CEC1_E018_S09311_L0209,11.571313983924247
CEC1_E018_S09312_L0219,15.015046319382856
CEC1_E018_S09314_L0243,19.973120799063917
CEC1_E018_S09315_L0219,19.177143526526244
CEC1_E018_S09317_L0222,58.29569488482769
CEC1_E018_S09319_L0241,61.43171687359791
CEC1_E018_S09320_L0215,33.21163879761604
CEC1_E018_S09321_L0243,72.31069409036348
CEC1_E018_S09325_L0200,39.345389998201085
CEC1_E018_S09328_L0243,78.97583069381444
CEC1_E018_S09329_L0227,25.72691622023939
CEC1_E018_S09329_L0241,29.972658574149776
CEC1_E018_S09332_L0241,79.6233923246018
CEC1_E018_S09333_L0209,66.83432550215231
CEC1_E018_S09339_L0208,23.045145616014995
CEC1_E018_S09341_L0229,58.06889585613401
CEC1_E018_S09341_L0242,45.56079631253999
CEC1_E018_S09342_L0215,20.753153674937185
CEC1_E018_S09343_L0201,18.09802651051441
CEC1_E018_S09345_L0200,18.13453632529431
CEC1_E018_S09345_L0240,30.922511337397243
CEC1_E018_S09346_L0217,51.41236777196684
CEC1_E018_S09350_L0218,13.432418928269154
CEC1_E018_S09350_L0221,11.187916866341855
CEC1_E018_S09351_L0218,17.96262449802501
CEC1_E018_S09351_L0221,21.485384785754874
CEC1_E018_S09352_L0218,75.73983773795987
CEC1_E018_S09352_L0221,49.01008802996025
CEC1_E018_S09360_L0243,32.6071408366633
CEC1_E018_S09362_L0201,39.509647168962026
CEC1_E018_S09365_L0215,54.685484881349474
CEC1_E018_S09366_L0200,37.572282185848785
CEC1_E018_S09367_L0240,88.59241630829779
CEC1_E018_S09370_L0227,17.045065090937683
CEC1_E018_S09370_L0241,17.8189286602777
CEC1_E018_S09377_L0243,11.214625152093669
CEC1_E018_S09380_L0229,44.77387485228076
CEC1_E018_S09380_L0242,52.99328034618997
CEC1_E018_S09382_L0202,10.373264023632576
CEC1_E018_S09386_L0236,70.89904510697444
CEC1_E018_S09387_L0236,13.145516806026468
CEC1_E018_S09395_L0209,62.77013302988446
CEC1_E018_S09396_L0243,85.17424327774252
CEC1_E018_S09397_L0224,49.632841160466796
CEC1_E018_S09398_L0229,14.113731169803206
CEC1_E018_S09398_L0242,31.428789566862065
CEC1_E018_S09402_L0240,59.479345715004456
CEC1_E018_S09406_L0217,37.59177221857769
CEC1_E018_S09407_L0219,14.836503334192695
CEC1_E018_S09413_L0219,45.22200582113363
CEC1_E018_S09423_L0222,58.317423820031145
CEC1_E018_S09424_L0231,40.465918673175345
CEC1_E018_S09426_L0236,36.88465624078098
CEC1_E018_S09427_L0242,73.49359962366552
CEC1_E018_S09430_L0243,74.24872580726502
CEC1_E018_S09438_L0202,67.06722111941022
CEC1_E018_S09446_L0242,86.80167647151228
CEC1_E018_S09448_L0201,82.10454883751231
CEC1_E018_S09450_L0236,13.316142451195546
CEC1_E018_S09451_L0243,37.5141242051147
CEC1_E018_S09452_L0240,72.70569345328363
CEC1_E018_S09455_L0217,80.54914216566515
CEC1_E018_S09459_L0217,32.33399266193512
CEC1_E018_S09462_L0227,32.69695238592621
CEC1_E018_S09462_L0241,44.119305450700196
CEC1_E018_S09463_L0231,68.4746310875194
CEC1_E018_S09468_L0219,18.89375031728311
CEC1_E018_S09470_L0229,68.26628996026757
CEC1_E018_S09470_L0242,44.19238524884071
CEC1_E018_S09474_L0218,62.75348908528171
CEC1_E018_S09474_L0221,60.3455838013267
CEC1_E018_S09475_L0200,79.76745476551898
CEC1_E018_S09475_L0240,82.70883637723202
CEC1_E018_S09476_L0231,70.22527344255515
CEC1_E018_S09480_L0227,11.950183258679969
CEC1_E018_S09480_L0241,14.652698656920558
CEC1_E018_S09483_L0218,31.317039376751836
CEC1_E018_S09483_L0221,13.867628980426945
CEC1_E018_S09485_L0222,76.54047312951542
CEC1_E018_S09488_L0202,41.28184450953504
CEC1_E018_S09502_L0212,37.264621292385584
CEC1_E018_S09502_L0221,30.866209101780527
CEC1_E018_S09503_L0201,42.02186169336226
CEC1_E018_S09508_L0243,57.37847257879531
CEC1_E018_S09509_L0236,81.94738917625828
CEC1_E018_S09510_L0242,64.4963705355258
CEC1_E018_S09514_L0218,69.66321708997005
CEC1_E018_S09514_L0221,69.37920959466061
CEC1_E018_S09515_L0243,75.00409072010007
CEC1_E018_S09522_L0215,52.30994262635606
CEC1_E018_S09525_L0208,13.540770240733963
CEC1_E018_S09527_L0200,19.888019559723627
CEC1_E018_S09528_L0229,26.752827828747606
CEC1_E018_S09528_L0235,29.76191993149443
CEC1_E018_S09532_L0242,68.0931866042401
CEC1_E018_S09533_L0200,83.07268491028567
CEC1_E018_S09533_L0240,79.60607806420633
CEC1_E018_S09536_L0202,29.01208323124782
CEC1_E018_S09538_L0240,83.47653005081263
CEC1_E018_S09540_L0217,77.25339445692425
CEC1_E018_S09542_L0219,13.171982412372339
CEC1_E018_S09544_L0236,80.86870389024257
CEC1_E018_S09545_L0208,52.19402636559209
CEC1_E018_S09551_L0242,50.39895808466568
CEC1_E018_S09553_L0222,19.498271493301306
CEC1_E018_S09554_L0229,88.79809413370788
CEC1_E018_S09554_L0235,86.25227090355921
CEC1_E018_S09556_L0201,48.468586617111804
CEC1_E018_S09557_L0202,61.54646409594634
CEC1_E018_S09558_L0227,17.766107022698172
CEC1_E018_S09558_L0241,15.583262244733431
CEC1_E018_S09559_L0227,57.6574269569368
CEC1_E018_S09559_L0241,75.37070013037581
CEC1_E018_S09564_L0208,77.05433591959094
CEC1_E018_S09564_L0209,67.280354436343
CEC1_E018_S09571_L0224,19.208073322399628
CEC1_E018_S09573_L0218,14.757621356333255
CEC1_E018_S09574_L0236,64.68753033620204
CEC1_E018_S09577_L0229,87.58384871074477
CEC1_E018_S09577_L0235,86.41829247724432
CEC1_E018_S09579_L0218,64.6173680647631
CEC1_E018_S09579_L0221,30.580725446262072
CEC1_E018_S09580_L0236,24.188154220072114
CEC1_E018_S09581_L0242,41.70618137761802
CEC1_E018_S09586_L0229,53.317941314328195
CEC1_E018_S09586_L0235,42.30695721901611
CEC1_E018_S09587_L0218,76.02896570369326
CEC1_E018_S09587_L0221,55.93899840379317
CEC1_E018_S09595_L0201,62.46390861264597
CEC1_E018_S09596_L0208,55.67089311202433
CEC1_E018_S09596_L0209,64.75867766513684
CEC1_E018_S09606_L0208,25.11716964912339
CEC1_E018_S09606_L0209,25.7104934338418
CEC1_E018_S09611_L0218,83.72372058981041
CEC1_E018_S09613_L0236,23.44597575547296
CEC1_E018_S09618_L0202,43.28911433161137
CEC1_E018_S09619_L0201,80.90976708942517
CEC1_E018_S09620_L0212,21.847997846969054
CEC1_E018_S09620_L0221,29.896502998137883
CEC1_E018_S09621_L0201,81.02824732884362
CEC1_E018_S09625_L0212,68.26737476531063
CEC1_E018_S09626_L0215,28.6108863353034
CEC1_E018_S09627_L0217,82.66944686212126
CEC1_E018_S09628_L0224,88.20877976038875
CEC1_E018_S09629_L0240,57.39290967415262
CEC1_E018_S09634_L0222,65.0571858196327
CEC1_E018_S09637_L0212,23.583867452566363
CEC1_E018_S09637_L0221,28.429274469333574
CEC1_E018_S09643_L0212,23.467971184668244
CEC1_E018_S09646_L0240,50.95072699200854
CEC1_E018_S09649_L0240,56.761160751235174
CEC1_E018_S09652_L0240,51.29296311577198
CEC1_E018_S09658_L0241,23.691991208982536
CEC1_E018_S09663_L0236,60.391035753817974
CEC1_E018_S09666_L0243,78.43921185712362
CEC1_E018_S09669_L0236,62.30036937885331
CEC1_E018_S09671_L0201,40.44497010079184
CEC1_E018_S09673_L0222,55.73807573841615
CEC1_E018_S09676_L0218,76.2186355832262
CEC1_E018_S09677_L0201,44.80533888733437
CEC1_E018_S09678_L0227,31.39028753519606
CEC1_E018_S09678_L0235,28.04128486125509
CEC1_E018_S09689_L0227,64.38202111401097
CEC1_E018_S09689_L0235,81.07259485375066
CEC1_E018_S09693_L0202,19.553749534335687
CEC1_E018_S09694_L0202,62.00775398533652
CEC1_E018_S09699_L0218,54.31735322645675
CEC1_E018_S09699_L0221,20.184162388323628
CEC1_E018_S09702_L0219,59.13452672908572
CEC1_E018_S09710_L0240,10.481681656800198
CEC1_E018_S09714_L0202,21.888939780082836
CEC1_E018_S09717_L0231,24.61313116161465
CEC1_E018_S09719_L0215,26.79667295465539
CEC1_E018_S09722_L0217,62.39383606581132
CEC1_E018_S09723_L0218,49.82137208412359
CEC1_E018_S09723_L0221,32.61729133807825
CEC1_E018_S09733_L0208,59.731867341114956
CEC1_E018_S09738_L0235,69.49013689651896
CEC1_E018_S09748_L0218,79.41242405571829
CEC1_E018_S09749_L0218,43.978068242931656
CEC1_E018_S09749_L0221,12.59610180226283
CEC1_E018_S09752_L0241,28.079204301755123
CEC1_E018_S09753_L0215,49.022888578412456
CEC1_E018_S09754_L0215,69.41227782857979
CEC1_E018_S09759_L0218,21.062991617045956
CEC1_E018_S09760_L0208,86.5142494517789
CEC1_E018_S09760_L0209,87.26985962005017
CEC1_E018_S09761_L0201,44.29870370742681
CEC1_E018_S09762_L0212,72.14393429144819
CEC1_E018_S09762_L0221,60.22410723068387
CEC1_E018_S09763_L0222,44.760505219610494
CEC1_E018_S09767_L0227,32.004879212618725
CEC1_E018_S09767_L0241,43.81489007648488
CEC1_E018_S09770_L0241,22.33716931727808
CEC1_E018_S09776_L0212,86.7464710460311
CEC1_E018_S09777_L0219,21.077331897181576
CEC1_E018_S09778_L0212,73.65198424735354
CEC1_E018_S09778_L0221,58.36261795130451
CEC1_E018_S09780_L0231,29.337114914867094
CEC1_E018_S09783_L0222,79.55437779819901
CEC1_E018_S09791_L0208,53.042133546581645
CEC1_E018_S09791_L0209,48.29603931534316
CEC1_E018_S09793_L0200,14.531192585515482
CEC1_E018_S09793_L0240,13.813427929777909
CEC1_E018_S09798_L0222,44.52575475198937
CEC1_E018_S09799_L0215,56.98685420133225
CEC1_E018_S09802_L0215,73.40190035815785
CEC1_E018_S09803_L0242,83.76341532208785
CEC1_E018_S09811_L0243,68.26046902397393
CEC1_E018_S09812_L0209,62.97582354744015
CEC1_E018_S09816_L0236,48.682779009549805
CEC1_E018_S09818_L0215,74.45224732277342
CEC1_E018_S09819_L0202,30.90370870431329
CEC1_E018_S09824_L0202,32.306903137225355
CEC1_E018_S09827_L0218,19.625793499749975
CEC1_E018_S09830_L0242,74.51287701959322
CEC1_E018_S09833_L0243,32.070789394601974
CEC1_E018_S09841_L0224,10.448843324261647
CEC1_E018_S09842_L0227,11.632164832448288
CEC1_E018_S09842_L0241,14.303050625864232
CEC1_E018_S09844_L0200,53.61098814642589
CEC1_E018_S09844_L0240,54.81299172585744
CEC1_E018_S09852_L0240,12.447062800603584
CEC1_E018_S09857_L0236,21.402653926802245
CEC1_E018_S09860_L0200,17.841475525985732
CEC1_E018_S09861_L0201,37.409524753365076
CEC1_E018_S09864_L0229,65.1405015293982
CEC1_E018_S09865_L0200,58.40437435291135
CEC1_E018_S09866_L0219,75.22943342791743
CEC1_E018_S09870_L0243,62.07663944481745
CEC1_E018_S09876_L0224,60.02295934726622
CEC1_E018_S09877_L0201,39.513053361544316
CEC1_E018_S09881_L0212,68.11910273013024
CEC1_E018_S09881_L0218,66.30787476996737
CEC1_E018_S09884_L0200,80.67193893836318
CEC1_E018_S09886_L0209,77.4947638515658
CEC1_E018_S09889_L0208,78.30530507010451
CEC1_E018_S09889_L0209,79.98783010335113
CEC1_E018_S09891_L0224,28.02401632931202
CEC1_E018_S09892_L0200,48.80548823840091
CEC1_E018_S09893_L0222,42.01982925638963
CEC1_E018_S09894_L0222,89.11820555712791
CEC1_E018_S09895_L0236,81.44229490098502
CEC1_E018_S09895_L0243,41.672807604553185
CEC1_E018_S09900_L0224,47.75560503810555
CEC1_E018_S09903_L0202,43.94299629439336
CEC1_E018_S09904_L0200,63.21961993939248
CEC1_E018_S09904_L0240,50.757688358099124
CEC1_E018_S09908_L0208,60.97632281503121
CEC1_E018_S09911_L0201,34.98457458475141
CEC1_E018_S09915_L0201,42.566049504291584
CEC1_E018_S09919_L0212,36.76680499558281
CEC1_E018_S09919_L0221,18.225352151538775
CEC1_E018_S09920_L0231,50.807250624067876
CEC1_E018_S09922_L0236,21.791274108118202
CEC1_E018_S09923_L0217,84.69334563805518
CEC1_E018_S09925_L0212,26.650809778053983
CEC1_E018_S09928_L0243,36.767705391215266
CEC1_E018_S09929_L0231,78.73263972694325
CEC1_E018_S09934_L0218,31.29182395294638
CEC1_E018_S09934_L0221,12.823371542135613
CEC1_E018_S09935_L0231,64.51247311530621
CEC1_E018_S09936_L0235,49.209721019311935
CEC1_E018_S09944_L0200,85.65944873917343
CEC1_E018_S09945_L0208,22.8426171250705
CEC1_E018_S09946_L0236,48.43253524068188
CEC1_E018_S09951_L0229,49.043524612916954
CEC1_E018_S09951_L0235,62.48935850438431
CEC1_E018_S09960_L0202,10.206618985424596
CEC1_E018_S09961_L0236,75.26308228766256
CEC1_E018_S09964_L0209,87.99203875496669
CEC1_E018_S09969_L0241,77.66115265314549
CEC1_E018_S09971_L0217,25.87495304438073
CEC1_E018_S09972_L0224,52.71982407127093
CEC1_E018_S09978_L0236,57.11507577978508
CEC1_E018_S09981_L0202,17.80915586862802
CEC1_E018_S09984_L0242,19.679441671091954
CEC1_E018_S09985_L0219,19.17400161138822
CEC1_E018_S09990_L0202,18.73825159745646
CEC1_E018_S09991_L0208,23.39944456961821
CEC1_E018_S09991_L0209,18.75759805795651
CEC1_E018_S10000_L0215,30.540747533834534
CEC1_E019_S08502_L0224,63.52044992281627
CEC1_E019_S08508_L0241,77.48639489704799
CEC1_E019_S08512_L0202,87.84958452528913
CEC1_E019_S08514_L0209,87.43348528020861
CEC1_E019_S08515_L0219,84.50016811535883
CEC1_E019_S08518_L0212,74.96591658080781
CEC1_E019_S08520_L0208,87.03374607806488
CEC1_E019_S08523_L0202,88.4038590892237
CEC1_E019_S08529_L0208,53.15838880792113
CEC1_E019_S08530_L0218,71.59303798824337
CEC1_E019_S08530_L0221,74.48755607295415
CEC1_E019_S08532_L0201,72.85611424175855
CEC1_E019_S08534_L0243,85.95754822198948
CEC1_E019_S08537_L0201,83.01217367613843
CEC1_E019_S08540_L0200,88.53104737061327
CEC1_E019_S08540_L0240,88.18792370685753
CEC1_E019_S08546_L0202,87.58790858214631
CEC1_E019_S08558_L0212,84.88855070010734
CEC1_E019_S08558_L0221,76.86555370710694
CEC1_E019_S08561_L0217,84.32345236330237
CEC1_E019_S08564_L0200,86.27720949213567
CEC1_E019_S08564_L0240,88.00972401026085
CEC1_E019_S08566_L0224,43.45155925412271
CEC1_E019_S08569_L0243,85.46415794517041
CEC1_E019_S08571_L0241,79.21874769072078
CEC1_E019_S08573_L0221,84.84334357535798
CEC1_E019_S08574_L0200,53.379334700863815
CEC1_E019_S08574_L0240,66.254315702082
CEC1_E019_S08575_L0231,85.41064212515694
CEC1_E019_S08578_L0222,88.47570488172184
CEC1_E019_S08579_L0243,88.06398834074227
CEC1_E019_S08582_L0218,77.9451394706633
CEC1_E019_S08587_L0236,84.9888681264678
CEC1_E019_S08590_L0222,78.00143328044058
CEC1_E019_S08593_L0240,85.9475106035866
CEC1_E019_S08594_L0209,88.59083703963326
CEC1_E019_S08595_L0217,87.73404478720796
CEC1_E019_S08600_L0212,87.37132274340352
CEC1_E019_S08600_L0221,85.80668554986747
CEC1_E019_S08603_L0212,88.76514960898325
CEC1_E019_S08603_L0221,88.26002660115803
CEC1_E019_S08605_L0224,88.50133569971972
CEC1_E019_S08606_L0219,58.24274941880428
CEC1_E019_S08613_L0202,84.12397978604679
CEC1_E019_S08614_L0224,79.23110993340937
CEC1_E019_S08620_L0241,69.07753071946131
CEC1_E019_S08624_L0240,86.56418096368581
CEC1_E019_S08627_L0243,54.37095081172693
CEC1_E019_S08628_L0229,87.91135512016088
CEC1_E019_S08628_L0235,87.95626252481887
CEC1_E019_S08633_L0224,87.04890183148265
CEC1_E019_S08636_L0229,88.48205556366979
CEC1_E019_S08636_L0242,88.84347897220981
CEC1_E019_S08637_L0236,67.09131439541336
CEC1_E019_S08644_L0243,86.33794648120403
CEC1_E019_S08645_L0231,87.75524166151845
CEC1_E019_S08648_L0236,77.67761566785697
CEC1_E019_S08649_L0227,88.16443541292983
CEC1_E019_S08649_L0235,87.85415245023688
CEC1_E019_S08650_L0227,80.23298251114066
CEC1_E019_S08650_L0229,80.60127396541486
CEC1_E019_S08652_L0243,88.43716045754613
CEC1_E019_S08653_L0208,86.30145262408449
CEC1_E019_S08653_L0209,85.77291043230163
CEC1_E019_S08656_L0218,88.27680038369891
CEC1_E019_S08657_L0202,85.47779206082481
CEC1_E019_S08660_L0208,86.27853144637231
CEC1_E019_S08660_L0209,85.191738450348
CEC1_E019_S08662_L0217,88.02018104002549
CEC1_E019_S08664_L0215,75.90073753096615
CEC1_E019_S08667_L0200,86.97546367532938
CEC1_E019_S08667_L0240,87.26940758475473
CEC1_E019_S08668_L0240,81.06307861932578
CEC1_E019_S08681_L0236,84.8819332711976
CEC1_E019_S08682_L0215,78.72209218611503
CEC1_E019_S08683_L0219,88.41083698600995
CEC1_E019_S08685_L0231,88.37575453628199
CEC1_E019_S08686_L0217,86.48628657484443
CEC1_E019_S08688_L0242,85.21455823293309
CEC1_E019_S08689_L0217,82.97335442308088
CEC1_E019_S08690_L0212,86.07953139795225
CEC1_E019_S08693_L0224,83.5112240037099
CEC1_E019_S08704_L0242,88.11186340959479
CEC1_E019_S08707_L0218,81.99890764879704
CEC1_E019_S08710_L0229,76.27420850303629
CEC1_E019_S08710_L0242,79.97858065806552
CEC1_E019_S08713_L0202,88.48031373442336
CEC1_E019_S08714_L0227,88.52473280545325
CEC1_E019_S08714_L0241,85.72475393075102
CEC1_E019_S08717_L0227,88.38142926885453
CEC1_E019_S08717_L0241,87.27021278405373
CEC1_E019_S08719_L0240,87.06427172368561
CEC1_E019_S08722_L0202,88.16907062182416
CEC1_E019_S08725_L0215,73.33429205170647
CEC1_E019_S08727_L0222,82.64379422577042
CEC1_E019_S08731_L0215,86.37937149360148
CEC1_E019_S08732_L0231,87.2370126762383
CEC1_E019_S08735_L0202,80.23213255790769
CEC1_E019_S08739_L0227,88.62629062359873
CEC1_E019_S08739_L0241,87.84483717003378
CEC1_E019_S08743_L0236,63.909967882282814
CEC1_E019_S08750_L0236,81.62673719947283
CEC1_E019_S08752_L0217,85.4565621813176
CEC1_E019_S08753_L0243,88.42564727041454
CEC1_E019_S08756_L0227,86.85541427894636
CEC1_E019_S08756_L0235,84.83047274776695
CEC1_E019_S08761_L0200,80.2560509710568
CEC1_E019_S08761_L0240,82.29778874948019
CEC1_E019_S08767_L0200,88.75491591575744
CEC1_E019_S08768_L0227,87.01686044681914
CEC1_E019_S08770_L0227,81.52951986057751
CEC1_E019_S08771_L0219,88.96954182605582
CEC1_E019_S08772_L0215,74.7795375981116
CEC1_E019_S08778_L0240,80.8179874362019
CEC1_E019_S08779_L0240,88.01823409453908
CEC1_E019_S08780_L0200,85.56607263582661
CEC1_E019_S08780_L0240,86.70574019438754
CEC1_E019_S08782_L0229,81.05719531580904
CEC1_E019_S08782_L0235,86.70239875524695
CEC1_E019_S08785_L0222,76.27364934129415
CEC1_E019_S08786_L0201,86.60005454083156
CEC1_E019_S08789_L0219,82.19150270151562
CEC1_E019_S08790_L0231,77.34375575326398
CEC1_E019_S08791_L0231,87.22845293958615
CEC1_E019_S08793_L0215,60.28262414413934
CEC1_E019_S08795_L0231,68.8943989694895
CEC1_E019_S08800_L0229,73.09385563851399
CEC1_E019_S08800_L0242,74.4528434657096
CEC1_E019_S08804_L0240,80.37756440435473
CEC1_E019_S08806_L0217,71.43324854622196
CEC1_E019_S08807_L0222,87.90699678806044
CEC1_E019_S08808_L0212,85.43522966631355
CEC1_E019_S08808_L0221,82.18303521797259
CEC1_E019_S08809_L0222,71.92014265478261
CEC1_E019_S08810_L0240,87.56173018364707
CEC1_E019_S08815_L0219,88.08666896034721
CEC1_E019_S08817_L0229,87.6856627789127
CEC1_E019_S08817_L0242,87.9880564898509
CEC1_E019_S08818_L0212,82.74194432769093
CEC1_E019_S08820_L0240,81.57786487639805
CEC1_E019_S08821_L0231,85.59770294154295
CEC1_E019_S08824_L0200,70.86628428122263
CEC1_E019_S08827_L0243,84.97922083405305
CEC1_E019_S08829_L0217,67.41594627860277
CEC1_E019_S08833_L0201,86.55649317792474
CEC1_E019_S08836_L0201,76.25751658268754
CEC1_E019_S08837_L0229,88.67928262128082
CEC1_E019_S08837_L0242,88.83116024127726
CEC1_E019_S08838_L0224,68.25828247787044
CEC1_E019_S08843_L0218,84.43628090669891
CEC1_E019_S08844_L0243,67.75641196281406
CEC1_E019_S08846_L0200,87.22166754727736
CEC1_E019_S08847_L0218,86.38015748753105
CEC1_E019_S08853_L0243,79.80268171249702
CEC1_E019_S08854_L0222,85.01590191044089
CEC1_E019_S08855_L0227,86.71283400646102
CEC1_E019_S08855_L0235,84.83935199196026
CEC1_E019_S08861_L0219,81.10804955274774
CEC1_E019_S08862_L0215,80.02135208792042
CEC1_E019_S08867_L0202,88.39566004891775
CEC1_E019_S08869_L0200,74.82214440311026
CEC1_E019_S08870_L0218,87.20678076781525
CEC1_E019_S08871_L0202,82.02135949461815
CEC1_E019_S08872_L0243,78.3358460650103
CEC1_E019_S08873_L0243,77.51675978845321
CEC1_E019_S08879_L0215,88.00677359717541
CEC1_E019_S08883_L0202,77.81014850769377
CEC1_E019_S08885_L0222,86.47998756238962
CEC1_E019_S08889_L0231,87.99055067025007
CEC1_E019_S08891_L0202,83.81467776237396
CEC1_E019_S08894_L0236,86.91884909274603
CEC1_E019_S08895_L0227,62.849463401918875
CEC1_E019_S08895_L0241,68.45084163755516
CEC1_E019_S08897_L0224,85.85107861647936
CEC1_E019_S08899_L0224,69.07016534112691
CEC1_E019_S08901_L0219,89.18702197585378
CEC1_E019_S08903_L0236,85.04253495840076
CEC1_E019_S08905_L0209,80.76711631863793
CEC1_E019_S08907_L0222,87.76666821960349
CEC1_E019_S08908_L0231,87.38137926029478
CEC1_E019_S08911_L0229,86.84488102281766
CEC1_E019_S08911_L0242,84.27424138187978
CEC1_E019_S08916_L0227,86.14226612610683
CEC1_E019_S08916_L0235,85.34287105579025
CEC1_E019_S08919_L0209,87.87717887510891
CEC1_E019_S08920_L0212,87.71917986570458
CEC1_E019_S08920_L0221,86.86191113984964
CEC1_E019_S08922_L0227,88.52436194904818
CEC1_E019_S08922_L0235,87.19064468711267
CEC1_E019_S08923_L0227,88.84834100023778
CEC1_E019_S08923_L0235,88.39767777552517
CEC1_E019_S08928_L0241,86.79195195430756
CEC1_E019_S08929_L0229,58.87521769593529
CEC1_E019_S08929_L0242,71.09094645127679
CEC1_E019_S08931_L0215,73.12542429992342
CEC1_E019_S08934_L0217,84.71596292180247
CEC1_E019_S08936_L0201,88.38726316648024
CEC1_E019_S08939_L0236,82.44319790947019
CEC1_E019_S08940_L0215,79.74872951836683
CEC1_E019_S08941_L0200,75.82479706927565
CEC1_E019_S08942_L0217,87.55812509819239
CEC1_E019_S08944_L0241,88.31209772840725
CEC1_E019_S08949_L0208,88.5415137875726
CEC1_E019_S08949_L0209,88.32485035638007
CEC1_E019_S08950_L0208,85.47074316355429
CEC1_E019_S08950_L0209,82.88587107415655
CEC1_E019_S08955_L0231,68.00806250439935
CEC1_E019_S08956_L0201,88.08519763672781
CEC1_E019_S08958_L0231,86.73495011243267
CEC1_E019_S08961_L0242,79.72217219773472
CEC1_E019_S08962_L0243,71.50647895377578
CEC1_E019_S08965_L0243,82.57183298198373
CEC1_E019_S08969_L0218,87.64906162690787
CEC1_E019_S08969_L0221,88.02455135172833
CEC1_E019_S08971_L0222,69.03317674712534
CEC1_E019_S08974_L0242,88.24267605326264
CEC1_E019_S08976_L0200,87.5303713473085
CEC1_E019_S08977_L0229,88.11112960683057
CEC1_E019_S08977_L0242,87.21517507601953
CEC1_E019_S08979_L0200,85.22869854484102
CEC1_E019_S08979_L0240,85.73282207530775
CEC1_E019_S08980_L0201,56.47894526156492
CEC1_E019_S08983_L0212,72.53777502925753
CEC1_E019_S08983_L0221,65.49672088810469
CEC1_E019_S08987_L0200,88.82991861456085
CEC1_E019_S08993_L0231,81.77655344587517
CEC1_E019_S08997_L0219,87.82171237562675
CEC1_E019_S08998_L0219,88.22588040925305
CEC1_E019_S08999_L0217,87.14876823473757
CEC1_E019_S09000_L0202,88.66985516756161
CEC1_E019_S09004_L0218,87.54439064631079
CEC1_E019_S09006_L0242,87.43077331955254
CEC1_E019_S09009_L0236,87.4242406318295
CEC1_E019_S09011_L0217,66.86609082751737
CEC1_E019_S09014_L0222,75.96540842012956
CEC1_E019_S09018_L0218,87.61543108800069
CEC1_E019_S09021_L0231,81.62522335808247
CEC1_E019_S09025_L0219,82.58348540867462
CEC1_E019_S09026_L0217,88.41041664211882
CEC1_E019_S09029_L0242,86.22109057510073
CEC1_E019_S09030_L0229,77.91905623825815
CEC1_E019_S09030_L0235,85.60461325939991
CEC1_E019_S09039_L0219,85.75126254393602
CEC1_E019_S09040_L0208,88.29735032503523
CEC1_E019_S09040_L0209,88.07606084421823
CEC1_E019_S09046_L0224,86.50617323749779
CEC1_E019_S09047_L0219,88.96129297303614
CEC1_E019_S09049_L0236,84.95242442954711
CEC1_E019_S09051_L0215,85.30256001778008
CEC1_E019_S09052_L0208,80.54592105744341
CEC1_E019_S09052_L0209,81.44289859490003
CEC1_E019_S09061_L0229,85.56709204746996
CEC1_E019_S09061_L0235,84.03926001934529
CEC1_E019_S09065_L0236,88.30606619081479
CEC1_E019_S09069_L0215,71.65851733526054
CEC1_E019_S09070_L0236,88.50224628939208
CEC1_E019_S09073_L0231,88.61204057661638
CEC1_E019_S09076_L0224,88.56209439418706
CEC1_E019_S09078_L0222,60.36803735854205
CEC1_E019_S09080_L0208,86.72764924673884
CEC1_E019_S09082_L0224,87.34979984451132
CEC1_E019_S09085_L0222,82.97991634118172
CEC1_E019_S09086_L0236,79.62379607373089
CEC1_E019_S09088_L0200,76.59789648629645
CEC1_E019_S09088_L0240,86.63822262888226
CEC1_E019_S09089_L0209,64.86881765530643
CEC1_E019_S09091_L0215,86.22319119733187
CEC1_E019_S09092_L0231,88.05544108876191
CEC1_E019_S09094_L0217,86.1665045791734
CEC1_E019_S09100_L0224,75.21026701976285
CEC1_E019_S09100_L0240,84.20124004406667
CEC1_E019_S09101_L0215,88.4874702157506
CEC1_E019_S09109_L0242,88.49738323301327
CEC1_E019_S09111_L0212,88.84675033878847
CEC1_E019_S09113_L0222,72.09442157581785
CEC1_E019_S09118_L0229,77.52918303363242
CEC1_E019_S09118_L0242,80.09068404075866
CEC1_E019_S09125_L0241,78.13957972483684
CEC1_E019_S09128_L0231,83.49728770388197
CEC1_E019_S09132_L0227,85.26806080108557
CEC1_E019_S09132_L0235,75.37341606458892
CEC1_E019_S09135_L0219,85.67280245014219
CEC1_E019_S09136_L0222,87.56322265871462
CEC1_E019_S09137_L0212,58.691340777541015
CEC1_E019_S09140_L0200,88.53774258908128
CEC1_E019_S09140_L0240,88.42444667305108
CEC1_E019_S09142_L0229,86.98782916893153
CEC1_E019_S09142_L0235,86.80589327642738
CEC1_E019_S09144_L0222,88.69063011599526
CEC1_E019_S09150_L0208,86.15862598717915
CEC1_E019_S09152_L0222,88.03443944608088
CEC1_E019_S09154_L0222,83.95941635744589
CEC1_E019_S09155_L0200,88.78366488338942
CEC1_E019_S09156_L0227,88.55804475949894
CEC1_E019_S09156_L0241,85.18873410391411
CEC1_E019_S09158_L0224,86.7500267977815
CEC1_E019_S09164_L0217,86.86705394861174
CEC1_E019_S09168_L0217,84.08635200926688
CEC1_E019_S09169_L0202,86.15027173998067
CEC1_E019_S09172_L0224,88.47095879369782
CEC1_E019_S09175_L0231,88.58325701907744
CEC1_E019_S09178_L0219,89.21784522832458
CEC1_E019_S09180_L0215,87.41957395171822
CEC1_E019_S09181_L0243,88.01960752962091
CEC1_E019_S09188_L0218,56.60425052861886
CEC1_E019_S09191_L0215,54.87009965111683
CEC1_E019_S09192_L0224,86.5347067424609
CEC1_E019_S09197_L0227,88.95411121034401
CEC1_E019_S09197_L0241,88.59815009181753
CEC1_E019_S09198_L0236,80.5275141484724
CEC1_E019_S09203_L0200,88.74170060088116
CEC1_E019_S09205_L0224,82.6406668182735
CEC1_E019_S09209_L0209,88.24610607053437
CEC1_E019_S09215_L0236,88.5132939683789
CEC1_E019_S09218_L0200,88.55512786504597
CEC1_E019_S09218_L0240,88.19978375306869
CEC1_E019_S09224_L0200,80.65596118483337
CEC1_E019_S09227_L0218,88.39814060974597
CEC1_E019_S09227_L0221,88.66841681048439
CEC1_E019_S09228_L0243,86.29332022871796
CEC1_E019_S09229_L0217,61.62792734710447
CEC1_E019_S09231_L0212,72.23827977762403
CEC1_E019_S09231_L0221,79.29823062967681
CEC1_E019_S09234_L0219,88.93883192183397
CEC1_E019_S09236_L0202,88.62036588868392
CEC1_E019_S09238_L0227,87.11836208441215
CEC1_E019_S09238_L0235,87.29196345319934
CEC1_E019_S09243_L0201,88.65006393078903
CEC1_E019_S09245_L0200,80.95945003031026
CEC1_E019_S09245_L0240,80.50575241951113
CEC1_E019_S09246_L0219,79.39967267730506
CEC1_E019_S09250_L0240,88.38835584757999
CEC1_E019_S09253_L0202,87.4336727082534
CEC1_E019_S09255_L0215,65.4242954818431
CEC1_E019_S09257_L0215,58.1235536351647
CEC1_E019_S09258_L0215,75.48354218427384
CEC1_E019_S09259_L0217,80.60858926640407
CEC1_E019_S09262_L0202,86.31812120355364
CEC1_E019_S09264_L0224,88.62697798422259
CEC1_E019_S09265_L0229,82.5618832066257
CEC1_E019_S09265_L0235,85.1224098700468
CEC1_E019_S09267_L0217,87.92922637140323
CEC1_E019_S09271_L0200,85.75320089727165
CEC1_E019_S09271_L0240,85.84982381773598
CEC1_E019_S09272_L0240,87.31992493999422
CEC1_E019_S09274_L0224,65.08155926012118
CEC1_E019_S09277_L0229,88.5483602849545
CEC1_E019_S09277_L0242,88.82519204754304
CEC1_E019_S09278_L0227,89.02215562577143
CEC1_E019_S09278_L0235,88.61112533392068
CEC1_E019_S09280_L0229,88.15162323438653
CEC1_E019_S09280_L0242,88.23046445870308
CEC1_E019_S09281_L0212,88.39121885857736
CEC1_E019_S09282_L0217,69.96706018951231
CEC1_E019_S09284_L0202,85.12351123978968
CEC1_E019_S09286_L0241,86.34658438483572
CEC1_E019_S09288_L0208,78.94593462835239
CEC1_E019_S09290_L0217,87.18739220418053
CEC1_E019_S09291_L0241,88.54369369314422
CEC1_E019_S09296_L0241,85.23414104312496
CEC1_E019_S09297_L0212,70.11239216527639
CEC1_E019_S09298_L0200,87.59017931556912
CEC1_E019_S09306_L0202,86.51041824585805
CEC1_E019_S09308_L0229,68.18952486539791
CEC1_E019_S09308_L0235,68.35152210477318
CEC1_E019_S09311_L0222,88.26024858815124
CEC1_E019_S09314_L0208,68.8788773220848
CEC1_E019_S09315_L0202,82.63982822706512
CEC1_E019_S09317_L0231,86.15513955618552
CEC1_E019_S09320_L0229,69.07001765541037
CEC1_E019_S09320_L0235,76.45461891221433
CEC1_E019_S09325_L0218,82.35052813395382
CEC1_E019_S09329_L0242,77.66780671279412
CEC1_E019_S09331_L0212,87.15854449511913
CEC1_E019_S09332_L0242,78.02658582894578
CEC1_E019_S09333_L0222,49.72048076194146
CEC1_E019_S09338_L0212,82.16063929113614
CEC1_E019_S09338_L0221,77.7120441807405
CEC1_E019_S09339_L0219,88.08120688186129
CEC1_E019_S09342_L0229,76.8326431676401
CEC1_E019_S09342_L0235,65.22686852790737
CEC1_E019_S09343_L0241,78.41539586394157
CEC1_E019_S09346_L0243,83.99235867387334
CEC1_E019_S09350_L0201,87.0258583992416
CEC1_E019_S09351_L0201,83.05141287088948
CEC1_E019_S09352_L0201,73.47617989412255
CEC1_E019_S09359_L0218,88.07008582435044
CEC1_E019_S09359_L0221,86.40693034080016
CEC1_E019_S09360_L0208,87.79654399004332
CEC1_E019_S09362_L0241,73.36613025716079
CEC1_E019_S09363_L0212,59.877249178247524
CEC1_E019_S09363_L0221,55.42024667965171
CEC1_E019_S09364_L0241,71.59768286197348
CEC1_E019_S09365_L0229,70.76061411164666
CEC1_E019_S09365_L0235,76.64988607851411
CEC1_E019_S09366_L0218,49.969374028775
CEC1_E019_S09369_L0236,44.39026630052839
CEC1_E019_S09370_L0242,73.38408071559132
CEC1_E019_S09378_L0219,76.41190462832678
CEC1_E019_S09386_L0209,87.34539561878431
CEC1_E019_S09387_L0209,83.41109437807079
CEC1_E019_S09390_L0208,83.76162381604499
CEC1_E019_S09390_L0209,81.88403644034771
CEC1_E019_S09391_L0243,74.44310280457508
CEC1_E019_S09395_L0222,83.44924390882062
CEC1_E019_S09396_L0208,86.14487920895053
CEC1_E019_S09397_L0200,52.53374984368007
CEC1_E019_S09400_L0235,72.58028387069218
CEC1_E019_S09406_L0236,88.54002902057633
CEC1_E019_S09407_L0202,84.30101519333793
CEC1_E019_S09413_L0202,77.97019611405412
CEC1_E019_S09423_L0231,85.04317647114922
CEC1_E019_S09424_L0224,78.07975359732654
CEC1_E019_S09426_L0209,86.4090843850149
CEC1_E019_S09427_L0236,87.90210615548715
CEC1_E019_S09429_L0219,57.44869808469659
CEC1_E019_S09436_L0218,86.9941322592409
CEC1_E019_S09436_L0221,85.1947336558152
CEC1_E019_S09446_L0236,88.62674932204204
CEC1_E019_S09448_L0241,78.34123882046812
CEC1_E019_S09450_L0208,83.40771273635254
CEC1_E019_S09450_L0209,85.1144365736819
CEC1_E019_S09451_L0208,86.03424544251868
CEC1_E019_S09453_L0243,88.5109645805699
CEC1_E019_S09454_L0218,88.16480646394218
CEC1_E019_S09454_L0221,87.32154219646058
CEC1_E019_S09455_L0236,88.31003800314784
CEC1_E019_S09459_L0243,86.18299784381016
CEC1_E019_S09460_L0218,87.42564169827567
CEC1_E019_S09460_L0221,87.38576242986032
CEC1_E019_S09462_L0242,80.73016620981736
CEC1_E019_S09463_L0202,88.54607802349979
CEC1_E019_S09469_L0201,87.79682447065917
CEC1_E019_S09469_L0212,88.77943790141836
CEC1_E019_S09474_L0201,76.13299148057106
CEC1_E019_S09476_L0224,73.83064063951933
CEC1_E019_S09480_L0242,85.03081591809578
CEC1_E019_S09482_L0224,77.12773483295052
CEC1_E019_S09483_L0201,76.39316435640671
CEC1_E019_S09485_L0231,86.66491989412611
CEC1_E019_S09500_L0224,65.72101444185378
CEC1_E019_S09502_L0201,78.35161981325847
CEC1_E019_S09503_L0215,69.98368810704564
CEC1_E019_S09508_L0208,88.46954698484235
CEC1_E019_S09509_L0208,87.08591619517945
CEC1_E019_S09509_L0209,86.37361402913017
CEC1_E019_S09510_L0236,87.64072900432458
CEC1_E019_S09514_L0201,80.37398580903525
CEC1_E019_S09516_L0217,87.36838283105952
CEC1_E019_S09516_L0242,86.8941181505367
CEC1_E019_S09517_L0231,73.84244968380258
CEC1_E019_S09519_L0243,84.82686582495347
CEC1_E019_S09520_L0219,89.01098317123216
CEC1_E019_S09525_L0219,75.2321817005791
CEC1_E019_S09527_L0218,87.8446023438326
CEC1_E019_S09528_L0217,81.72509489068477
CEC1_E019_S09529_L0224,88.30673253254167
CEC1_E019_S09536_L0240,87.73679780968438
CEC1_E019_S09540_L0243,85.5413855627706
CEC1_E019_S09542_L0202,58.72780319568153
CEC1_E019_S09543_L0212,86.3535582920556
CEC1_E019_S09544_L0208,71.94291503626019
CEC1_E019_S09544_L0209,67.94800980691512
CEC1_E019_S09545_L0219,89.03198786933889
CEC1_E019_S09546_L0215,47.112027758464016
CEC1_E019_S09551_L0236,71.76500681772366
CEC1_E019_S09553_L0231,87.43991264670227
CEC1_E019_S09554_L0217,88.67201020642297
CEC1_E019_S09556_L0227,71.84948571885039
CEC1_E019_S09556_L0241,62.72368141937183
CEC1_E019_S09559_L0242,88.59053399326092
CEC1_E019_S09564_L0222,88.32259670775967
CEC1_E019_S09569_L0212,88.66199547203732
CEC1_E019_S09569_L0221,88.3344142498057
CEC1_E019_S09571_L0200,87.98861196390925
CEC1_E019_S09571_L0240,87.88393645981233
CEC1_E019_S09574_L0209,85.16613920834926
CEC1_E019_S09576_L0212,88.53552453738898
CEC1_E019_S09576_L0221,87.88362461721779
CEC1_E019_S09577_L0217,88.11967556411288
CEC1_E019_S09579_L0201,71.8258874901836
CEC1_E019_S09580_L0209,87.86975255766242
CEC1_E019_S09581_L0236,85.21489554895378
CEC1_E019_S09586_L0217,54.789698768168016
CEC1_E019_S09587_L0201,76.78193456108905
CEC1_E019_S09589_L0224,61.97735600165426
CEC1_E019_S09590_L0243,88.20512866660316
CEC1_E019_S09593_L0218,88.03763863360352
CEC1_E019_S09593_L0221,88.00728686647123
CEC1_E019_S09595_L0227,86.55852170426994
CEC1_E019_S09595_L0241,82.08324331484606
CEC1_E019_S09596_L0222,71.74193763784237
CEC1_E019_S09606_L0222,81.66031974729565
CEC1_E019_S09613_L0209,87.1909725078246
CEC1_E019_S09615_L0212,88.129596109962
CEC1_E019_S09615_L0221,88.10698691064654
CEC1_E019_S09616_L0215,85.91041955864371
CEC1_E019_S09619_L0227,88.21536294706941
CEC1_E019_S09619_L0241,87.87774553403807
CEC1_E019_S09620_L0201,76.38027401460853
CEC1_E019_S09621_L0241,87.30755888725447
CEC1_E019_S09624_L0219,81.41132747431321
CEC1_E019_S09625_L0215,69.77975210694052
CEC1_E019_S09626_L0229,80.52074812390647
CEC1_E019_S09626_L0235,84.09818924912847
CEC1_E019_S09627_L0243,84.84559275790195
CEC1_E019_S09628_L0200,88.86103394489561
CEC1_E019_S09628_L0240,88.58199868244004
CEC1_E019_S09634_L0231,85.96902726438168
CEC1_E019_S09637_L0201,74.88749665514312
CEC1_E019_S09641_L0212,76.78169517498503
CEC1_E019_S09643_L0215,69.46525403487658
CEC1_E019_S09655_L0243,80.48598572783474
CEC1_E019_S09656_L0229,81.8556765626891
CEC1_E019_S09656_L0235,83.00927491175378
CEC1_E019_S09658_L0242,62.573022882496026
CEC1_E019_S09662_L0219,78.7951332119286
CEC1_E019_S09663_L0209,60.36152030199068
CEC1_E019_S09666_L0208,77.1490717191041
CEC1_E019_S09669_L0209,86.1241718633962
CEC1_E019_S09671_L0241,71.40297469963235
CEC1_E019_S09673_L0231,81.28130691868576
CEC1_E019_S09677_L0227,88.38022840648688
CEC1_E019_S09677_L0241,86.05187972800124
CEC1_E019_S09678_L0217,84.73708503476624
CEC1_E019_S09681_L0212,88.04968839548673
CEC1_E019_S09684_L0212,86.75878948270723
CEC1_E019_S09684_L0221,86.78387086401736
CEC1_E019_S09689_L0217,88.65289597844027
CEC1_E019_S09691_L0215,79.05568150519744
CEC1_E019_S09699_L0201,76.35583120285817
CEC1_E019_S09704_L0215,83.51513919914575
CEC1_E019_S09705_L0224,83.58591660428372
CEC1_E019_S09714_L0240,87.5841108380176
CEC1_E019_S09715_L0243,86.85365431581262
CEC1_E019_S09716_L0212,85.96470235658816
CEC1_E019_S09717_L0202,50.847623835864724
CEC1_E019_S09719_L0227,86.2399822695027
CEC1_E019_S09719_L0235,82.63394293929798
CEC1_E019_S09722_L0236,86.32814719364701
CEC1_E019_S09723_L0201,81.91134278667498
CEC1_E019_S09726_L0235,86.6291544275718
CEC1_E019_S09733_L0219,73.35791018897334
CEC1_E019_S09749_L0201,75.83810857648689
CEC1_E019_S09752_L0229,77.26877159409257
CEC1_E019_S09752_L0242,73.98650750782308
CEC1_E019_S09753_L0229,85.92633027677789
CEC1_E019_S09753_L0235,83.89233842948374
CEC1_E019_S09754_L0227,86.78113702531836
CEC1_E019_S09754_L0235,84.52370403844846
CEC1_E019_S09755_L0215,86.87610525756436
CEC1_E019_S09758_L0209,70.41315967386649
CEC1_E019_S09760_L0222,88.82141276851888
CEC1_E019_S09761_L0241,68.4544154703507
CEC1_E019_S09762_L0201,87.07710656070941
CEC1_E019_S09763_L0231,85.55117439038386
CEC1_E019_S09765_L0212,73.96530367410654
CEC1_E019_S09767_L0242,88.84680569294666
CEC1_E019_S09770_L0229,69.38304465860261
CEC1_E019_S09770_L0242,66.25273498377531
CEC1_E019_S09776_L0215,87.66591209086803
CEC1_E019_S09777_L0202,79.96031066330775
CEC1_E019_S09778_L0201,76.14684881611167
CEC1_E019_S09780_L0202,88.51312943142293
CEC1_E019_S09786_L0219,86.30108907463136
CEC1_E019_S09789_L0208,82.49076397834882
CEC1_E019_S09790_L0218,61.02891681578662
CEC1_E019_S09790_L0221,56.98193774324962
CEC1_E019_S09791_L0222,76.79274892215659
CEC1_E019_S09797_L0218,87.47659176753191
CEC1_E019_S09797_L0221,86.32693132197507
CEC1_E019_S09798_L0231,88.52914697754895
CEC1_E019_S09799_L0229,67.34772434764844
CEC1_E019_S09799_L0235,75.2320233478181
CEC1_E019_S09802_L0229,84.60025626625644
CEC1_E019_S09802_L0235,88.31037785400967
CEC1_E019_S09803_L0236,87.7224916499907
CEC1_E019_S09811_L0208,87.57621044031825
CEC1_E019_S09812_L0222,78.41323692628058
CEC1_E019_S09816_L0208,81.99176556700523
CEC1_E019_S09816_L0209,76.39841144172881
CEC1_E019_S09818_L0227,83.7317718142942
CEC1_E019_S09818_L0235,81.38832920569382
CEC1_E019_S09823_L0212,83.22729141740894
CEC1_E019_S09823_L0221,82.52141841276436
CEC1_E019_S09824_L0240,88.39998228270397
CEC1_E019_S09828_L0218,87.0230917035366
CEC1_E019_S09828_L0221,86.31791250579948
CEC1_E019_S09830_L0236,87.27717119177429
CEC1_E019_S09831_L0218,84.5060659186186
CEC1_E019_S09831_L0221,75.26249189902083
CEC1_E019_S09833_L0208,70.80633198147055
CEC1_E019_S09834_L0212,55.02319120448813
CEC1_E019_S09837_L0243,86.29480019799307
CEC1_E019_S09841_L0200,65.66294936211216
CEC1_E019_S09842_L0242,82.51499061685203
CEC1_E019_S09846_L0224,88.66824842023527
CEC1_E019_S09856_L0212,87.63798946451834
CEC1_E019_S09857_L0209,79.94443787363194
CEC1_E019_S09860_L0218,66.93715299119141
CEC1_E019_S09861_L0227,88.04347142633743
CEC1_E019_S09861_L0241,83.19583854007374
CEC1_E019_S09864_L0217,80.8179895429488
CEC1_E019_S09865_L0218,81.0350333339874
CEC1_E019_S09870_L0208,67.78004473622549
CEC1_E019_S09876_L0200,81.70486787815686
CEC1_E019_S09877_L0227,84.81617416442911
CEC1_E019_S09877_L0241,79.75699490852124
CEC1_E019_S09879_L0218,88.53998673946455
CEC1_E019_S09879_L0221,88.4038468806205
CEC1_E019_S09884_L0218,88.5574634023831
CEC1_E019_S09886_L0222,86.14188154040484
CEC1_E019_S09889_L0222,88.75201477728636
CEC1_E019_S09891_L0200,58.61377089489796
CEC1_E019_S09892_L0218,66.0547696667904
CEC1_E019_S09893_L0231,87.46380715229809
CEC1_E019_S09894_L0231,88.57934224142974
CEC1_E019_S09895_L0208,85.27309732348752
CEC1_E019_S09899_L0212,72.58202743569325
CEC1_E019_S09899_L0221,71.06603899481857
CEC1_E019_S09900_L0200,79.03432982896337
CEC1_E019_S09903_L0240,78.4865954337605
CEC1_E019_S09908_L0219,89.06605109996137
CEC1_E019_S09911_L0227,82.39287903359876
CEC1_E019_S09911_L0241,61.25550079702892
CEC1_E019_S09913_L0215,78.19229146559054
CEC1_E019_S09915_L0241,88.656787571033
CEC1_E019_S09919_L0201,85.88626629150056
CEC1_E019_S09920_L0224,65.89666426812424
CEC1_E019_S09922_L0208,86.89956413219564
CEC1_E019_S09922_L0209,87.55972559831048
CEC1_E019_S09923_L0243,85.74483177974244
CEC1_E019_S09925_L0215,75.29611931696772
CEC1_E019_S09934_L0201,87.15103761799702
CEC1_E019_S09935_L0202,87.91442786067559
CEC1_E019_S09936_L0217,73.31044945336289
CEC1_E019_S09944_L0218,88.5548216344119
CEC1_E019_S09945_L0219,81.57427001711318
CEC1_E019_S09946_L0208,80.39447966889124
CEC1_E019_S09946_L0209,73.69152213705637
CEC1_E019_S09951_L0217,84.72563175746605
CEC1_E019_S09952_L0243,88.5678832923143
CEC1_E019_S09956_L0221,74.05281558295587
CEC1_E019_S09960_L0240,84.45425014109054
CEC1_E019_S09961_L0208,74.25017936346951
CEC1_E019_S09961_L0209,65.58837934495237
CEC1_E019_S09963_L0201,69.01651117418899
CEC1_E019_S09964_L0222,88.81419638388755
CEC1_E019_S09967_L0224,78.76939043324636
CEC1_E019_S09969_L0229,87.2890482930197
CEC1_E019_S09969_L0242,87.93078828809843
CEC1_E019_S09971_L0243,75.00252346211263
CEC1_E019_S09972_L0200,65.02079420400123
CEC1_E019_S09977_L0218,87.19822764076211
CEC1_E019_S09977_L0221,86.08646202806732
CEC1_E019_S09978_L0208,65.34126442466601
CEC1_E019_S09978_L0209,69.01944963121768
CEC1_E019_S09983_L0229,88.26374398815568
CEC1_E019_S09984_L0236,72.61683273990415
CEC1_E019_S09985_L0202,79.48573490383647
CEC1_E019_S09991_L0222,70.69593417793246
CEC1_E019_S10000_L0227,73.28069966630181
CEC1_E019_S10000_L0235,69.51879443009389
CEC1_E021_S08502_L0240,82.45289023277675
CEC1_E021_S08508_L0229,75.05173986366238
CEC1_E021_S08508_L0242,72.57686640654556
CEC1_E021_S08510_L0243,85.56669315575223
CEC1_E021_S08512_L0240,84.30886705132318
CEC1_E021_S08515_L0202,59.601025111403516
CEC1_E021_S08518_L0201,62.41402482550969
CEC1_E021_S08520_L0219,87.17830692668548
CEC1_E021_S08523_L0240,87.17995242589508
CEC1_E021_S08529_L0219,53.25397087872563
CEC1_E021_S08530_L0201,64.47669450875132
CEC1_E021_S08532_L0227,83.47449755633312
CEC1_E021_S08532_L0241,70.07609614962757
CEC1_E021_S08534_L0209,71.14238486350587
CEC1_E021_S08537_L0241,86.78158571562429
CEC1_E021_S08546_L0240,85.35393724196649
CEC1_E021_S08547_L0243,86.79911857525059
CEC1_E021_S08555_L0219,88.72536674647257
CEC1_E021_S08558_L0201,79.79149378204649
CEC1_E021_S08561_L0243,86.76250937939963
CEC1_E021_S08563_L0212,88.72413400310585
CEC1_E021_S08566_L0200,62.69151107238545
CEC1_E021_S08569_L0208,85.0795809106514
CEC1_E021_S08575_L0202,86.59409450532796
CEC1_E021_S08576_L0215,88.61906816121328
CEC1_E021_S08578_L0231,87.81657087287871
CEC1_E021_S08586_L0221,55.667434331032666
CEC1_E021_S08587_L0208,81.81254296116164
CEC1_E021_S08587_L0209,79.85481851235463
CEC1_E021_S08590_L0231,74.13432741431214
CEC1_E021_S08594_L0222,88.65118322037192
CEC1_E021_S08595_L0243,86.95766787809559
CEC1_E021_S08600_L0201,86.19876392321812
CEC1_E021_S08603_L0201,86.82383570820689
CEC1_E021_S08605_L0200,87.81059905994165
CEC1_E021_S08605_L0240,88.42778969008326
CEC1_E021_S08614_L0200,82.20115021431408
CEC1_E021_S08616_L0243,86.14921436048098
CEC1_E021_S08620_L0229,73.92456434551985
CEC1_E021_S08620_L0242,72.40946872440952
CEC1_E021_S08625_L0224,71.76947324181484
CEC1_E021_S08627_L0208,48.41138295689157
CEC1_E021_S08628_L0217,87.55635763054235
CEC1_E021_S08633_L0200,86.37153561138562
CEC1_E021_S08637_L0208,66.16833493042938
CEC1_E021_S08637_L0209,58.790034362223466
CEC1_E021_S08645_L0202,81.24047868673226
CEC1_E021_S08648_L0208,59.41281410348582
CEC1_E021_S08648_L0209,51.073178862640766
CEC1_E021_S08649_L0217,87.39896635513398
CEC1_E021_S08651_L0212,85.5631507342051
CEC1_E021_S08652_L0208,88.4159097950981
CEC1_E021_S08653_L0222,82.48996607262329
CEC1_E021_S08655_L0240,85.29376163843519
CEC1_E021_S08658_L0243,67.48699795436384
CEC1_E021_S08660_L0222,85.52973421055471
CEC1_E021_S08662_L0243,88.38764066395807
CEC1_E021_S08664_L0229,76.33038960227378
CEC1_E021_S08664_L0235,76.40564535588246
CEC1_E021_S08671_L0224,80.62751751879001
CEC1_E021_S08681_L0209,72.76095085749289
CEC1_E021_S08682_L0229,76.23337748929977
CEC1_E021_S08682_L0235,78.73090553735643
CEC1_E021_S08685_L0202,81.36426505079775
CEC1_E021_S08686_L0243,85.50490522984566
CEC1_E021_S08688_L0236,81.09072891653508
CEC1_E021_S08689_L0243,79.02914194540892
CEC1_E021_S08690_L0215,74.39063430221782
CEC1_E021_S08691_L0200,87.53580604045206
CEC1_E021_S08691_L0240,86.63805451380452
CEC1_E021_S08693_L0200,86.76524605115073
CEC1_E021_S08693_L0240,85.6662178345278
CEC1_E021_S08697_L0243,62.93820896968764
CEC1_E021_S08702_L0212,88.04554009881419
CEC1_E021_S08702_L0221,86.58537628393925
CEC1_E021_S08703_L0215,77.33497320177068
CEC1_E021_S08713_L0240,88.1680551395914
CEC1_E021_S08714_L0242,87.80229394713531
CEC1_E021_S08717_L0242,86.46278724196367
CEC1_E021_S08722_L0240,87.74430127928633
CEC1_E021_S08723_L0218,83.78644157204799
CEC1_E021_S08723_L0221,78.37148678060713
CEC1_E021_S08725_L0227,87.90768334101539
CEC1_E021_S08725_L0235,72.1644842253031
CEC1_E021_S08727_L0231,79.43547607039541
CEC1_E021_S08729_L0241,76.02219533704634
CEC1_E021_S08731_L0229,86.5002988888251
CEC1_E021_S08732_L0224,83.2761653334074
CEC1_E021_S08735_L0240,80.89392223111274
CEC1_E021_S08739_L0242,87.44918729973413
CEC1_E021_S08742_L0215,83.79607470508158
CEC1_E021_S08743_L0208,72.049388652298
CEC1_E021_S08743_L0209,66.54563959866513
CEC1_E021_S08750_L0208,83.8019205656006
CEC1_E021_S08750_L0209,75.46337628300267
CEC1_E021_S08751_L0215,87.46005574999214
CEC1_E021_S08752_L0236,80.28242089229812
CEC1_E021_S08756_L0217,82.55705839351819
CEC1_E021_S08759_L0219,85.28704302648777
CEC1_E021_S08765_L0218,85.4263553949481
CEC1_E021_S08765_L0221,84.36698088937779
CEC1_E021_S08766_L0212,73.4091801765631
CEC1_E021_S08766_L0221,77.79433961753928
CEC1_E021_S08767_L0218,88.53793387959801
CEC1_E021_S08771_L0202,88.49302191484479
CEC1_E021_S08781_L0212,87.44993626147189
CEC1_E021_S08781_L0221,85.09684459921846
CEC1_E021_S08782_L0217,71.43198612509006
CEC1_E021_S08785_L0231,80.48336350298632
CEC1_E021_S08786_L0227,88.30485541619062
CEC1_E021_S08786_L0241,86.52626016177197
CEC1_E021_S08790_L0202,61.99831252287552
CEC1_E021_S08791_L0224,85.95164928452968
CEC1_E021_S08793_L0229,71.41600748377927
CEC1_E021_S08793_L0235,77.68831734742614
CEC1_E021_S08794_L0219,84.15521344923638
CEC1_E021_S08795_L0202,68.31843478920652
CEC1_E021_S08798_L0215,78.82710413725694
CEC1_E021_S08804_L0218,77.75132200972361
CEC1_E021_S08806_L0243,56.095880221987855
CEC1_E021_S08807_L0231,86.36681371142923
CEC1_E021_S08808_L0201,84.42972386695652
CEC1_E021_S08809_L0231,64.75091437762583
CEC1_E021_S08815_L0202,88.01391094132256
CEC1_E021_S08816_L0212,72.86937481923867
CEC1_E021_S08818_L0215,78.46016009615512
CEC1_E021_S08821_L0202,85.093459310636
CEC1_E021_S08824_L0218,56.08720957848417
CEC1_E021_S08825_L0227,88.30003785809784
CEC1_E021_S08829_L0236,79.113838340591
CEC1_E021_S08831_L0215,88.62050745424546
CEC1_E021_S08833_L0227,86.19453291208166
CEC1_E021_S08833_L0241,84.87644910487272
CEC1_E021_S08834_L0221,82.88253980811119
CEC1_E021_S08835_L0200,83.11862685311696
CEC1_E021_S08835_L0240,86.50066795098559
CEC1_E021_S08836_L0227,73.73364811755519
CEC1_E021_S08836_L0241,75.24617423641068
CEC1_E021_S08838_L0200,61.88849484192889
CEC1_E021_S08838_L0240,71.5088418764359
CEC1_E021_S08851_L0224,88.11236177806806
CEC1_E021_S08853_L0208,69.58166261805748
CEC1_E021_S08854_L0231,85.32426014142587
CEC1_E021_S08855_L0217,82.72510323811846
CEC1_E021_S08856_L0208,74.92658015499099
CEC1_E021_S08858_L0212,84.28104855091509
CEC1_E021_S08861_L0202,66.81461115747202
CEC1_E021_S08862_L0227,83.59301379357511
CEC1_E021_S08862_L0235,79.82079236872382
CEC1_E021_S08869_L0218,61.35483094155986
CEC1_E021_S08871_L0240,75.56305630330436
CEC1_E021_S08872_L0208,79.71325186119248
CEC1_E021_S08873_L0208,71.5623950045299
CEC1_E021_S08875_L0243,88.02059956539908
CEC1_E021_S08879_L0227,88.29706964239043
CEC1_E021_S08879_L0235,87.68728567570619
CEC1_E021_S08884_L0224,64.34092249136195
CEC1_E021_S08885_L0231,69.15898077685004
CEC1_E021_S08889_L0224,84.63841556968086
CEC1_E021_S08890_L0219,67.72640916964586
CEC1_E021_S08894_L0209,83.13696414589096
CEC1_E021_S08895_L0242,59.073351394036976
CEC1_E021_S08897_L0200,83.58495342347015
CEC1_E021_S08897_L0240,79.79608207384751
CEC1_E021_S08899_L0200,65.72145216721124
CEC1_E021_S08899_L0240,72.31620740589962
CEC1_E021_S08903_L0208,86.04331462243269
CEC1_E021_S08903_L0209,82.0077507443669
CEC1_E021_S08905_L0222,85.19382087594687
CEC1_E021_S08907_L0231,85.91461476363456
CEC1_E021_S08908_L0202,85.38408302039737
CEC1_E021_S08916_L0217,77.96418900580396
CEC1_E021_S08917_L0224,79.49583898065866
CEC1_E021_S08919_L0222,86.64511951365284
CEC1_E021_S08920_L0201,87.42260522482154
CEC1_E021_S08922_L0217,88.37327828335923
CEC1_E021_S08923_L0217,87.53853849567173
CEC1_E021_S08928_L0229,85.76332821309498
CEC1_E021_S08928_L0242,87.98664964889034
CEC1_E021_S08931_L0227,74.3193868793908
CEC1_E021_S08931_L0235,72.65355624033612
CEC1_E021_S08934_L0236,80.75926429206115
CEC1_E021_S08935_L0219,74.03765920656274
CEC1_E021_S08936_L0227,88.89505340993225
CEC1_E021_S08936_L0241,88.28144952804651
CEC1_E021_S08937_L0224,77.51208561955404
CEC1_E021_S08939_L0209,74.82936146930714
CEC1_E021_S08940_L0227,67.29493533106839
CEC1_E021_S08940_L0235,62.94265043310846
CEC1_E021_S08941_L0218,79.90693300571651
CEC1_E021_S08942_L0236,87.57831057966239
CEC1_E021_S08943_L0212,86.54979384158896
CEC1_E021_S08943_L0221,74.66440687749059
CEC1_E021_S08944_L0217,88.22785890582384
CEC1_E021_S08949_L0222,88.5209830150249
CEC1_E021_S08950_L0222,80.23769528091495
CEC1_E021_S08952_L0212,87.45666786510691
CEC1_E021_S08955_L0202,67.9072279561767
CEC1_E021_S08956_L0227,88.09720754845084
CEC1_E021_S08956_L0241,87.79300787048756
CEC1_E021_S08958_L0224,87.03736297044755
CEC1_E021_S08960_L0215,86.66155397149221
CEC1_E021_S08961_L0236,79.0748573134809
CEC1_E021_S08967_L0215,62.17977598386743
CEC1_E021_S08969_L0201,82.23552542604259
CEC1_E021_S08971_L0231,62.942919618473454
CEC1_E021_S08973_L0218,86.67250870359072
CEC1_E021_S08973_L0221,76.09467420977792
CEC1_E021_S08974_L0236,88.15885901121835
CEC1_E021_S08976_L0218,84.02007079162384
CEC1_E021_S08980_L0227,56.94216029275416
CEC1_E021_S08980_L0241,50.36559568412632
CEC1_E021_S08983_L0201,71.86537682739585
CEC1_E021_S08985_L0229,88.07485523552161
CEC1_E021_S08987_L0218,87.98546422390848
CEC1_E021_S08993_L0224,73.79013065032011
CEC1_E021_S08997_L0202,82.48291840736385
CEC1_E021_S08999_L0243,85.14525650476364
CEC1_E021_S09000_L0240,88.53624637724555
CEC1_E021_S09004_L0201,87.25612195885068
CEC1_E021_S09006_L0236,84.31071898170175
CEC1_E021_S09009_L0208,85.79114894001444
CEC1_E021_S09009_L0209,83.4543091764046
CEC1_E021_S09011_L0236,64.92531965445039
CEC1_E021_S09017_L0243,86.45697687662265
CEC1_E021_S09021_L0224,78.82215420669104
CEC1_E021_S09025_L0202,77.495346651815
CEC1_E021_S09026_L0243,85.24596587578536
CEC1_E021_S09028_L0231,83.62052724728755
CEC1_E021_S09029_L0236,68.33219703759531
CEC1_E021_S09030_L0217,76.95154547723644
CEC1_E021_S09034_L0219,87.23518554564008
CEC1_E021_S09040_L0222,87.30087622417209
CEC1_E021_S09046_L0200,81.77185491864273
CEC1_E021_S09046_L0240,86.81389082070889
CEC1_E021_S09049_L0209,80.35062144541811
CEC1_E021_S09051_L0227,88.91389302180406
CEC1_E021_S09051_L0235,88.55200736591767
CEC1_E021_S09052_L0222,85.22411501206243
CEC1_E021_S09054_L0218,57.36258140581232
CEC1_E021_S09061_L0217,79.48075372114917
CEC1_E021_S09065_L0209,86.9493443637072
CEC1_E021_S09067_L0218,69.7304857724007
CEC1_E021_S09067_L0221,74.98494649866194
CEC1_E021_S09069_L0227,71.67086182811374
CEC1_E021_S09069_L0235,65.23194983083751
CEC1_E021_S09070_L0208,88.09750611875188
CEC1_E021_S09070_L0209,88.29726346374956
CEC1_E021_S09071_L0212,79.75154118288302
CEC1_E021_S09073_L0224,87.86276522229791
CEC1_E021_S09076_L0200,88.75387980376672
CEC1_E021_S09078_L0231,47.221694816256395
CEC1_E021_S09080_L0219,84.18138332741424
CEC1_E021_S09082_L0200,87.6655903060881
CEC1_E021_S09082_L0240,88.16982745409133
CEC1_E021_S09085_L0231,84.63452106547817
CEC1_E021_S09086_L0208,78.71602839114291
CEC1_E021_S09086_L0209,71.21504713480108
CEC1_E021_S09089_L0222,58.904383244484556
CEC1_E021_S09091_L0229,85.27341717600571
CEC1_E021_S09091_L0235,86.77696744713164
CEC1_E021_S09092_L0224,87.28075319927447
CEC1_E021_S09094_L0243,77.79060963279755
CEC1_E021_S09095_L0215,88.45162596554147
CEC1_E021_S09101_L0227,88.97362228885858
CEC1_E021_S09101_L0235,88.477264611607
CEC1_E021_S09106_L0229,88.2807841922185
CEC1_E021_S09106_L0235,88.31534563338026
CEC1_E021_S09107_L0243,83.86159116646316
CEC1_E021_S09109_L0236,88.19430934193862
CEC1_E021_S09111_L0215,88.55874587485962
CEC1_E021_S09113_L0231,63.869037564050714
CEC1_E021_S09125_L0229,78.42759453384656
CEC1_E021_S09125_L0242,71.33098595259385
CEC1_E021_S09128_L0202,83.10246628775829
CEC1_E021_S09132_L0217,78.90879296070261
CEC1_E021_S09136_L0231,83.9342695350433
CEC1_E021_S09137_L0215,38.37302200327305
CEC1_E021_S09142_L0217,87.00192947727216
CEC1_E021_S09144_L0231,88.39835624258448
CEC1_E021_S09150_L0219,86.35523804425812
CEC1_E021_S09152_L0231,85.84808800677742
CEC1_E021_S09154_L0231,84.87940919929909
CEC1_E021_S09155_L0218,88.30747372947559
CEC1_E021_S09156_L0242,82.22135502514958
CEC1_E021_S09158_L0200,79.69912839169682
CEC1_E021_S09161_L0219,41.86494172050232
CEC1_E021_S09164_L0243,84.8842092470574
CEC1_E021_S09166_L0202,86.70251145405157
CEC1_E021_S09168_L0236,83.31141885910728
CEC1_E021_S09172_L0200,88.57172276410016
CEC1_E021_S09173_L0222,81.52439218957163
CEC1_E021_S09175_L0224,88.41058350822243
CEC1_E021_S09177_L0212,88.75485739722347
CEC1_E021_S09178_L0202,88.55446690153285
CEC1_E021_S09180_L0229,87.13524605367354
CEC1_E021_S09180_L0235,83.80924169500653
CEC1_E021_S09191_L0229,71.80003150474387
CEC1_E021_S09191_L0235,70.10160797256981
CEC1_E021_S09192_L0200,85.29872762816198
CEC1_E021_S09193_L0219,88.2989060390211
CEC1_E021_S09196_L0212,84.00009395063101
CEC1_E021_S09197_L0242,88.49377915492853
CEC1_E021_S09198_L0208,74.1894922333055
CEC1_E021_S09198_L0209,68.5453030137842
CEC1_E021_S09199_L0243,81.9928899227564
CEC1_E021_S09201_L0219,82.90834645096166
CEC1_E021_S09201_L0231,85.1002026018372
CEC1_E021_S09203_L0218,87.48287396149806
CEC1_E021_S09205_L0200,85.32856520743832
CEC1_E021_S09205_L0240,85.28901571553395
CEC1_E021_S09208_L0243,87.84683500633933
CEC1_E021_S09213_L0243,82.30066979122067
CEC1_E021_S09214_L0224,87.6696073144689
CEC1_E021_S09219_L0242,80.58921477774985
CEC1_E021_S09224_L0218,83.11792738047461
CEC1_E021_S09227_L0201,88.40389056460882
CEC1_E021_S09228_L0208,83.74826730360604
CEC1_E021_S09229_L0236,65.09951423786941
CEC1_E021_S09231_L0201,71.53040300175668
CEC1_E021_S09234_L0202,86.23049122636385
CEC1_E021_S09238_L0217,84.85163350644434
CEC1_E021_S09240_L0224,83.91382876877176
CEC1_E021_S09242_L0224,79.02366273920369
CEC1_E021_S09243_L0215,88.68341630997655
CEC1_E021_S09248_L0212,86.22310270490357
CEC1_E021_S09248_L0221,74.777986939962
CEC1_E021_S09251_L0222,81.59645211526477
CEC1_E021_S09255_L0229,85.67524760705932
CEC1_E021_S09255_L0235,83.45494481274305
CEC1_E021_S09257_L0227,62.463742021925896
CEC1_E021_S09257_L0235,61.346140658856335
CEC1_E021_S09258_L0229,78.92267326271069
CEC1_E021_S09258_L0235,75.51694533613967
CEC1_E021_S09259_L0236,86.65214749352702
CEC1_E021_S09261_L0218,80.12014269337746
CEC1_E021_S09261_L0221,68.83449612656592
CEC1_E021_S09262_L0240,87.26890570712852
CEC1_E021_S09264_L0200,88.79103466754623
CEC1_E021_S09264_L0240,88.5627809574374
CEC1_E021_S09265_L0217,75.34879502911923
CEC1_E021_S09267_L0236,86.26128212729893
CEC1_E021_S09274_L0200,72.03533410111022
CEC1_E021_S09274_L0240,74.06299228196879
CEC1_E021_S09276_L0224,83.88577093343662
CEC1_E021_S09278_L0217,88.41498085443416
CEC1_E021_S09281_L0215,83.89502479822612
CEC1_E021_S09282_L0236,77.42200874404362
CEC1_E021_S09286_L0229,86.49599361775583
CEC1_E021_S09286_L0242,86.86705828138739
CEC1_E021_S09288_L0219,82.2023583912872
CEC1_E021_S09290_L0236,86.92798801820899
CEC1_E021_S09291_L0229,88.37757956642531
CEC1_E021_S09291_L0242,88.55558021398402
CEC1_E021_S09293_L0224,55.43174995187082
CEC1_E021_S09296_L0229,86.95194930140958
CEC1_E021_S09296_L0242,85.32632637834723
CEC1_E021_S09297_L0215,51.143287214764726
CEC1_E021_S09298_L0218,87.6858795369777
CEC1_E021_S09306_L0240,84.58305256449539
CEC1_E021_S09308_L0217,65.13980805121571
CEC1_E021_S09311_L0231,88.11926486085167
CEC1_E021_S09312_L0224,76.39769841308717
CEC1_E021_S09314_L0219,30.991917803427892
CEC1_E021_S09317_L0224,84.08471745755391
CEC1_E021_S09320_L0217,75.97718416300411
CEC1_E021_S09321_L0219,83.84948147542435
CEC1_E021_S09328_L0219,69.26007540670575
CEC1_E021_S09329_L0236,72.77167480651269
CEC1_E021_S09331_L0215,84.28939848596632
CEC1_E021_S09332_L0236,75.67263089512139
CEC1_E021_S09333_L0231,55.2046279619254
CEC1_E021_S09338_L0201,80.65051694604968
CEC1_E021_S09341_L0243,84.95324208908205
CEC1_E021_S09342_L0217,72.74464758428263
CEC1_E021_S09343_L0229,77.84794350690085
CEC1_E021_S09343_L0242,63.0951672892187
CEC1_E021_S09345_L0212,83.4337505656449
CEC1_E021_S09346_L0208,85.74667209018584
CEC1_E021_S09350_L0241,82.2459254503071
CEC1_E021_S09351_L0241,66.16375039294728
CEC1_E021_S09352_L0241,69.47132762707369
CEC1_E021_S09356_L0218,78.84387049159237
CEC1_E021_S09356_L0221,76.09297133168059
CEC1_E021_S09359_L0201,86.38371978628295
CEC1_E021_S09360_L0219,85.37916248623169
CEC1_E021_S09361_L0221,44.442275097208814
CEC1_E021_S09362_L0229,65.78703160975228
CEC1_E021_S09362_L0242,61.20280613202305
CEC1_E021_S09363_L0201,60.1937590269411
CEC1_E021_S09364_L0227,82.58862076493824
CEC1_E021_S09364_L0235,68.6530584153624
CEC1_E021_S09364_L0242,63.963222179746765
CEC1_E021_S09365_L0217,65.24972517413728
CEC1_E021_S09367_L0212,88.6282686846253
CEC1_E021_S09367_L0221,88.59907109526117
CEC1_E021_S09369_L0209,48.0765388501518
CEC1_E021_S09370_L0236,69.85152850193705
CEC1_E021_S09377_L0219,83.82241621426904
CEC1_E021_S09378_L0202,79.27444171073356
CEC1_E021_S09379_L0218,82.4191193854693
CEC1_E021_S09379_L0221,62.293151227213215
CEC1_E021_S09380_L0243,85.87098375848814
CEC1_E021_S09386_L0222,82.56707361907868
CEC1_E021_S09387_L0222,72.99847991443683
CEC1_E021_S09390_L0219,77.81483097456253
CEC1_E021_S09390_L0222,78.83623966960648
CEC1_E021_S09395_L0231,68.27489164927408
CEC1_E021_S09396_L0219,84.71460930066588
CEC1_E021_S09397_L0218,60.623327332494554
CEC1_E021_S09398_L0243,65.78398077903174
CEC1_E021_S09400_L0217,80.57518675383791
CEC1_E021_S09402_L0212,81.53688642676694
CEC1_E021_S09402_L0221,71.75992434086191
CEC1_E021_S09406_L0208,87.35222208154401
CEC1_E021_S09406_L0209,87.39665710879208
CEC1_E021_S09411_L0218,84.61042077987918
CEC1_E021_S09411_L0221,86.43124412333647
CEC1_E021_S09423_L0224,84.80255170398902
CEC1_E021_S09424_L0200,80.64703849945462
CEC1_E021_S09424_L0240,84.31917375932274
CEC1_E021_S09426_L0222,87.79916793563324
CEC1_E021_S09427_L0209,88.23955123831648
CEC1_E021_S09428_L0218,69.91531848489869
CEC1_E021_S09428_L0221,55.985514558684784
CEC1_E021_S09429_L0202,52.965406863539854
CEC1_E021_S09430_L0219,85.41349076233593
CEC1_E021_S09436_L0201,86.97388206745035
CEC1_E021_S09441_L0200,64.03507618199164
CEC1_E021_S09446_L0209,88.2323386523401
CEC1_E021_S09448_L0229,79.1985866051322
CEC1_E021_S09448_L0242,79.64206141698163
CEC1_E021_S09450_L0222,86.05123238367136
CEC1_E021_S09451_L0219,88.0743458015068
CEC1_E021_S09452_L0212,73.1715660130591
CEC1_E021_S09452_L0221,66.94576859815251
CEC1_E021_S09454_L0201,81.1939882869152
CEC1_E021_S09455_L0208,86.22167401689012
CEC1_E021_S09455_L0209,86.76586590345622
CEC1_E021_S09459_L0208,69.1139047937019
CEC1_E021_S09460_L0201,87.00855747430539
CEC1_E021_S09462_L0236,83.90542155342807
CEC1_E021_S09463_L0240,88.4419754190325
CEC1_E021_S09468_L0224,86.2676622904246
CEC1_E021_S09470_L0243,69.9545577109165
CEC1_E021_S09474_L0241,84.666812549396
CEC1_E021_S09475_L0212,83.18822910645176
CEC1_E021_S09476_L0200,77.13099432684007
CEC1_E021_S09476_L0240,78.83757081871889
CEC1_E021_S09480_L0236,83.0961856223616
CEC1_E021_S09482_L0200,79.82167889765687
CEC1_E021_S09483_L0241,75.84697798701568
CEC1_E021_S09485_L0224,81.21004822385979
CEC1_E021_S09500_L0200,74.11407962285452
CEC1_E021_S09502_L0227,88.04779554658288
CEC1_E021_S09502_L0241,87.69063695644856
CEC1_E021_S09503_L0235,80.47412342315077
CEC1_E021_S09508_L0219,88.65352979690245
CEC1_E021_S09509_L0222,85.04936909646864
CEC1_E021_S09510_L0209,87.30320154823416
CEC1_E021_S09514_L0241,83.16508709821741
CEC1_E021_S09515_L0219,85.64753274898248
CEC1_E021_S09516_L0236,87.24654781074915
CEC1_E021_S09520_L0202,87.91972239039636
CEC1_E021_S09528_L0243,48.72204536422659
CEC1_E021_S09529_L0200,87.35230128348813
CEC1_E021_S09532_L0209,83.03000095675935
CEC1_E021_S09533_L0212,88.1122938972005
CEC1_E021_S09540_L0208,83.64567352588458
CEC1_E021_S09543_L0215,74.98178788448223
CEC1_E021_S09544_L0222,73.1663138177998
CEC1_E021_S09546_L0229,56.21788607181419
CEC1_E021_S09546_L0235,53.8673229551413
CEC1_E021_S09551_L0209,67.37870288219936
CEC1_E021_S09553_L0202,84.81477626589707
CEC1_E021_S09554_L0243,88.45651673718787
CEC1_E021_S09556_L0242,58.17804242084839
CEC1_E021_S09559_L0236,88.17699636506157
CEC1_E021_S09564_L0231,87.74729981976968
CEC1_E021_S09569_L0201,86.98084749160455
CEC1_E021_S09573_L0215,73.15255832846489
CEC1_E021_S09574_L0222,76.41217330021779
CEC1_E021_S09576_L0215,87.07988694136425
CEC1_E021_S09577_L0243,88.01929820082218
CEC1_E021_S09579_L0241,63.212305625558145
CEC1_E021_S09580_L0222,86.19066684192339
CEC1_E021_S09581_L0209,65.20742614349001
CEC1_E021_S09586_L0243,69.1362916439949
CEC1_E021_S09587_L0241,86.5384730507756
CEC1_E021_S09589_L0200,59.35134775666025
CEC1_E021_S09590_L0209,88.29076039219288
CEC1_E021_S09593_L0201,87.25820643152912
CEC1_E021_S09595_L0242,86.14042714999682
CEC1_E021_S09596_L0231,74.63746108474463
CEC1_E021_S09605_L0200,81.62916723551619
CEC1_E021_S09606_L0231,87.68596170688582
CEC1_E021_S09610_L0202,84.42489478913392
CEC1_E021_S09611_L0215,74.22948127035536
CEC1_E021_S09613_L0222,85.98040768270899
CEC1_E021_S09615_L0201,84.31044297423604
CEC1_E021_S09616_L0229,74.0617537532953
CEC1_E021_S09616_L0235,72.5233828703347
CEC1_E021_S09619_L0242,87.10968777350008
CEC1_E021_S09620_L0227,81.25251229768622
CEC1_E021_S09620_L0241,71.5225636070533
CEC1_E021_S09621_L0229,84.59152558241918
CEC1_E021_S09621_L0242,84.92729111169685
CEC1_E021_S09624_L0202,66.91748292998886
CEC1_E021_S09625_L0227,84.79357616991437
CEC1_E021_S09625_L0235,80.07776176542328
CEC1_E021_S09626_L0217,66.9133739848155
CEC1_E021_S09627_L0208,84.6723424208709
CEC1_E021_S09634_L0202,84.80607829039356
CEC1_E021_S09637_L0227,65.16786862013561
CEC1_E021_S09637_L0241,74.5966714234963
CEC1_E021_S09641_L0215,69.2783434640562
CEC1_E021_S09643_L0227,64.02324382739457
CEC1_E021_S09643_L0235,59.26479038754249
CEC1_E021_S09646_L0212,62.176930845512764
CEC1_E021_S09646_L0221,62.275116722050235
CEC1_E021_S09649_L0212,73.63550441668846
CEC1_E021_S09649_L0221,71.72071800660471
CEC1_E021_S09652_L0212,82.45965205127759
CEC1_E021_S09652_L0221,78.16229258640956
CEC1_E021_S09656_L0236,61.34831046497217
CEC1_E021_S09658_L0236,62.5982357221301
CEC1_E021_S09662_L0202,74.5599660923751
CEC1_E021_S09664_L0224,84.74748534374427
CEC1_E021_S09666_L0219,81.4125616310904
CEC1_E021_S09669_L0222,82.36771315934013
CEC1_E021_S09670_L0218,88.55903752323407
CEC1_E021_S09670_L0221,87.97725306352676
CEC1_E021_S09671_L0229,68.41327792469248
CEC1_E021_S09671_L0242,76.28823923817167
CEC1_E021_S09673_L0224,68.00349271868103
CEC1_E021_S09676_L0215,75.8589609551567
CEC1_E021_S09677_L0242,77.70377725947242
CEC1_E021_S09678_L0236,79.84880018302643
CEC1_E021_S09681_L0215,86.61880186187044
CEC1_E021_S09684_L0201,83.8774941343833
CEC1_E021_S09689_L0236,88.64058239643128
CEC1_E021_S09691_L0229,81.47847719915573
CEC1_E021_S09691_L0235,84.11985894307996
CEC1_E021_S09699_L0241,80.28057412984852
CEC1_E021_S09702_L0224,87.55212825334918
CEC1_E021_S09704_L0229,79.69338048012541
CEC1_E021_S09704_L0235,80.47229774927277
CEC1_E021_S09705_L0200,82.77219612145478
CEC1_E021_S09707_L0218,87.39797446151196
CEC1_E021_S09707_L0221,83.65864137843734
CEC1_E021_S09710_L0212,75.38893341775568
CEC1_E021_S09710_L0221,63.48503897957604
CEC1_E021_S09716_L0215,77.54670856194637
CEC1_E021_S09717_L0240,48.59340808128009
CEC1_E021_S09719_L0217,76.80009556634755
CEC1_E021_S09722_L0208,83.9835149294354
CEC1_E021_S09722_L0209,82.87509226427707
CEC1_E021_S09723_L0241,75.85154126225498
CEC1_E021_S09726_L0217,79.65495067545713
CEC1_E021_S09726_L0242,85.09339110019563
CEC1_E021_S09738_L0243,69.18233039252465
CEC1_E021_S09740_L0218,82.053197683297
CEC1_E021_S09740_L0221,83.01286377650442
CEC1_E021_S09749_L0241,69.48297718655519
CEC1_E021_S09753_L0217,84.09372226602443
CEC1_E021_S09754_L0217,76.97544480425957
CEC1_E021_S09755_L0229,86.27994090206322
CEC1_E021_S09755_L0235,85.1507232799731
CEC1_E021_S09759_L0215,50.965110903383724
CEC1_E021_S09760_L0231,88.5975487016355
CEC1_E021_S09761_L0229,70.04822067628464
CEC1_E021_S09761_L0242,77.66382499569013
CEC1_E021_S09762_L0227,88.40892015417838
CEC1_E021_S09762_L0241,87.86559267894698
CEC1_E021_S09765_L0215,62.367094456877474
CEC1_E021_S09767_L0236,88.60440073563535
CEC1_E021_S09776_L0227,89.02672954775257
CEC1_E021_S09776_L0235,88.56981970625716
CEC1_E021_S09778_L0227,86.75620970182568
CEC1_E021_S09778_L0241,81.9158161087319
CEC1_E021_S09780_L0240,88.27037194319699
CEC1_E021_S09783_L0224,70.0842807513631
CEC1_E021_S09785_L0208,80.75612299509237
CEC1_E021_S09790_L0201,55.63715300625619
CEC1_E021_S09791_L0231,78.96851156125896
CEC1_E021_S09793_L0212,86.38522366898188
CEC1_E021_S09797_L0201,85.14597682958615
CEC1_E021_S09799_L0217,59.71163806036884
CEC1_E021_S09802_L0217,82.19248427088932
CEC1_E021_S09803_L0209,86.36511073733888
CEC1_E021_S09805_L0208,80.55656867351203
CEC1_E021_S09811_L0219,88.55765562313435
CEC1_E021_S09812_L0231,75.3741879071887
CEC1_E021_S09816_L0222,79.59288594396415
CEC1_E021_S09818_L0217,75.77346340725164
CEC1_E021_S09823_L0201,78.02695861475523
CEC1_E021_S09827_L0215,82.08332134100195
CEC1_E021_S09828_L0201,85.26188295384357
CEC1_E021_S09830_L0209,84.76220311268796
CEC1_E021_S09831_L0201,74.3691249484688
CEC1_E021_S09833_L0219,42.34253434462627
CEC1_E021_S09834_L0215,62.34271243797303
CEC1_E021_S09841_L0218,58.73312339219645
CEC1_E021_S09842_L0236,70.07972360647558
CEC1_E021_S09844_L0212,75.17596200501788
CEC1_E021_S09846_L0200,88.79224114530491
CEC1_E021_S09852_L0212,62.98717910008437
CEC1_E021_S09852_L0221,46.65308289898481
CEC1_E021_S09856_L0215,78.55156044283821
CEC1_E021_S09857_L0222,68.76785591184232
CEC1_E021_S09861_L0242,71.01100786646172
CEC1_E021_S09862_L0218,83.82351447111787
CEC1_E021_S09862_L0221,75.77983162834474
CEC1_E021_S09866_L0224,79.4206631677818
CEC1_E021_S09870_L0219,65.74846790095448
CEC1_E021_S09876_L0218,81.33359448496964
CEC1_E021_S09877_L0242,77.32492257863389
CEC1_E021_S09879_L0201,88.2916422668804
CEC1_E021_S09889_L0231,88.47377616198601
CEC1_E021_S09893_L0202,84.77975339275899
CEC1_E021_S09894_L0224,87.81594868554915
CEC1_E021_S09895_L0219,84.97330935559658
CEC1_E021_S09899_L0201,71.14507835630994
CEC1_E021_S09900_L0218,86.32704755365008
CEC1_E021_S09904_L0212,85.47029885942703
CEC1_E021_S09907_L0218,82.78858772766822
CEC1_E021_S09907_L0221,66.43217969148718
CEC1_E021_S09911_L0242,62.20904553032811
CEC1_E021_S09913_L0229,82.87672926321983
CEC1_E021_S09913_L0235,79.75499485602236
CEC1_E021_S09915_L0229,88.57520810336399
CEC1_E021_S09915_L0242,88.5329992980277
CEC1_E021_S09919_L0227,76.69217679150503
CEC1_E021_S09919_L0241,68.26534147034307
CEC1_E021_S09920_L0200,66.01889055101921
CEC1_E021_S09920_L0240,59.66896443892657
CEC1_E021_S09922_L0222,86.70545801360835
CEC1_E021_S09923_L0208,83.63205927348663
CEC1_E021_S09925_L0227,69.37264243525982
CEC1_E021_S09925_L0235,70.02357869442768
CEC1_E021_S09926_L0241,75.72257198953398
CEC1_E021_S09928_L0219,81.11232668645427
CEC1_E021_S09934_L0241,84.4573751533362
CEC1_E021_S09935_L0240,87.23420231651862
CEC1_E021_S09936_L0236,77.90788544856541
CEC1_E021_S09941_L0227,88.897182600694
CEC1_E021_S09941_L0241,88.30822960258733
CEC1_E021_S09944_L0201,88.31297471958933
CEC1_E021_S09946_L0222,79.2062143059029
CEC1_E021_S09951_L0243,83.71241815338531
CEC1_E021_S09956_L0212,66.87092210791185
CEC1_E021_S09961_L0222,64.44447607690381
CEC1_E021_S09964_L0231,88.40165614020239
CEC1_E021_S09967_L0200,83.54007270167949
CEC1_E021_S09971_L0208,76.0355215600401
CEC1_E021_S09972_L0218,62.07048441845708
CEC1_E021_S09977_L0201,87.0517033522499
CEC1_E021_S09978_L0222,68.11248019981463
CEC1_E021_S09984_L0209,52.52744660865886
CEC1_E021_S09988_L0212,87.39507874471872
CEC1_E021_S09991_L0231,71.68897296001083
CEC1_E021_S10000_L0217,67.70371888932594
CEC2_E001_S09191_L0200,49.734158954239525
CEC2_E001_S09891_L0200,50.701492625012364
CEC2_E001_S08879_L0200,57.67270389746404
CEC2_E001_S09819_L0200,58.33867231843276
CEC2_E001_S08673_L0200,10.586722977304332
CEC2_E001_S09353_L0200,22.280153436973414
CEC2_E001_S09517_L0200,10.67070473811236
CEC2_E001_S09591_L0200,23.879721656472647
CEC2_E001_S09148_L0200,10.402002626806288
CEC2_E001_S09502_L0200,26.001953024210195
CEC2_E001_S08509_L0200,53.040810562809874
CEC2_E001_S09804_L0200,38.21061167626839
CEC2_E001_S08864_L0200,45.081896021366504
CEC2_E001_S08703_L0200,10.47707620170504
CEC2_E001_S09683_L0200,10.466182265239972
CEC2_E001_S09668_L0200,38.571242951835224
CEC2_E001_S08825_L0200,18.106526560136146
CEC2_E001_S08618_L0200,10.465458981358976
CEC2_E001_S09301_L0200,60.76141774730875
CEC2_E001_S08617_L0200,10.502694691411296
CEC2_E001_S08715_L0200,61.32227722715425
CEC2_E001_S09097_L0200,17.21089339815432
CEC2_E001_S09867_L0200,24.124939230130185
CEC2_E001_S08999_L0200,63.433057310814775
CEC2_E001_S09095_L0200,10.398736222059815
CEC2_E001_S09421_L0200,22.7802372056168
CEC2_E001_S09200_L0200,45.92120009475042
CEC2_E001_S08973_L0200,33.54694011895399
CEC2_E001_S08919_L0200,11.979655596524161
CEC2_E001_S09999_L0200,10.730557030755449
CEC2_E001_S09822_L0200,10.71313738395903
CEC2_E001_S09407_L0200,31.810677620298534
CEC2_E001_S09737_L0200,10.804533602639689
CEC2_E001_S09692_L0200,11.681209786836689
CEC2_E001_S09168_L0200,24.23407656875481
CEC2_E001_S08537_L0200,32.76842216730303
CEC2_E001_S09247_L0200,47.461509517823515
CEC2_E001_S09882_L0200,11.071854805669114
CEC2_E001_S08817_L0200,10.491554786795811
CEC2_E001_S09236_L0200,15.229587232784946
CEC2_E001_S09440_L0200,12.05079315941028
CEC2_E001_S08639_L0200,10.4371938648419
CEC2_E001_S09143_L0200,10.770577178149438
CEC2_E001_S09585_L0200,36.4082489979859
CEC2_E001_S09736_L0200,10.899048048424632
CEC2_E001_S09289_L0200,15.420348122335032
CEC2_E001_S08991_L0200,11.203941872964977
CEC2_E001_S09177_L0200,13.319232866462851
CEC2_E001_S09132_L0200,13.028015035805822
CEC2_E001_S09108_L0200,10.631070261750914
CEC2_E001_S09750_L0200,11.119801944952842
CEC2_E001_S09694_L0200,11.473241708069507
CEC2_E001_S09565_L0200,44.67122049337744
CEC2_E001_S09611_L0200,13.536996692465742
CEC2_E001_S08575_L0200,10.519327519322925
CEC2_E001_S08832_L0200,18.05971890858454
CEC2_E001_S08866_L0200,43.31302086169805
CEC2_E001_S08580_L0200,63.79039713896642
CEC2_E008_S08792_L0200,69.5527367309452
CEC2_E008_S09705_L0200,79.76656597242028
CEC2_E008_S09161_L0200,73.57366028258934
CEC2_E008_S09377_L0200,30.31157475825802
CEC2_E008_S08892_L0200,46.67723750812156
CEC2_E008_S09951_L0200,70.80590329419047
CEC2_E008_S09432_L0200,22.055418434907345
CEC2_E008_S09866_L0200,21.282149912117703
CEC2_E008_S08570_L0200,65.18715142465807
CEC2_E008_S09707_L0200,65.83178719505942
CEC2_E008_S08793_L0200,61.75440281989571
CEC2_E008_S09834_L0200,27.2643603267304
CEC2_E008_S09342_L0200,32.043787550245874
CEC2_E008_S09981_L0200,79.58045328262172
CEC2_E008_S08528_L0200,87.85382441518834
CEC2_E008_S08727_L0200,65.22925671047072
CEC2_E008_S09667_L0200,16.854837230876214
CEC2_E008_S09640_L0200,70.48765289050739
CEC2_E008_S09537_L0200,41.96267568184381
CEC2_E008_S09587_L0200,31.44731922211493
CEC2_E008_S08854_L0200,81.1975231293661
CEC2_E008_S09644_L0200,80.40454035037993
CEC2_E008_S08887_L0200,50.15881261990006
CEC2_E008_S09603_L0200,76.20999402999544
CEC2_E008_S09519_L0200,83.180832091747
CEC2_E008_S09043_L0200,56.22732176240133
CEC2_E008_S09510_L0200,45.590483343580225
CEC2_E008_S09477_L0200,12.858858357701845
CEC2_E008_S09523_L0200,31.387727003385372
CEC2_E008_S09024_L0200,73.19713878923028
CEC2_E008_S08812_L0200,11.594483986787875
CEC2_E008_S08763_L0200,48.55451955172078
CEC2_E008_S09865_L0200,29.52059818964861
CEC2_E008_S09065_L0200,50.55751782163419
CEC2_E008_S09689_L0200,13.898346399784106
CEC2_E008_S09896_L0200,78.96400712834611
CEC2_E008_S08707_L0200,89.24193518837886
CEC2_E008_S08643_L0200,88.51894643492902
CEC2_E008_S09081_L0200,44.50384554881762
CEC2_E008_S08775_L0200,84.53814079465036
CEC2_E008_S09438_L0200,31.1309848608074
CEC2_E008_S09125_L0200,58.96583525705464
CEC2_E008_S09370_L0200,18.593365735442188
CEC2_E008_S09722_L0200,12.287497053232224
CEC2_E008_S09258_L0200,88.61816924099624
CEC2_E008_S09076_L0200,13.492320970872772
CEC2_E008_S08989_L0200,38.724224897790364
CEC2_E008_S08770_L0200,79.45780646121152
CEC2_E008_S08553_L0200,80.46241035156167
CEC2_E008_S09273_L0200,57.730293332734604
CEC2_E008_S08966_L0200,11.954339264477152
CEC2_E008_S09110_L0200,62.849043450303654
CEC2_E008_S09001_L0200,55.56898991877591
CEC2_E008_S09768_L0200,22.901397481385523
CEC2_E008_S09321_L0200,11.318217755050842
CEC2_E008_S09903_L0200,83.42866454627134
CEC2_E008_S09821_L0200,82.48771015850734
CEC2_E008_S08890_L0200,87.4699844423083
CEC2_E008_S08940_L0200,87.68776895552914
CEC2_E009_S09157_L0200,88.94516054218757
CEC2_E009_S08841_L0200,88.95149675375613
CEC2_E009_S09082_L0200,82.11257697849732
CEC2_E009_S09272_L0200,88.65740471281717
CEC2_E009_S09174_L0200,88.97468598648364
CEC2_E009_S09398_L0200,88.75589178637296
CEC2_E009_S09526_L0200,88.97396795948914
CEC2_E009_S08688_L0200,88.86935996105636
CEC2_E009_S09584_L0200,86.93030886699563
CEC2_E009_S09153_L0200,85.64846911130921
CEC2_E009_S09244_L0200,88.85668275645482
CEC2_E009_S09470_L0200,88.92533411763569
CEC2_E009_S09785_L0200,88.95150959620297
CEC2_E009_S08624_L0200,88.866190164227
CEC2_E009_S09067_L0200,88.90120487214294
CEC2_E009_S08569_L0200,88.70839591519398
CEC2_E009_S09912_L0200,88.95077340947736
CEC2_E009_S09237_L0200,88.77484731455414
CEC2_E009_S09920_L0200,88.94006392332348
CEC2_E009_S09900_L0200,86.78515174967265
CEC2_E009_S08882_L0200,81.61858565724667
CEC2_E009_S09073_L0200,86.3402040500971
CEC2_E009_S08944_L0200,85.783931351111
CEC2_E009_S09552_L0200,88.8622832590479
CEC2_E009_S09512_L0200,86.15418884034003
CEC2_E009_S09861_L0200,87.71685068248703
CEC2_E009_S08612_L0200,88.81832266770128
CEC2_E009_S09346_L0200,88.86483548602347
CEC2_E009_S08979_L0200,53.41108456467157
CEC2_E009_S09402_L0200,88.50447400320257
CEC2_E009_S09025_L0200,88.94726554703009
CEC2_E009_S08626_L0200,88.97149019496234
CEC2_E009_S08625_L0200,88.79325693867858
CEC2_E009_S09907_L0200,88.99496741887437
CEC2_E009_S09090_L0200,88.99454622793404
CEC2_E009_S08622_L0200,88.99349926174635
CEC2_E009_S08676_L0200,88.98940100284786
CEC2_E009_S08714_L0200,88.99509236520845
CEC2_E009_S08996_L0200,88.9420690029475
CEC2_E009_S09009_L0200,88.92578312057914
CEC2_E009_S08860_L0200,88.99275812053116
CEC2_E009_S09824_L0200,88.98190600221797
CEC2_E009_S09586_L0200,88.992205151989
CEC2_E009_S08945_L0200,88.98868613096329
CEC2_E009_S08875_L0200,88.99410250310731
CEC2_E009_S09881_L0200,88.93536401826792
CEC2_E009_S08653_L0200,88.98957156260987
CEC2_E009_S09608_L0200,88.99456596238878
CEC2_E009_S08803_L0200,88.99652981023047
CEC2_E009_S09235_L0200,88.99157549014652
CEC2_E009_S08836_L0200,88.98934203762347
CEC2_E009_S09536_L0200,88.81417779795004
CEC2_E009_S09434_L0200,88.93802174568145
CEC2_E009_S08598_L0200,88.91161750970844
CEC2_E009_S09109_L0200,88.96107207240863
CEC2_E009_S09371_L0200,88.93980710188829
CEC2_E009_S09893_L0200,88.96188293443171
CEC2_E009_S09846_L0200,88.77936570041012
CEC2_E009_S09098_L0200,88.99276581474649
CEC2_E009_S09413_L0200,88.9307829809099
CEC2_E022_S09748_L0200,13.027732604333714
CEC2_E022_S09230_L0200,46.924950692951114
CEC2_E022_S09256_L0200,84.41960142981209
CEC2_E022_S08853_L0200,61.785157708858385
CEC2_E022_S09441_L0200,56.68291944057686
CEC2_E022_S08969_L0200,49.515267859335786
CEC2_E022_S08628_L0200,86.55825874934447
CEC2_E022_S08546_L0200,64.52693380584304
CEC2_E022_S09786_L0200,77.75464236839227
CEC2_E022_S09294_L0200,87.1275390925608
CEC2_E022_S08902_L0200,89.14461484332986
CEC2_E022_S08837_L0200,83.70876848794893
CEC2_E022_S08583_L0200,88.5627388370334
CEC2_E022_S09307_L0200,89.31482113902364
CEC2_E022_S08525_L0200,86.56972876344547
CEC2_E022_S09473_L0200,80.2399635060795
CEC2_E022_S08970_L0200,80.17600508382864
CEC2_E022_S09987_L0200,79.97615470436973
CEC2_E022_S09661_L0200,81.43418635769086
CEC2_E022_S09656_L0200,63.65505411923646
CEC2_E022_S09875_L0200,67.48085319600268
CEC2_E022_S09442_L0200,64.73211952411981
CEC2_E022_S09335_L0200,73.19164730603039
CEC2_E022_S09799_L0200,62.38016460458593
CEC2_E022_S08849_L0200,74.5795220465798
CEC2_E022_S09390_L0200,85.24157965556569
CEC2_E022_S09511_L0200,81.16640772143474
CEC2_E022_S08710_L0200,88.33334922402747
CEC2_E022_S09514_L0200,19.18916799419358
CEC2_E022_S09401_L0200,81.96504101005473
CEC2_E022_S09427_L0200,23.057745595239574
CEC2_E022_S09365_L0200,60.86268119774918
CEC2_E022_S09598_L0200,75.04484265668569
CEC2_E022_S09465_L0200,89.36442115088275
CEC2_E022_S09093_L0200,88.43617002308363
CEC2_E022_S09957_L0200,78.86007430652487
CEC2_E022_S09325_L0200,42.17066095969949
CEC2_E022_S09815_L0200,85.44367773775721
CEC2_E022_S09564_L0200,81.09521394777991
CEC2_E022_S08647_L0200,70.62610575046817
CEC2_E022_S09662_L0200,89.49688248413534
CEC2_E022_S09641_L0200,88.9520757744844
CEC2_E022_S09532_L0200,88.76112424152551
CEC2_E022_S09027_L0200,77.34727825780863
CEC2_E022_S09905_L0200,82.1364222102867
CEC2_E022_S09310_L0200,89.50218488887725
CEC2_E022_S08778_L0200,74.96381137208006
CEC2_E022_S09032_L0200,58.01115779249254
CEC2_E022_S08921_L0200,89.21297149321633
CEC2_E022_S09676_L0200,64.75988554061877
CEC2_E022_S08789_L0200,75.10029764267225
CEC2_E022_S09004_L0200,88.95946645496738
CEC2_E022_S09872_L0200,80.84092220638135
CEC2_E022_S08695_L0200,53.116014229356544
CEC2_E022_S09863_L0200,69.99648036340177
CEC2_E022_S08614_L0200,86.66926930139141
CEC2_E022_S09298_L0200,85.77447309145333
CEC2_E022_S09418_L0200,82.4121638286018
CEC2_E022_S09852_L0200,89.27022328154848
CEC2_E022_S08615_L0200,84.6655170616037
CEC2_E024_S08584_L0200,82.03121191502584
CEC2_E024_S09778_L0200,15.642614999657633
CEC2_E024_S08764_L0200,58.84469308877054
CEC2_E024_S09648_L0200,17.632979336301883
CEC2_E024_S08561_L0200,53.162561986893664
CEC2_E024_S09620_L0200,65.39260886870598
CEC2_E024_S09932_L0200,70.63965090590068
CEC2_E024_S09327_L0200,58.96517767516918
CEC2_E024_S09326_L0200,79.07022280307592
CEC2_E024_S08744_L0200,11.58062896106522
CEC2_E024_S09646_L0200,17.741873957794915
CEC2_E024_S09989_L0200,47.056051739967955
CEC2_E024_S09743_L0200,71.31464644096644
CEC2_E024_S09712_L0200,68.19966348092395
CEC2_E024_S09816_L0200,46.83149700828176
CEC2_E024_S09853_L0200,65.26966863363481
CEC2_E024_S09285_L0200,70.94792888574267
CEC2_E024_S09535_L0200,13.395880283588628
CEC2_E024_S09678_L0200,73.42482230116872
CEC2_E024_S08850_L0200,81.57332397923014
CEC2_E024_S09720_L0200,12.002107542638857
CEC2_E024_S09248_L0200,63.28721651564088
CEC2_E024_S09870_L0200,54.87308118845243
CEC2_E024_S09091_L0200,88.67359631385307
CEC2_E024_S08610_L0200,81.42897177030748
CEC2_E024_S09761_L0200,86.48530637156382
CEC2_E024_S09570_L0200,57.68686060152479
CEC2_E024_S09759_L0200,69.45297172220923
CEC2_E024_S08746_L0200,20.39560034390385
CEC2_E024_S09339_L0200,80.37964261091479
CEC2_E024_S09856_L0200,66.43770864262837
CEC2_E024_S09501_L0200,12.202737915704173
CEC2_E024_S09449_L0200,42.71684590539843
CEC2_E024_S09836_L0200,78.83091766642251
CEC2_E024_S09933_L0200,88.41602134650307
CEC2_E024_S09205_L0200,84.82775913242023
CEC2_E024_S08567_L0200,21.65659158553083
CEC2_E024_S09650_L0200,83.93672697736224
CEC2_E024_S09877_L0200,48.481465181748085
CEC2_E024_S09361_L0200,37.24633636041589
CEC2_E024_S09352_L0200,43.528468982533646
CEC2_E024_S08730_L0200,88.19854564963649
CEC2_E024_S09275_L0200,89.74040691177117
CEC2_E024_S09567_L0200,72.86117094083062
CEC2_E024_S08726_L0200,68.43767690247654
CEC2_E024_S09557_L0200,40.96596033722756
CEC2_E024_S08731_L0200,85.7667328982348
CEC2_E024_S09041_L0200,50.16746971104433
CEC2_E024_S08923_L0200,11.522760433260732
CEC2_E024_S08785_L0200,89.86558146727054
CEC2_E024_S09944_L0200,13.838494155311304
CEC2_E024_S09478_L0200,78.16951406459177
CEC2_E024_S08514_L0200,74.9242711758338
CEC2_E024_S09089_L0200,26.04143411078622
CEC2_E024_S08835_L0200,62.05766494873066
CEC2_E024_S08787_L0200,61.66440332284446
CEC2_E024_S08631_L0200,21.37854539966962
CEC2_E024_S08636_L0200,86.63628906313758
CEC2_E024_S08997_L0200,75.39428508327089
CEC2_E024_S09069_L0200,89.23566631534905
CEC2_E031_S08846_L0200,89.03783988955665
CEC2_E031_S09553_L0200,87.8793100086961
CEC2_E031_S09780_L0200,88.04324265648862
CEC2_E031_S09134_L0200,81.34087254124898
CEC2_E031_S08662_L0200,42.228950132513674
CEC2_E031_S09800_L0200,89.38495938354241
CEC2_E031_S09167_L0200,76.91016633322367
CEC2_E031_S09459_L0200,87.25721969867915
CEC2_E031_S09917_L0200,88.83441587902341
CEC2_E031_S09079_L0200,88.26438630790133
CEC2_E031_S09675_L0200,89.49305166105101
CEC2_E031_S08908_L0200,65.14676950152707
CEC2_E031_S08590_L0200,87.36351774026605
CEC2_E031_S09003_L0200,67.27587546051903
CEC2_E031_S08807_L0200,81.38238153093069
CEC2_E031_S09624_L0200,54.1961830798912
CEC2_E031_S08927_L0200,81.55641117858309
CEC2_E031_S09481_L0200,77.34692011085406
CEC2_E031_S09596_L0200,88.82221304020604
CEC2_E031_S08513_L0200,65.30686727904721
CEC2_E031_S08623_L0200,83.03536429674621
CEC2_E031_S08862_L0200,78.84097973920349
CEC2_E031_S09151_L0200,87.86660419034324
CEC2_E031_S09764_L0200,88.21518493308264
CEC2_E031_S09457_L0200,89.41264477762675
CEC2_E031_S08994_L0200,87.91089581298701
CEC2_E031_S08668_L0200,86.23958757588584
CEC2_E031_S08606_L0200,88.51858516038415
CEC2_E031_S09593_L0200,80.63355775814242
CEC2_E031_S08650_L0200,87.8602169727788
CEC2_E031_S08809_L0200,88.16176590164447
CEC2_E031_S09204_L0200,88.93104432287103
CEC2_E031_S09150_L0200,88.50495412296475
CEC2_E031_S09652_L0200,89.23808514175153
CEC2_E031_S09322_L0200,88.24903158523007
CEC2_E031_S08917_L0200,89.46986727559728
CEC2_E031_S08810_L0200,87.06578767534431
CEC2_E031_S08893_L0200,89.13831161875753
CEC2_E031_S09058_L0200,89.26013023697489
CEC2_E031_S09599_L0200,89.50377281305806
CEC2_E031_S08701_L0200,89.30086170456543
CEC2_E031_S09844_L0200,15.314351698799086
CEC2_E031_S09488_L0200,89.50244671847955
CEC2_E031_S08572_L0200,85.39917484391734
CEC2_E031_S09363_L0200,89.25163606776403
CEC2_E031_S09158_L0200,89.35788185331678
CEC2_E031_S08750_L0200,89.50531901065116
CEC2_E031_S08845_L0200,89.04636506707038
CEC2_E031_S08745_L0200,89.49897469116422
CEC2_E031_S09985_L0200,86.02429256017243
CEC2_E031_S08956_L0200,89.24756046551373
CEC2_E031_S09726_L0200,89.47139790728706
CEC2_E031_S09811_L0200,86.9908772996326
CEC2_E031_S09606_L0200,87.71163236641583
CEC2_E031_S09760_L0200,89.2707612336963
CEC2_E031_S09982_L0200,87.94457942069134
CEC2_E031_S08958_L0200,89.4886901915486
CEC2_E031_S09460_L0200,17.561678259194753
CEC2_E031_S09270_L0200,48.00729667755772
CEC2_E031_S09677_L0200,88.33819105144657
CEC2_E032_S09832_L0200,62.84218227359345
CEC2_E032_S09504_L0200,16.30714085587277
CEC2_E032_S09443_L0200,12.005613155712732
CEC2_E032_S08735_L0200,60.50302530815394
CEC2_E032_S09193_L0200,70.78933092766721
CEC2_E032_S09469_L0200,43.48335340265373
CEC2_E032_S08577_L0200,74.9142227383375
CEC2_E032_S08768_L0200,58.4520364064928
CEC2_E032_S08663_L0200,27.25912092847222
CEC2_E032_S08847_L0200,83.61063246916414
CEC2_E032_S09984_L0200,12.921913547461875
CEC2_E032_S09996_L0200,79.32927317196256
CEC2_E032_S09140_L0200,71.33432082704896
CEC2_E032_S09672_L0200,87.96679228851542
CEC2_E032_S08806_L0200,32.82619442093761
CEC2_E032_S09130_L0200,29.441585214716227
CEC2_E032_S09857_L0200,57.30000272014458
CEC2_E032_S08502_L0200,17.875280184566638
CEC2_E032_S08542_L0200,71.23434790959425
CEC2_E032_S09663_L0200,84.39526417204664
CEC2_E032_S09671_L0200,57.08416379482923
CEC2_E032_S09456_L0200,79.15031180828814
CEC2_E032_S09979_L0200,12.728598948028484
CEC2_E032_S09817_L0200,17.111412966715186
CEC2_E032_S08652_L0200,65.01626722467913
CEC2_E032_S09296_L0200,87.55992365122239
CEC2_E032_S09403_L0200,66.51118819402492
CEC2_E032_S09645_L0200,70.4749748926324
CEC2_E032_S09271_L0200,87.6112727497296
CEC2_E032_S09392_L0200,59.921778536001185
CEC2_E032_S09308_L0200,15.422739507254397
CEC2_E032_S08855_L0200,20.958630343359154
CEC2_E032_S09332_L0200,55.8479364284802
CEC2_E032_S09838_L0200,26.71383446852139
CEC2_E032_S08597_L0200,72.26708790225209
CEC2_E032_S09156_L0200,88.3007901036849
CEC2_E032_S09686_L0200,43.49558189589816
CEC2_E032_S08519_L0200,12.550084061655502
CEC2_E032_S09515_L0200,23.239355037095557
CEC2_E032_S09455_L0200,81.7297592427413
CEC2_E032_S09039_L0200,28.44629071479866
CEC2_E032_S09842_L0200,53.111855363206665
CEC2_E032_S09541_L0200,12.417692565497028
CEC2_E032_S08677_L0200,81.76293491987845
CEC2_E032_S09913_L0200,83.41739130364938
CEC2_E032_S09188_L0200,34.822118515800895
CEC2_E032_S09929_L0200,25.10929706155231
CEC2_E032_S09991_L0200,76.64870044761263
CEC2_E032_S08801_L0200,28.93535758352792
CEC2_E032_S09600_L0200,28.848584896704963
CEC2_E032_S09078_L0200,55.41448628861128
CEC2_E032_S09808_L0200,59.81083612126552
CEC2_E032_S08555_L0200,60.59889055901364
CEC2_E032_S08947_L0200,46.14500745089185
CEC2_E032_S09287_L0200,78.23481587885077
CEC2_E032_S09612_L0200,45.35014608913606
CEC2_E032_S09884_L0200,17.063968915490115
CEC2_E032_S08574_L0200,74.29618552239776
CEC2_E032_S09594_L0200,20.38945495280983
CEC2_E032_S09971_L0200,19.875507444408004
CEC2_E036_S09112_L0200,58.66914075778896
CEC2_E036_S08607_L0200,64.56484604687817
CEC2_E036_S08637_L0200,65.9403690665706
CEC2_E036_S09314_L0200,17.365448707664253
CEC2_E036_S09096_L0200,48.405159586564324
CEC2_E036_S09194_L0200,74.77633000765397
CEC2_E036_S09709_L0200,63.39887694294362
CEC2_E036_S09997_L0200,59.92742708257989
CEC2_E036_S09725_L0200,51.55475704242214
CEC2_E036_S08505_L0200,27.184662519126984
CEC2_E036_S09897_L0200,64.3474647098766
CEC2_E036_S08736_L0200,70.38898486349002
CEC2_E036_S09777_L0200,57.098329363224856
CEC2_E036_S09373_L0200,67.79773087127293
CEC2_E036_S08721_L0200,70.15376772597747
CEC2_E036_S08556_L0200,72.87960182134145
CEC2_E036_S09841_L0200,42.427119842782716
CEC2_E036_S09928_L0200,61.5500381078146
CEC2_E036_S09213_L0200,74.17215538640629
CEC2_E036_S09730_L0200,73.57550000219486
CEC2_E036_S09057_L0200,71.10621403348495
CEC2_E036_S09898_L0200,65.24664317528561
CEC2_E036_S09280_L0200,63.27894605286445
CEC2_E036_S08804_L0200,63.300660635043684
CEC2_E036_S08844_L0200,67.62324373168205
CEC2_E036_S08671_L0200,63.978703774861074
CEC2_E036_S08503_L0200,71.91925102469274
CEC2_E036_S08651_L0200,58.00030490274394
CEC2_E036_S09638_L0200,69.07003593096769
CEC2_E036_S09850_L0200,83.35002502530621
CEC2_E036_S09534_L0200,60.61891576587686
CEC2_E036_S09106_L0200,69.09687166765741
CEC2_E036_S09930_L0200,80.89147057043394
CEC2_E036_S09637_L0200,69.69089731906287
CEC2_E036_S08702_L0200,85.93420232217896
CEC2_E036_S08840_L0200,37.25187943988066
CEC2_E036_S09762_L0200,58.37551148445961
CEC2_E036_S08920_L0200,77.12449808608747
CEC2_E036_S08959_L0200,41.11505145452338
CEC2_E036_S09955_L0200,65.16574328843146
CEC2_E036_S09782_L0200,83.14040803827692
CEC2_E036_S08501_L0200,89.48599591004073
CEC2_E036_S09880_L0200,88.42818495714221
CEC2_E036_S08910_L0200,74.87068075460421
CEC2_E036_S08776_L0200,16.773535052569063
CEC2_E036_S09048_L0200,84.84741607539334
CEC2_E036_S09653_L0200,77.82966285553043
CEC2_E036_S09813_L0200,79.01208391349071
CEC2_E036_S08759_L0200,89.38832362463492
CEC2_E036_S09016_L0200,22.148288850729667
CEC2_E036_S08535_L0200,44.80628006074442
CEC2_E036_S08690_L0200,63.01296956219993
CEC2_E036_S09660_L0200,43.25633416405501
CEC2_E036_S09006_L0200,59.12994855191742
CEC2_E036_S08576_L0200,79.80792168170949
CEC2_E036_S09582_L0200,86.06380456306789
CEC2_E036_S09080_L0200,86.56146584657428
CEC2_E036_S09697_L0200,67.13291854196721
CEC2_E036_S09338_L0200,75.54101857930742
CEC2_E036_S09284_L0200,72.40526537203323
CEC2_E037_S08649_L0200,88.9990881260198
CEC2_E037_S09749_L0200,54.695813652974465
CEC2_E037_S08784_L0200,49.67705034705291
CEC2_E037_S08829_L0200,86.03587137944231
CEC2_E037_S09233_L0200,80.13281701029402
CEC2_E037_S08696_L0200,79.136446796454
CEC2_E037_S09632_L0200,84.60429359353436
CEC2_E037_S09033_L0200,15.085658477022028
CEC2_E037_S09601_L0200,70.69398854566458
CEC2_E037_S09636_L0200,84.17384121342542
CEC2_E037_S09088_L0200,82.80396321563047
CEC2_E037_S09576_L0200,84.24052437046227
CEC2_E037_S08725_L0200,88.08366936419759
CEC2_E037_S09277_L0200,84.4288625635472
CEC2_E037_S09114_L0200,81.30307035650863
CEC2_E037_S09053_L0200,88.01388140894447
CEC2_E037_S08544_L0200,88.42453053044729
CEC2_E037_S09128_L0200,83.49136415464754
CEC2_E037_S09657_L0200,85.19364013152489
CEC2_E037_S09445_L0200,86.00879658261557
CEC2_E037_S09226_L0200,82.88094193095309
CEC2_E037_S09102_L0200,48.09834051124563
CEC2_E037_S09435_L0200,13.29667045879442
CEC2_E037_S08842_L0200,82.53037419397725
CEC2_E037_S09309_L0200,85.99262688150618
CEC2_E037_S08851_L0200,87.01148839737876
CEC2_E037_S09220_L0200,64.49097924370318
CEC2_E037_S08565_L0200,63.31590494782318
CEC2_E037_S09945_L0200,39.59689886481634
CEC2_E037_S08914_L0200,88.16634890617061
CEC2_E037_S09117_L0200,29.496062477964188
CEC2_E037_S08551_L0200,86.96878777590135
CEC2_E037_S09610_L0200,74.12158738498698
CEC2_E037_S09029_L0200,76.19739301933232
CEC2_E037_S09972_L0200,86.53917296827575
CEC2_E037_S09163_L0200,49.24481829380623
CEC2_E037_S09513_L0200,86.04221697859373
CEC2_E037_S09318_L0200,78.83574832435026
CEC2_E037_S09630_L0200,84.88739083013654
CEC2_E037_S08838_L0200,17.274930619270602
CEC2_E037_S08978_L0200,80.34948723409487
CEC2_E037_S09885_L0200,88.95253131665356
CEC2_E037_S08533_L0200,88.36409209655024
CEC2_E037_S09820_L0200,87.30368142594077
CEC2_E037_S08964_L0200,83.23814496829681
CEC2_E037_S08581_L0200,88.48946503164991
CEC2_E037_S09268_L0200,56.41625021910787
CEC2_E037_S09422_L0200,85.49349967804197
CEC2_E037_S09458_L0200,88.94584716336028
CEC2_E037_S09967_L0200,17.04363304017576
CEC2_E037_S09172_L0200,88.7394469967184
CEC2_E037_S09160_L0200,88.2468676016958
CEC2_E037_S09439_L0200,88.25232061036604
CEC2_E037_S09774_L0200,67.5241529426038
CEC2_E037_S09046_L0200,20.382237910701317
CEC2_E037_S09592_L0200,64.72150138514829
CEC2_E037_S09795_L0200,68.05207553290484
CEC2_E037_S09758_L0200,88.74733196570979
CEC2_E037_S09388_L0200,89.03735244810467
CEC2_E037_S08897_L0200,87.02790463366102
CEC2_E038_S08826_L0200,41.380818880870514
CEC2_E038_S09159_L0200,66.22948123142949
CEC2_E038_S09121_L0200,25.173693887153235
CEC2_E038_S09685_L0200,52.10183074234007
CEC2_E038_S08704_L0200,12.142612792174065
CEC2_E038_S09835_L0200,62.00988106706066
CEC2_E038_S09171_L0200,40.99987879309739
CEC2_E038_S09489_L0200,16.997962921713764
CEC2_E038_S09393_L0200,12.846973830453305
CEC2_E038_S08984_L0200,73.17264890023974
CEC2_E038_S08635_L0200,14.176198482598247
CEC2_E038_S08874_L0200,41.60024944791041
CEC2_E038_S09607_L0200,87.20797728051691
CEC2_E038_S09883_L0200,42.85202803402561
CEC2_E038_S09966_L0200,22.359186679386227
CEC2_E038_S09837_L0200,37.78006339181491
CEC2_E038_S09341_L0200,32.239524253887765
CEC2_E038_S09225_L0200,12.097014570259827
CEC2_E038_S09763_L0200,44.72061765526576
CEC2_E038_S09210_L0200,68.07949832331816
CEC2_E038_S09497_L0200,84.11858161114384
CEC2_E038_S08926_L0200,13.305257503323801
CEC2_E038_S09364_L0200,75.08566107343667
CEC2_E038_S09336_L0200,66.47818576637401
CEC2_E038_S09245_L0200,30.944338344766127
CEC2_E038_S09376_L0200,84.07659138439995
CEC2_E038_S08931_L0200,87.23634705888526
CEC2_E038_S09555_L0200,70.75768803524674
CEC2_E038_S08743_L0200,39.96149557626008
CEC2_E038_S08782_L0200,83.16050793666096
CEC2_E038_S09052_L0200,13.549809896292052
CEC2_E038_S08585_L0200,14.292652803501216
CEC2_E038_S09976_L0200,40.841776239028135
CEC2_E038_S09425_L0200,73.65911224632654
CEC2_E038_S09099_L0200,18.220841695099487
CEC2_E038_S09508_L0200,81.61905921499634
CEC2_E038_S09754_L0200,27.335958303800833
CEC2_E038_S09144_L0200,76.02512460484722
CEC2_E038_S09629_L0200,88.2446397338557
CEC2_E038_S09789_L0200,29.26179862862102
CEC2_E038_S09430_L0200,87.71161947930284
CEC2_E038_S08627_L0200,87.5004835173159
CEC2_E038_S09719_L0200,77.75244954765395
CEC2_E038_S08526_L0200,26.08437436652845
CEC2_E038_S09826_L0200,27.764438643664327
CEC2_E038_S09221_L0200,13.220294804094136
CEC2_E038_S09118_L0200,89.40181683145957
CEC2_E038_S09101_L0200,13.250768940391445
CEC2_E038_S08998_L0200,81.64035520125861
CEC2_E038_S09357_L0200,62.317399205586106
CEC2_E038_S08530_L0200,13.169327870361702
CEC2_E038_S09547_L0200,12.36105496104231
CEC2_E038_S09986_L0200,84.73180528529393
CEC2_E038_S09949_L0200,80.02238361573094
CEC2_E038_S09889_L0200,12.011834660086953
CEC2_E038_S09734_L0200,18.511174828438236
CEC2_E038_S08753_L0200,82.9215612368245
CEC2_E038_S09908_L0200,80.54856807335234
CEC2_E038_S08788_L0200,29.772817612921937
CEC2_E001_S09354_L0201,31.28713009275521
CEC2_E001_S08892_L0201,10.380291899970784
CEC2_E001_S08792_L0201,52.080103304503325
CEC2_E001_S09432_L0201,22.190466095331193
CEC2_E001_S09951_L0201,40.178057403747125
CEC2_E001_S09161_L0201,41.54337822168658
CEC2_E001_S09377_L0201,23.522378289621198
CEC2_E001_S09866_L0201,10.061559559235295
CEC2_E001_S09705_L0201,10.942774911628506
CEC2_E001_S08570_L0201,10.059383789033799
CEC2_E001_S08793_L0201,42.11190484397693
CEC2_E001_S09537_L0201,10.048032559691492
CEC2_E001_S09342_L0201,11.688213392035633
CEC2_E001_S09640_L0201,11.384601981493953
CEC2_E001_S09667_L0201,10.018952973441685
CEC2_E001_S09981_L0201,34.450136577166866
CEC2_E001_S08528_L0201,29.65690273247516
CEC2_E001_S09834_L0201,14.073836288668891
CEC2_E001_S08727_L0201,21.650555860187332
CEC2_E001_S09707_L0201,29.697092496017824
CEC2_E001_S09043_L0201,32.91725241698747
CEC2_E001_S09519_L0201,50.99843563364985
CEC2_E001_S09644_L0201,55.59068871431612
CEC2_E001_S09603_L0201,42.81914623891054
CEC2_E001_S08854_L0201,18.153863439495964
CEC2_E001_S09477_L0201,11.441305466467359
CEC2_E001_S09510_L0201,15.721129957489662
CEC2_E001_S09523_L0201,9.987987937840256
CEC2_E001_S08887_L0201,10.369225171752959
CEC2_E001_S09587_L0201,19.62375198423761
CEC2_E001_S09081_L0201,11.530243051174436
CEC2_E001_S08812_L0201,10.168262812642842
CEC2_E001_S09896_L0201,12.042203879406348
CEC2_E001_S08763_L0201,33.620551657599144
CEC2_E001_S08707_L0201,31.901598309426827
CEC2_E001_S09689_L0201,10.04607270294074
CEC2_E001_S09865_L0201,29.286574645012255
CEC2_E001_S08643_L0201,79.22871382386793
CEC2_E001_S09024_L0201,29.450791569067572
CEC2_E001_S09065_L0201,20.380853949672932
CEC2_E001_S08553_L0201,12.631788293498317
CEC2_E001_S09370_L0201,25.068576307308348
CEC2_E001_S09722_L0201,9.946335405841081
CEC2_E001_S09076_L0201,10.597957779119408
CEC2_E001_S08775_L0201,43.80491029873462
CEC2_E001_S08770_L0201,23.98920756252306
CEC2_E001_S09258_L0201,78.25889436968357
CEC2_E001_S08989_L0201,11.080913302761827
CEC2_E001_S09125_L0201,11.664480523931376
CEC2_E001_S09438_L0201,10.142421467312838
CEC2_E001_S08966_L0201,10.008516329305387
CEC2_E001_S09001_L0201,41.6535874102756
CEC2_E001_S09903_L0201,10.739934875848673
CEC2_E001_S08890_L0201,23.553305670370438
CEC2_E001_S08940_L0201,29.16913706141542
CEC2_E001_S09821_L0201,21.104987716425263
CEC2_E001_S09321_L0201,10.187646941829339
CEC2_E001_S09273_L0201,11.764883105117793
CEC2_E001_S09768_L0201,10.712177288716386
CEC2_E001_S09110_L0201,10.574020049964721
CEC2_E008_S09526_L0201,69.52020779648127
CEC2_E008_S09584_L0201,44.69821179812491
CEC2_E008_S09157_L0201,45.88423252983207
CEC2_E008_S09272_L0201,51.71673691776849
CEC2_E008_S08841_L0201,61.53277738366404
CEC2_E008_S09398_L0201,50.69891928255893
CEC2_E008_S09082_L0201,30.857944636571226
CEC2_E008_S09153_L0201,61.96649237533379
CEC2_E008_S09174_L0201,58.07913440287908
CEC2_E008_S08688_L0201,51.21124241360276
CEC2_E008_S09067_L0201,25.914981590710962
CEC2_E008_S09900_L0201,10.950586006510349
CEC2_E008_S09237_L0201,72.38641647644636
CEC2_E008_S08624_L0201,23.45231904243255
CEC2_E008_S09912_L0201,80.73065951024172
CEC2_E008_S09785_L0201,57.16999097901228
CEC2_E008_S09920_L0201,85.18732966548669
CEC2_E008_S09470_L0201,61.78344425926731
CEC2_E008_S08569_L0201,19.923763839992375
CEC2_E008_S09244_L0201,13.101918421246104
CEC2_E008_S09073_L0201,34.2646280326929
CEC2_E008_S08979_L0201,21.897716925640644
CEC2_E008_S08944_L0201,28.967260982894768
CEC2_E008_S09402_L0201,42.932662838740804
CEC2_E008_S09346_L0201,86.6485380632061
CEC2_E008_S09861_L0201,29.121491142928473
CEC2_E008_S08882_L0201,37.15840498347599
CEC2_E008_S09552_L0201,71.63002600618309
CEC2_E008_S08612_L0201,78.58090864670888
CEC2_E008_S09512_L0201,13.88023014384071
CEC2_E008_S09090_L0201,88.4948626328354
CEC2_E008_S08626_L0201,13.798797688898146
CEC2_E008_S09009_L0201,38.783723720371526
CEC2_E008_S08714_L0201,17.716348080017767
CEC2_E008_S09907_L0201,88.5029356487146
CEC2_E008_S08676_L0201,17.67646891046043
CEC2_E008_S09025_L0201,21.86433501311128
CEC2_E008_S08996_L0201,13.939960374308033
CEC2_E008_S08622_L0201,69.41532421517176
CEC2_E008_S08625_L0201,11.98863289671829
CEC2_E008_S09608_L0201,14.203289645370592
CEC2_E008_S08653_L0201,80.02081197443147
CEC2_E008_S09586_L0201,86.04548807074437
CEC2_E008_S08875_L0201,87.40408767878246
CEC2_E008_S09881_L0201,83.05272321174058
CEC2_E008_S09824_L0201,11.703101302468868
CEC2_E008_S08803_L0201,83.96429240534864
CEC2_E008_S08945_L0201,44.169343281083805
CEC2_E008_S09235_L0201,83.19263795127704
CEC2_E008_S08860_L0201,87.71615954652323
CEC2_E008_S09109_L0201,30.985912497629784
CEC2_E008_S09098_L0201,88.7407973358216
CEC2_E008_S08836_L0201,86.87577257840036
CEC2_E008_S09413_L0201,48.16824674950167
CEC2_E008_S09846_L0201,24.719128442331797
CEC2_E008_S08598_L0201,30.70271218537193
CEC2_E008_S09893_L0201,84.58563765132344
CEC2_E008_S09536_L0201,87.08454273081446
CEC2_E008_S09371_L0201,49.91159122907223
CEC2_E008_S09434_L0201,66.03380863284167
CEC2_E009_S09294_L0201,88.71229745474545
CEC2_E009_S09786_L0201,88.65974736760325
CEC2_E009_S09256_L0201,87.64960793954667
CEC2_E009_S08546_L0201,85.94125300784677
CEC2_E009_S08853_L0201,83.784922905769
CEC2_E009_S09748_L0201,80.0006513875302
CEC2_E009_S09230_L0201,84.56162242240946
CEC2_E009_S08969_L0201,87.64384655581601
CEC2_E009_S09441_L0201,88.44773118674303
CEC2_E009_S08628_L0201,88.65003529780162
CEC2_E009_S08837_L0201,88.52748403339713
CEC2_E009_S09661_L0201,88.69724575983889
CEC2_E009_S08583_L0201,88.75011477219915
CEC2_E009_S09473_L0201,88.52947068020053
CEC2_E009_S09307_L0201,88.77176441564549
CEC2_E009_S09656_L0201,88.6884379661455
CEC2_E009_S08902_L0201,88.75201188705503
CEC2_E009_S08970_L0201,87.9620739756446
CEC2_E009_S09987_L0201,88.7009098410499
CEC2_E009_S08525_L0201,88.67385973673255
CEC2_E009_S09514_L0201,57.08195085643729
CEC2_E009_S09335_L0201,88.20458271355763
CEC2_E009_S09390_L0201,87.60744566789649
CEC2_E009_S08710_L0201,88.75310580933943
CEC2_E009_S08849_L0201,88.54651393688135
CEC2_E009_S09799_L0201,88.71441767215987
CEC2_E009_S09511_L0201,88.58601946003502
CEC2_E009_S09875_L0201,88.59429673745589
CEC2_E009_S09442_L0201,86.92121544749351
CEC2_E009_S09401_L0201,88.62696602300386
CEC2_E009_S09815_L0201,88.77239100759243
CEC2_E009_S08647_L0201,88.75087259441302
CEC2_E009_S09465_L0201,88.7748500733745
CEC2_E009_S09564_L0201,88.7625800108092
CEC2_E009_S09093_L0201,88.77136452978604
CEC2_E009_S09427_L0201,88.70984057214366
CEC2_E009_S09957_L0201,88.77506584418852
CEC2_E009_S09598_L0201,88.76916929722113
CEC2_E009_S09365_L0201,88.75063121402813
CEC2_E009_S09325_L0201,88.49075266421247
CEC2_E009_S08921_L0201,88.77366682040089
CEC2_E009_S09027_L0201,88.77107637886756
CEC2_E009_S09641_L0201,88.77304646778559
CEC2_E009_S09905_L0201,88.77532375660529
CEC2_E009_S09676_L0201,88.76572261543974
CEC2_E009_S09532_L0201,88.77322058656831
CEC2_E009_S08778_L0201,88.75900713508241
CEC2_E009_S09310_L0201,88.77439227788854
CEC2_E009_S09032_L0201,88.77571692873612
CEC2_E009_S09662_L0201,88.77368536172096
CEC2_E009_S08614_L0201,88.7545039948523
CEC2_E009_S09298_L0201,88.76722772083286
CEC2_E009_S08695_L0201,88.75522192751346
CEC2_E009_S08789_L0201,88.75635709320451
CEC2_E009_S09863_L0201,88.76270487114496
CEC2_E009_S09418_L0201,88.71205006502365
CEC2_E009_S09852_L0201,88.76201714503912
CEC2_E009_S09872_L0201,88.64401860179576
CEC2_E009_S08615_L0201,88.74579209690695
CEC2_E009_S09004_L0201,88.7723625826317
CEC2_E022_S09033_L0201,26.59993760944915
CEC2_E022_S09636_L0201,87.64403819274878
CEC2_E022_S08649_L0201,88.7495824241166
CEC2_E022_S09632_L0201,80.28023975033538
CEC2_E022_S08696_L0201,83.71271946475858
CEC2_E022_S09233_L0201,81.92410398384722
CEC2_E022_S08829_L0201,80.28761330451476
CEC2_E022_S08784_L0201,50.082985689042715
CEC2_E022_S09749_L0201,48.5868912606005
CEC2_E022_S09601_L0201,73.5322714244322
CEC2_E022_S09657_L0201,78.24588162067131
CEC2_E022_S08544_L0201,74.8641154643847
CEC2_E022_S08725_L0201,87.79495344441104
CEC2_E022_S09114_L0201,83.1470432624969
CEC2_E022_S09576_L0201,82.17281589637538
CEC2_E022_S09088_L0201,70.5389884757243
CEC2_E022_S09277_L0201,87.2540929916319
CEC2_E022_S09128_L0201,83.00270485462747
CEC2_E022_S09445_L0201,86.30479780332398
CEC2_E022_S09053_L0201,88.91155728690315
CEC2_E022_S08842_L0201,60.331481615330276
CEC2_E022_S08851_L0201,87.31873599373165
CEC2_E022_S09226_L0201,82.83731441537519
CEC2_E022_S09435_L0201,12.417095251250766
CEC2_E022_S08565_L0201,69.22176120643272
CEC2_E022_S09220_L0201,67.21609976407257
CEC2_E022_S09102_L0201,69.50879279666124
CEC2_E022_S09945_L0201,25.04332830961
CEC2_E022_S09309_L0201,83.55102368594751
CEC2_E022_S08914_L0201,86.93013791926435
CEC2_E022_S09029_L0201,81.94628499235837
CEC2_E022_S09163_L0201,37.45000659697217
CEC2_E022_S09610_L0201,81.2722487166729
CEC2_E022_S09972_L0201,88.87460914224118
CEC2_E022_S09117_L0201,34.652202483165205
CEC2_E022_S09630_L0201,87.82514295922292
CEC2_E022_S09318_L0201,40.30913376284411
CEC2_E022_S08838_L0201,19.229146364329825
CEC2_E022_S08551_L0201,86.68919089810944
CEC2_E022_S09513_L0201,87.59802706468345
CEC2_E022_S09820_L0201,86.29432419438425
CEC2_E022_S08978_L0201,79.99028552770795
CEC2_E022_S09885_L0201,89.02761275616676
CEC2_E022_S09967_L0201,36.408670722703484
CEC2_E022_S08964_L0201,83.96953642972903
CEC2_E022_S09422_L0201,73.73537783300753
CEC2_E022_S09458_L0201,88.60636984896334
CEC2_E022_S09268_L0201,65.91296305985396
CEC2_E022_S08533_L0201,89.12108110042733
CEC2_E022_S08581_L0201,82.06155069630782
CEC2_E022_S09388_L0201,88.89409390993781
CEC2_E022_S09774_L0201,83.04936159168918
CEC2_E022_S08897_L0201,81.89082202434669
CEC2_E022_S09758_L0201,88.4341140384417
CEC2_E022_S09160_L0201,88.0392964683146
CEC2_E022_S09439_L0201,87.89776802794925
CEC2_E022_S09795_L0201,63.339613724821945
CEC2_E022_S09592_L0201,67.949776067079
CEC2_E022_S09046_L0201,25.17588024493501
CEC2_E022_S09172_L0201,88.47016498405667
CEC2_E024_S09167_L0201,71.79219964794159
CEC2_E024_S09780_L0201,81.10529270584775
CEC2_E024_S09553_L0201,88.55696308914477
CEC2_E024_S09459_L0201,64.73730168000914
CEC2_E024_S09917_L0201,17.002995165559657
CEC2_E024_S09800_L0201,87.23441586499817
CEC2_E024_S08846_L0201,66.38531364471473
CEC2_E024_S09079_L0201,76.30270340440632
CEC2_E024_S09134_L0201,60.477056814795496
CEC2_E024_S08662_L0201,34.05850346766034
CEC2_E024_S09624_L0201,22.139306923563925
CEC2_E024_S08927_L0201,71.84368143273412
CEC2_E024_S08590_L0201,72.15612400121898
CEC2_E024_S09003_L0201,75.29812566122907
CEC2_E024_S09596_L0201,82.38441233972868
CEC2_E024_S09481_L0201,62.879128876705735
CEC2_E024_S09675_L0201,89.95227161780477
CEC2_E024_S08908_L0201,23.669700372544924
CEC2_E024_S08513_L0201,23.849558007513107
CEC2_E024_S08807_L0201,22.349297934351238
CEC2_E024_S08994_L0201,84.32013972151877
CEC2_E024_S08606_L0201,50.52760957618984
CEC2_E024_S08668_L0201,39.8180885063358
CEC2_E024_S09457_L0201,87.00284605746927
CEC2_E024_S09764_L0201,81.52097526312488
CEC2_E024_S09151_L0201,86.68130319462604
CEC2_E024_S08862_L0201,42.7336223272629
CEC2_E024_S09593_L0201,67.37871149784343
CEC2_E024_S08623_L0201,62.80701796041376
CEC2_E024_S08650_L0201,70.48678555793485
CEC2_E024_S09058_L0201,75.67683712396776
CEC2_E024_S09599_L0201,89.97145076777227
CEC2_E024_S08810_L0201,89.31959649255741
CEC2_E024_S09322_L0201,13.576588998872028
CEC2_E024_S09150_L0201,75.73356466988979
CEC2_E024_S08893_L0201,79.73099881680635
CEC2_E024_S08917_L0201,85.55167742308824
CEC2_E024_S08809_L0201,74.89257438974767
CEC2_E024_S09652_L0201,89.82079341708814
CEC2_E024_S09204_L0201,83.0589229965757
CEC2_E024_S09844_L0201,18.325273889831195
CEC2_E024_S08845_L0201,87.48413053528475
CEC2_E024_S08750_L0201,88.46755045615916
CEC2_E024_S09488_L0201,89.57364062168291
CEC2_E024_S09985_L0201,79.43966003377658
CEC2_E024_S09363_L0201,88.17762489295046
CEC2_E024_S08745_L0201,88.88876538185876
CEC2_E024_S08572_L0201,11.258734084975982
CEC2_E024_S09158_L0201,89.71441474682855
CEC2_E024_S08701_L0201,82.37351330734384
CEC2_E024_S09760_L0201,65.04014503781859
CEC2_E024_S09811_L0201,30.44691882745188
CEC2_E024_S09677_L0201,79.26466457708771
CEC2_E024_S09606_L0201,57.438132864762764
CEC2_E024_S09726_L0201,89.91580663469317
CEC2_E024_S09982_L0201,49.118027746031196
CEC2_E024_S08956_L0201,89.4826752947029
CEC2_E024_S09460_L0201,11.491428274809625
CEC2_E024_S09270_L0201,37.75510717423308
CEC2_E024_S08958_L0201,89.51737559159204
CEC2_E031_S09469_L0201,83.38826634865421
CEC2_E031_S08577_L0201,89.102957768373
CEC2_E031_S09504_L0201,75.65766528975357
CEC2_E031_S08847_L0201,89.24495554398922
CEC2_E031_S08735_L0201,82.47139630280802
CEC2_E031_S09443_L0201,72.7171488060066
CEC2_E031_S08663_L0201,88.03486064263632
CEC2_E031_S09832_L0201,88.6480431519908
CEC2_E031_S09193_L0201,81.02536156863218
CEC2_E031_S08768_L0201,88.56215038717343
CEC2_E031_S09140_L0201,89.04941661429677
CEC2_E031_S09996_L0201,88.46217314964304
CEC2_E031_S09130_L0201,86.94576726685223
CEC2_E031_S08542_L0201,89.21363815369742
CEC2_E031_S09857_L0201,87.77239219348013
CEC2_E031_S09663_L0201,88.84776186380034
CEC2_E031_S09984_L0201,81.84918940254866
CEC2_E031_S09672_L0201,88.45959961619359
CEC2_E031_S08502_L0201,74.8779276041228
CEC2_E031_S08806_L0201,83.86944590967674
CEC2_E031_S09271_L0201,89.23895990353873
CEC2_E031_S09456_L0201,79.255245486498
CEC2_E031_S08652_L0201,88.38526998916427
CEC2_E031_S09979_L0201,84.13870661239072
CEC2_E031_S09671_L0201,89.1661069225194
CEC2_E031_S09392_L0201,89.21076588040225
CEC2_E031_S09403_L0201,85.63708581033487
CEC2_E031_S09296_L0201,89.19590604555003
CEC2_E031_S09645_L0201,89.09405677539124
CEC2_E031_S09817_L0201,57.39338750014428
CEC2_E031_S09308_L0201,88.57295435717721
CEC2_E031_S08597_L0201,89.25067867995567
CEC2_E031_S08855_L0201,84.46660467327962
CEC2_E031_S09686_L0201,89.17685924085276
CEC2_E031_S09838_L0201,89.24768401264834
CEC2_E031_S09455_L0201,89.19421390094027
CEC2_E031_S09156_L0201,89.24834343220056
CEC2_E031_S08519_L0201,86.84622641970039
CEC2_E031_S09332_L0201,89.15918229491618
CEC2_E031_S09515_L0201,89.09723245857359
CEC2_E031_S09842_L0201,88.86601023136991
CEC2_E031_S09991_L0201,89.2502069899306
CEC2_E031_S09541_L0201,15.684118289898214
CEC2_E031_S08801_L0201,85.33340808137294
CEC2_E031_S08677_L0201,89.20552401848711
CEC2_E031_S09929_L0201,89.17337640699036
CEC2_E031_S09039_L0201,88.98501760909384
CEC2_E031_S09600_L0201,89.03959119686614
CEC2_E031_S09188_L0201,89.22924177873047
CEC2_E031_S09913_L0201,89.24549492637968
CEC2_E031_S09808_L0201,89.20289275528997
CEC2_E031_S09971_L0201,88.90853547100119
CEC2_E031_S08555_L0201,89.14231884964099
CEC2_E031_S09287_L0201,89.11212607688577
CEC2_E031_S09078_L0201,89.09189725089924
CEC2_E031_S09594_L0201,85.95870669358443
CEC2_E031_S09612_L0201,89.02376013949919
CEC2_E031_S08947_L0201,88.81699831574294
CEC2_E031_S09884_L0201,89.2358054727082
CEC2_E031_S08574_L0201,88.85727952911381
CEC2_E032_S08607_L0201,61.371777840269694
CEC2_E032_S09725_L0201,64.46465940441571
CEC2_E032_S09709_L0201,26.12618236004647
CEC2_E032_S09314_L0201,14.307909094814418
CEC2_E032_S08505_L0201,11.987749306816857
CEC2_E032_S09096_L0201,25.949582261002107
CEC2_E032_S09997_L0201,14.57569573920359
CEC2_E032_S09194_L0201,72.56567294281638
CEC2_E032_S09112_L0201,42.50849639851789
CEC2_E032_S08637_L0201,68.82182517169649
CEC2_E032_S08721_L0201,28.620334191091363
CEC2_E032_S09213_L0201,56.53108897992265
CEC2_E032_S08556_L0201,81.25821175542369
CEC2_E032_S09777_L0201,47.17458556505852
CEC2_E032_S08736_L0201,86.12053202386537
CEC2_E032_S09730_L0201,59.019418334990995
CEC2_E032_S09928_L0201,86.59962037453191
CEC2_E032_S09897_L0201,36.9911496061103
CEC2_E032_S09841_L0201,40.723600648705926
CEC2_E032_S09373_L0201,76.47760589403599
CEC2_E032_S09638_L0201,39.93742007678251
CEC2_E032_S08503_L0201,75.9760612109591
CEC2_E032_S09280_L0201,42.345747374650294
CEC2_E032_S08844_L0201,37.66656212095018
CEC2_E032_S09850_L0201,88.8362021421612
CEC2_E032_S08804_L0201,76.61960192174136
CEC2_E032_S09057_L0201,71.60387097776405
CEC2_E032_S08671_L0201,72.37627516296595
CEC2_E032_S09898_L0201,53.31609244574046
CEC2_E032_S08651_L0201,83.27473221120277
CEC2_E032_S09106_L0201,80.98577401667563
CEC2_E032_S08840_L0201,12.600803833845355
CEC2_E032_S08920_L0201,11.811436848886775
CEC2_E032_S08959_L0201,47.24239064454084
CEC2_E032_S09534_L0201,79.19934742694228
CEC2_E032_S08702_L0201,70.64008392221926
CEC2_E032_S09762_L0201,46.125360253874376
CEC2_E032_S09637_L0201,38.57902029149817
CEC2_E032_S09955_L0201,13.368636874753726
CEC2_E032_S09930_L0201,58.47002879903911
CEC2_E032_S09880_L0201,85.54052979249106
CEC2_E032_S09782_L0201,40.19090427515238
CEC2_E032_S08501_L0201,64.65451372702378
CEC2_E032_S08776_L0201,12.874464174728436
CEC2_E032_S09016_L0201,17.929994755373066
CEC2_E032_S09653_L0201,84.13410946022788
CEC2_E032_S09813_L0201,48.717777211047974
CEC2_E032_S08910_L0201,64.63058552492043
CEC2_E032_S09048_L0201,14.413577514391774
CEC2_E032_S08759_L0201,76.54110149260099
CEC2_E032_S08535_L0201,63.497190616111
CEC2_E032_S09582_L0201,56.71763507484807
CEC2_E032_S09006_L0201,41.59986999681806
CEC2_E032_S09338_L0201,86.54744454726244
CEC2_E032_S09697_L0201,13.763449001191647
CEC2_E032_S08690_L0201,24.513387743871014
CEC2_E032_S09284_L0201,17.335600734951502
CEC2_E032_S09080_L0201,88.93598212039561
CEC2_E032_S09660_L0201,30.987696776345963
CEC2_E032_S08576_L0201,86.48213416799315
CEC2_E036_S09605_L0201,65.26643349794941
CEC2_E036_S09159_L0201,72.69248579853355
CEC2_E036_S09835_L0201,51.97570787887133
CEC2_E036_S09171_L0201,51.86353927301491
CEC2_E036_S08826_L0201,54.640315106290785
CEC2_E036_S09489_L0201,66.79377175874495
CEC2_E036_S09685_L0201,70.97315222247904
CEC2_E036_S08704_L0201,45.5741249026544
CEC2_E036_S09393_L0201,64.19774104309593
CEC2_E036_S09121_L0201,77.16893353111419
CEC2_E036_S09607_L0201,73.13836377472244
CEC2_E036_S09883_L0201,44.75102694568754
CEC2_E036_S08635_L0201,48.332930608431965
CEC2_E036_S09837_L0201,71.09987975693168
CEC2_E036_S09225_L0201,11.41503145314185
CEC2_E036_S08984_L0201,68.97373683645603
CEC2_E036_S09763_L0201,75.49129179700014
CEC2_E036_S09341_L0201,55.40912857130467
CEC2_E036_S08874_L0201,69.88732636859424
CEC2_E036_S09966_L0201,81.86055887260045
CEC2_E036_S08743_L0201,35.436679397576015
CEC2_E036_S09364_L0201,72.90701427086931
CEC2_E036_S09245_L0201,59.72894706268144
CEC2_E036_S08926_L0201,29.863393031777644
CEC2_E036_S09210_L0201,73.30425844920065
CEC2_E036_S09336_L0201,71.30149962554054
CEC2_E036_S08931_L0201,83.18248737464731
CEC2_E036_S09497_L0201,87.21916714598399
CEC2_E036_S09376_L0201,79.3791410854843
CEC2_E036_S09555_L0201,60.83294836998728
CEC2_E036_S09508_L0201,74.08466474586422
CEC2_E036_S09144_L0201,83.64640016748967
CEC2_E036_S09099_L0201,47.091922465711
CEC2_E036_S09425_L0201,77.70304126319132
CEC2_E036_S09629_L0201,89.00199744362939
CEC2_E036_S09052_L0201,67.61016028358608
CEC2_E036_S08782_L0201,69.20151382012543
CEC2_E036_S09754_L0201,56.402739549739756
CEC2_E036_S09976_L0201,61.781968240682254
CEC2_E036_S08585_L0201,14.422058823734062
CEC2_E036_S09719_L0201,77.41042253515573
CEC2_E036_S08526_L0201,33.28585473994232
CEC2_E036_S09826_L0201,13.760679281152395
CEC2_E036_S09101_L0201,18.95420620553393
CEC2_E036_S09118_L0201,89.41036708670785
CEC2_E036_S09789_L0201,79.73036276204974
CEC2_E036_S09221_L0201,58.90337970383659
CEC2_E036_S09430_L0201,87.55741538294856
CEC2_E036_S08627_L0201,85.62553394505707
CEC2_E036_S08998_L0201,77.05414737269055
CEC2_E036_S09949_L0201,77.48464608697748
CEC2_E036_S08788_L0201,13.335100283431155
CEC2_E036_S08753_L0201,86.67947823954458
CEC2_E036_S09986_L0201,82.72510475021416
CEC2_E036_S09889_L0201,15.309989134169188
CEC2_E036_S08530_L0201,21.294452227094048
CEC2_E036_S09547_L0201,64.0614682349403
CEC2_E036_S09734_L0201,31.851592076949437
CEC2_E036_S09357_L0201,59.835111023801346
CEC2_E036_S09908_L0201,84.56933784636438
CEC2_E037_S08561_L0201,46.91456401424264
CEC2_E037_S09778_L0201,19.293125864547203
CEC2_E037_S08764_L0201,83.52089462699124
CEC2_E037_S09327_L0201,68.01118744333422
CEC2_E037_S08744_L0201,46.53793783571244
CEC2_E037_S09326_L0201,84.89306755007229
CEC2_E037_S08584_L0201,87.5453294733504
CEC2_E037_S09648_L0201,11.026224381343372
CEC2_E037_S09932_L0201,74.46735078094994
CEC2_E037_S09620_L0201,32.39307408026824
CEC2_E037_S09989_L0201,40.141301161579904
CEC2_E037_S08850_L0201,86.49425406986481
CEC2_E037_S09285_L0201,46.542945618275496
CEC2_E037_S09535_L0201,18.647017928177803
CEC2_E037_S09678_L0201,66.90621019850333
CEC2_E037_S09712_L0201,82.83509527952758
CEC2_E037_S09853_L0201,56.52397524138762
CEC2_E037_S09816_L0201,34.73193697019442
CEC2_E037_S09646_L0201,31.383128441095142
CEC2_E037_S09743_L0201,85.7312687650072
CEC2_E037_S09870_L0201,57.82009842151309
CEC2_E037_S09720_L0201,10.889661420186085
CEC2_E037_S09761_L0201,62.66958750622668
CEC2_E037_S08746_L0201,14.663801589937247
CEC2_E037_S08610_L0201,13.010308024650477
CEC2_E037_S09248_L0201,59.931918486213995
CEC2_E037_S09570_L0201,28.892231651974328
CEC2_E037_S09091_L0201,71.76128858098626
CEC2_E037_S09339_L0201,60.63189585176994
CEC2_E037_S09759_L0201,65.85570323421967
CEC2_E037_S09361_L0201,68.17786995758968
CEC2_E037_S09449_L0201,42.83074101397264
CEC2_E037_S09836_L0201,70.73681614078724
CEC2_E037_S09856_L0201,67.62174902409967
CEC2_E037_S09205_L0201,85.49541226494664
CEC2_E037_S09933_L0201,74.27697224912056
CEC2_E037_S08567_L0201,38.95183066864836
CEC2_E037_S09650_L0201,87.63656047347301
CEC2_E037_S09877_L0201,20.865318435691226
CEC2_E037_S09501_L0201,66.63900565263833
CEC2_E037_S08785_L0201,43.70785817208225
CEC2_E037_S09352_L0201,72.82919422070599
CEC2_E037_S09041_L0201,75.520932603153
CEC2_E037_S08726_L0201,15.986580112124914
CEC2_E037_S08730_L0201,18.006361619594006
CEC2_E037_S09275_L0201,52.161358826066056
CEC2_E037_S09557_L0201,12.881053002839908
CEC2_E037_S08731_L0201,47.36878134433751
CEC2_E037_S09567_L0201,48.598947607264755
CEC2_E037_S08923_L0201,23.126741903744506
CEC2_E037_S08787_L0201,75.44969059927654
CEC2_E037_S09069_L0201,85.03097306311332
CEC2_E037_S08514_L0201,73.3804591358506
CEC2_E037_S08997_L0201,51.306466963598794
CEC2_E037_S08631_L0201,63.95708499119338
CEC2_E037_S09478_L0201,81.09358344512202
CEC2_E037_S08636_L0201,88.45697554645216
CEC2_E037_S09089_L0201,28.99666058615693
CEC2_E037_S09944_L0201,14.23812726381021
CEC2_E037_S08835_L0201,85.9811068599023
CEC2_E038_S09891_L0201,75.52494308534006
CEC2_E038_S09461_L0201,32.34479956258145
CEC2_E038_S09819_L0201,79.95236543524412
CEC2_E038_S09191_L0201,79.53998345489714
CEC2_E038_S08879_L0201,66.76448856067098
CEC2_E038_S09517_L0201,14.042045580792976
CEC2_E038_S09353_L0201,36.4175120519166
CEC2_E038_S08673_L0201,14.18700968903619
CEC2_E038_S08857_L0201,13.472605788396013
CEC2_E038_S09591_L0201,65.81349790470945
CEC2_E038_S08618_L0201,14.117398278273887
CEC2_E038_S09804_L0201,64.34597412653476
CEC2_E038_S08864_L0201,78.57595312441777
CEC2_E038_S09668_L0201,79.06513433706658
CEC2_E038_S09502_L0201,46.843267321595086
CEC2_E038_S09683_L0201,66.16025148106316
CEC2_E038_S09148_L0201,56.05839036736279
CEC2_E038_S08703_L0201,16.944854138352277
CEC2_E038_S08825_L0201,38.7044777471284
CEC2_E038_S08509_L0201,68.47870040257735
CEC2_E038_S08999_L0201,80.27021367343464
CEC2_E038_S08617_L0201,45.550682484300076
CEC2_E038_S09301_L0201,81.09171653822145
CEC2_E038_S09867_L0201,54.16339198464955
CEC2_E038_S09421_L0201,79.4153942000778
CEC2_E038_S08715_L0201,80.03724622114053
CEC2_E038_S09097_L0201,80.27117819585641
CEC2_E038_S09200_L0201,81.34393840170296
CEC2_E038_S08973_L0201,81.18943790032074
CEC2_E038_S09095_L0201,11.541248511718427
CEC2_E038_S09247_L0201,68.58442773635538
CEC2_E038_S09692_L0201,45.653255511301325
CEC2_E038_S08919_L0201,56.351872168934705
CEC2_E038_S09822_L0201,13.657111544970471
CEC2_E038_S09407_L0201,59.19054617790778
CEC2_E038_S08537_L0201,88.39930271317252
CEC2_E038_S09737_L0201,44.62289546777274
CEC2_E038_S09882_L0201,11.41699398259067
CEC2_E038_S09168_L0201,59.61864099432865
CEC2_E038_S09999_L0201,36.983661092104036
CEC2_E038_S09440_L0201,80.75469102534042
CEC2_E038_S09143_L0201,12.444875522599622
CEC2_E038_S09236_L0201,85.07521798290966
CEC2_E038_S09585_L0201,60.88744471062264
CEC2_E038_S08639_L0201,22.23923095678621
CEC2_E038_S09177_L0201,36.91441915751226
CEC2_E038_S08817_L0201,11.426708904910363
CEC2_E038_S09736_L0201,18.30946480357895
CEC2_E038_S09289_L0201,82.333299319083
CEC2_E038_S08991_L0201,11.386757641675631
CEC2_E038_S08832_L0201,70.69489281839785
CEC2_E038_S08575_L0201,28.79926261037475
CEC2_E038_S09108_L0201,12.347992281779453
CEC2_E038_S09611_L0201,87.17924929248046
CEC2_E038_S09565_L0201,73.11394506886737
CEC2_E038_S08580_L0201,88.6530732464072
CEC2_E038_S09132_L0201,24.70799738519098
CEC2_E038_S09694_L0201,86.8191412072055
CEC2_E038_S08866_L0201,87.25798328469097
CEC2_E038_S09750_L0201,87.69378571260754
CEC2_E001_S09174_L0209,28.671827976116443
CEC2_E001_S09272_L0209,10.614210847511176
CEC2_E001_S08688_L0209,10.455938150239312
CEC2_E001_S09157_L0209,10.017140259532074
CEC2_E001_S09153_L0209,14.852735333481432
CEC2_E001_S09526_L0209,48.92289695017976
CEC2_E001_S08841_L0209,18.211754247775715
CEC2_E001_S09082_L0209,13.644405860841214
CEC2_E001_S09398_L0209,10.26830225604532
CEC2_E001_S09584_L0209,10.988195477325851
CEC2_E001_S09900_L0209,9.877190431424737
CEC2_E001_S08569_L0209,20.98573993387299
CEC2_E001_S09244_L0209,9.94537178846859
CEC2_E001_S09237_L0209,40.69942235507092
CEC2_E001_S09785_L0209,9.929262927068006
CEC2_E001_S09920_L0209,27.153795512529204
CEC2_E001_S09067_L0209,13.021565314045324
CEC2_E001_S09470_L0209,22.212379205151354
CEC2_E001_S08624_L0209,9.863428943507397
CEC2_E001_S09912_L0209,61.29482251699323
CEC2_E001_S09861_L0209,12.829844289853435
CEC2_E001_S08612_L0209,14.011220863925764
CEC2_E001_S08882_L0209,10.683050669027647
CEC2_E001_S09402_L0209,10.438066192890455
CEC2_E001_S09512_L0209,10.781265424656135
CEC2_E001_S09552_L0209,35.481399930685335
CEC2_E001_S09346_L0209,87.17157290326759
CEC2_E001_S08944_L0209,10.271932591843719
CEC2_E001_S09073_L0209,9.764623611894665
CEC2_E001_S08979_L0209,18.399669103811082
CEC2_E001_S08676_L0209,9.803520614096165
CEC2_E001_S09090_L0209,88.89309456174975
CEC2_E001_S08996_L0209,21.06331362157083
CEC2_E001_S08622_L0209,34.282931384273965
CEC2_E001_S09009_L0209,11.968092952028961
CEC2_E001_S09025_L0209,23.45055674435551
CEC2_E001_S08626_L0209,11.025463563168385
CEC2_E001_S08714_L0209,9.97832578012472
CEC2_E001_S08625_L0209,10.351207659428175
CEC2_E001_S09907_L0209,82.30380319279348
CEC2_E001_S08803_L0209,38.14733008831708
CEC2_E001_S09586_L0209,28.875260349343684
CEC2_E001_S09235_L0209,73.51463700889587
CEC2_E001_S09608_L0209,10.286322194505427
CEC2_E001_S09881_L0209,9.675936229952358
CEC2_E001_S08860_L0209,10.553348044139401
CEC2_E001_S09824_L0209,9.796996228520104
CEC2_E001_S08653_L0209,77.38425296335961
CEC2_E001_S08945_L0209,10.062511874647072
CEC2_E001_S08875_L0209,63.73204406225835
CEC2_E001_S09893_L0209,70.46646104999411
CEC2_E001_S08836_L0209,84.42098918413123
CEC2_E001_S09536_L0209,10.462414309834577
CEC2_E001_S09371_L0209,9.672807622054355
CEC2_E001_S09413_L0209,27.860999859403204
CEC2_E001_S09109_L0209,9.871327382572503
CEC2_E001_S09846_L0209,9.834071067937947
CEC2_E001_S08598_L0209,10.238286958783396
CEC2_E001_S09434_L0209,13.39209937629851
CEC2_E001_S09098_L0209,15.148272608482063
CEC2_E008_S09294_L0209,82.9955305516439
CEC2_E008_S09230_L0209,14.39546089308671
CEC2_E008_S08628_L0209,36.83808733495935
CEC2_E008_S09748_L0209,11.761206469908645
CEC2_E008_S09256_L0209,59.52960434769603
CEC2_E008_S09786_L0209,45.12077596155489
CEC2_E008_S08546_L0209,57.86128137487841
CEC2_E008_S09441_L0209,54.95852276870524
CEC2_E008_S08853_L0209,63.0629928547916
CEC2_E008_S08969_L0209,30.01383785846727
CEC2_E008_S09473_L0209,61.7592880165465
CEC2_E008_S08970_L0209,60.101907883917356
CEC2_E008_S09656_L0209,61.93693706141025
CEC2_E008_S09661_L0209,71.90826231541553
CEC2_E008_S08902_L0209,86.2012410170497
CEC2_E008_S08525_L0209,32.09338452955963
CEC2_E008_S08837_L0209,84.03792278352307
CEC2_E008_S08583_L0209,79.55698006933032
CEC2_E008_S09987_L0209,27.339555364607392
CEC2_E008_S09307_L0209,83.2787844185503
CEC2_E008_S09401_L0209,71.74013591672747
CEC2_E008_S08849_L0209,49.64878379830562
CEC2_E008_S09335_L0209,57.77884478980093
CEC2_E008_S08710_L0209,86.3110789759992
CEC2_E008_S09390_L0209,71.70931449618398
CEC2_E008_S09442_L0209,64.13763088472804
CEC2_E008_S09514_L0209,15.339056509516608
CEC2_E008_S09799_L0209,32.45339258019573
CEC2_E008_S09875_L0209,28.334212501158895
CEC2_E008_S09511_L0209,72.0934758960672
CEC2_E008_S09093_L0209,87.11496289802827
CEC2_E008_S09957_L0209,38.35288281779333
CEC2_E008_S09564_L0209,55.93459396816959
CEC2_E008_S09598_L0209,67.44300103198724
CEC2_E008_S09365_L0209,33.08853136783538
CEC2_E008_S08647_L0209,40.55759714547988
CEC2_E008_S09815_L0209,51.20022192204948
CEC2_E008_S09427_L0209,14.26511871844436
CEC2_E008_S09325_L0209,27.400099426429943
CEC2_E008_S09465_L0209,85.04928490422547
CEC2_E008_S09032_L0209,16.037834755647285
CEC2_E008_S09310_L0209,86.42677915360612
CEC2_E008_S09641_L0209,83.78978390389554
CEC2_E008_S09676_L0209,13.860736835963344
CEC2_E008_S09662_L0209,89.13298258288758
CEC2_E008_S09905_L0209,49.49716477951991
CEC2_E008_S09027_L0209,22.231008625210844
CEC2_E008_S09532_L0209,82.0868307986018
CEC2_E008_S08921_L0209,80.64276379999527
CEC2_E008_S08778_L0209,42.63919657912027
CEC2_E008_S09004_L0209,81.99492217914461
CEC2_E008_S08615_L0209,54.423116157840916
CEC2_E008_S09298_L0209,64.29584742746079
CEC2_E008_S08789_L0209,76.12527429638347
CEC2_E008_S09418_L0209,79.04791243697214
CEC2_E008_S09872_L0209,49.69909208369257
CEC2_E008_S08695_L0209,25.156670355283186
CEC2_E008_S08614_L0209,62.597223096313485
CEC2_E008_S09852_L0209,82.71743989371203
CEC2_E008_S09863_L0209,27.814964831233848
CEC2_E009_S09033_L0209,88.73725247544657
CEC2_E009_S09636_L0209,88.65450082910182
CEC2_E009_S09632_L0209,88.69222976169566
CEC2_E009_S09233_L0209,88.15990111501941
CEC2_E009_S08649_L0209,88.79878187009187
CEC2_E009_S09601_L0209,88.590905645389
CEC2_E009_S08696_L0209,88.62262647492864
CEC2_E009_S08829_L0209,88.72441695351905
CEC2_E009_S09749_L0209,88.44393195730832
CEC2_E009_S08784_L0209,88.66892299174182
CEC2_E009_S09576_L0209,88.7294582589253
CEC2_E009_S08725_L0209,88.77732775398009
CEC2_E009_S09277_L0209,88.787405154031
CEC2_E009_S09053_L0209,88.62659952586742
CEC2_E009_S09088_L0209,88.57989888948566
CEC2_E009_S08544_L0209,88.62626516605718
CEC2_E009_S09445_L0209,88.68321210208009
CEC2_E009_S09128_L0209,88.20478318873576
CEC2_E009_S09114_L0209,88.76792378602272
CEC2_E009_S09657_L0209,88.42854205160401
CEC2_E009_S09226_L0209,86.83608416042732
CEC2_E009_S08842_L0209,88.68955093990887
CEC2_E009_S08565_L0209,88.67466678396121
CEC2_E009_S09309_L0209,88.70012840002708
CEC2_E009_S09102_L0209,87.97596509384599
CEC2_E009_S09945_L0209,86.93662826385632
CEC2_E009_S08914_L0209,87.59977236058319
CEC2_E009_S08851_L0209,88.46618639962556
CEC2_E009_S09220_L0209,88.70442021540121
CEC2_E009_S09435_L0209,87.08851396961636
CEC2_E009_S08838_L0209,88.5471782663733
CEC2_E009_S09610_L0209,88.79772273351155
CEC2_E009_S09163_L0209,88.8032242133224
CEC2_E009_S09972_L0209,88.80358080708476
CEC2_E009_S09029_L0209,88.80335090249383
CEC2_E009_S09117_L0209,88.6988036111793
CEC2_E009_S09318_L0209,88.77762241389856
CEC2_E009_S08551_L0209,88.80554683864773
CEC2_E009_S09513_L0209,88.78533154894156
CEC2_E009_S09630_L0209,88.80012260940018
CEC2_E009_S09967_L0209,88.77943917805499
CEC2_E009_S08978_L0209,88.79797515810534
CEC2_E009_S09458_L0209,88.7257750575097
CEC2_E009_S08581_L0209,88.79748835270779
CEC2_E009_S09820_L0209,88.80654730949807
CEC2_E009_S09268_L0209,88.76300847063258
CEC2_E009_S08533_L0209,88.80037080933626
CEC2_E009_S09885_L0209,88.80571856538309
CEC2_E009_S08964_L0209,88.80174931350918
CEC2_E009_S09422_L0209,88.77835408784644
CEC2_E009_S09046_L0209,88.23536771288964
CEC2_E009_S09388_L0209,88.79636253574633
CEC2_E009_S09160_L0209,88.80522991335829
CEC2_E009_S09172_L0209,88.80162084103088
CEC2_E009_S09774_L0209,88.79512731604306
CEC2_E009_S09439_L0209,88.78596211861215
CEC2_E009_S08897_L0209,88.78276084124218
CEC2_E009_S09758_L0209,88.77915612300804
CEC2_E009_S09592_L0209,88.80379682284578
CEC2_E009_S09795_L0209,88.614047043692
CEC2_E022_S08584_L0209,87.70006957550002
CEC2_E022_S09778_L0209,18.600406743366417
CEC2_E022_S08764_L0209,82.9715655662704
CEC2_E022_S08744_L0209,65.00482508848725
CEC2_E022_S09648_L0209,13.286173859324375
CEC2_E022_S09620_L0209,74.57233284709221
CEC2_E022_S09327_L0209,75.14638443030537
CEC2_E022_S09932_L0209,77.49943523334616
CEC2_E022_S08561_L0209,69.65467707899539
CEC2_E022_S09326_L0209,83.11879146722245
CEC2_E022_S09743_L0209,88.07221240597126
CEC2_E022_S09678_L0209,87.49248565705302
CEC2_E022_S09816_L0209,57.77227673892538
CEC2_E022_S08850_L0209,89.19191328726076
CEC2_E022_S09285_L0209,78.89370942282832
CEC2_E022_S09535_L0209,48.61483012271062
CEC2_E022_S09646_L0209,86.79859758682555
CEC2_E022_S09712_L0209,85.63463789825042
CEC2_E022_S09989_L0209,46.82889429836156
CEC2_E022_S09853_L0209,86.03234912229922
CEC2_E022_S09759_L0209,86.74703078457416
CEC2_E022_S09870_L0209,67.65243180478001
CEC2_E022_S09339_L0209,72.9069824124658
CEC2_E022_S08610_L0209,78.4253063680775
CEC2_E022_S09091_L0209,87.15697831586208
CEC2_E022_S09720_L0209,11.001165838264601
CEC2_E022_S08746_L0209,62.24330324007453
CEC2_E022_S09570_L0209,62.50157773605808
CEC2_E022_S09761_L0209,87.1627243414614
CEC2_E022_S09248_L0209,65.7266173726208
CEC2_E022_S08567_L0209,15.068638026401196
CEC2_E022_S09449_L0209,76.55077391223412
CEC2_E022_S09205_L0209,72.89314667133453
CEC2_E022_S09501_L0209,77.18297687706799
CEC2_E022_S09856_L0209,77.35163812042138
CEC2_E022_S09836_L0209,75.25296408024177
CEC2_E022_S09877_L0209,31.96500229908861
CEC2_E022_S09650_L0209,88.8716487735496
CEC2_E022_S09361_L0209,54.3634983265911
CEC2_E022_S09933_L0209,81.46331738833479
CEC2_E022_S09352_L0209,88.71208785731535
CEC2_E022_S08785_L0209,85.30194251795604
CEC2_E022_S09041_L0209,83.42545131912567
CEC2_E022_S09557_L0209,77.86916857336993
CEC2_E022_S08923_L0209,17.888348342155343
CEC2_E022_S08730_L0209,84.06123108963288
CEC2_E022_S08726_L0209,88.68829083102007
CEC2_E022_S08731_L0209,80.36845164713182
CEC2_E022_S09275_L0209,87.12883090961553
CEC2_E022_S09567_L0209,87.9681963277376
CEC2_E022_S08835_L0209,84.62351216966867
CEC2_E022_S08787_L0209,70.21722254225465
CEC2_E022_S09478_L0209,85.60881657108082
CEC2_E022_S08631_L0209,70.4744284720236
CEC2_E022_S08636_L0209,87.19871784662283
CEC2_E022_S09069_L0209,87.369816120531
CEC2_E022_S09944_L0209,32.243570796192216
CEC2_E022_S09089_L0209,64.24083194801317
CEC2_E022_S08514_L0209,87.68225143696678
CEC2_E022_S08997_L0209,82.55243895178396
CEC2_E024_S09832_L0209,88.03522311966854
CEC2_E024_S08847_L0209,89.49566037339137
CEC2_E024_S08768_L0209,66.90788201405681
CEC2_E024_S09469_L0209,72.63204358651855
CEC2_E024_S09443_L0209,43.68559667386544
CEC2_E024_S08735_L0209,68.34687190626553
CEC2_E024_S08577_L0209,84.41407671212976
CEC2_E024_S09504_L0209,12.603807666454568
CEC2_E024_S08663_L0209,74.9264360368709
CEC2_E024_S09193_L0209,67.41427033748325
CEC2_E024_S08806_L0209,64.30711773456494
CEC2_E024_S09140_L0209,60.290256982519956
CEC2_E024_S08542_L0209,64.88393308760008
CEC2_E024_S09672_L0209,79.79995838176248
CEC2_E024_S09996_L0209,68.0092152293955
CEC2_E024_S08502_L0209,13.393927789012261
CEC2_E024_S09130_L0209,70.82529123280304
CEC2_E024_S09984_L0209,70.7707593379571
CEC2_E024_S09857_L0209,67.39105433837614
CEC2_E024_S09663_L0209,15.909990345835192
CEC2_E024_S09671_L0209,79.70155857062679
CEC2_E024_S09456_L0209,63.5301513198208
CEC2_E024_S09403_L0209,72.12157520621615
CEC2_E024_S09392_L0209,69.58584998990055
CEC2_E024_S08652_L0209,75.15701184165162
CEC2_E024_S09645_L0209,78.5595613984722
CEC2_E024_S09296_L0209,88.95667813484842
CEC2_E024_S09979_L0209,17.58566227860895
CEC2_E024_S09271_L0209,84.73090725441224
CEC2_E024_S09817_L0209,24.71867868737985
CEC2_E024_S09332_L0209,88.00046659999897
CEC2_E024_S09455_L0209,82.9264216377702
CEC2_E024_S09838_L0209,85.40599630074745
CEC2_E024_S08597_L0209,89.41738246230524
CEC2_E024_S08855_L0209,61.14382664606904
CEC2_E024_S09156_L0209,83.24103194029195
CEC2_E024_S09515_L0209,58.026595643615295
CEC2_E024_S08519_L0209,11.55812117231682
CEC2_E024_S09308_L0209,77.19900498142077
CEC2_E024_S09686_L0209,88.46369537396318
CEC2_E024_S09188_L0209,37.02702709231886
CEC2_E024_S09541_L0209,12.25517471685833
CEC2_E024_S08677_L0209,89.48546967780716
CEC2_E024_S09913_L0209,89.54052513541376
CEC2_E024_S08801_L0209,16.02289906825703
CEC2_E024_S09842_L0209,79.66937394800694
CEC2_E024_S09600_L0209,75.23294511491937
CEC2_E024_S09929_L0209,76.86567719917954
CEC2_E024_S09991_L0209,89.59503940022
CEC2_E024_S09039_L0209,11.868897618372236
CEC2_E024_S09971_L0209,50.80691525021142
CEC2_E024_S09808_L0209,73.28254901250193
CEC2_E024_S09884_L0209,81.0715702909867
CEC2_E024_S09287_L0209,51.420811159499365
CEC2_E024_S08947_L0209,74.99619758554627
CEC2_E024_S09594_L0209,54.332567462870244
CEC2_E024_S08574_L0209,74.53863519354213
CEC2_E024_S09078_L0209,62.090875162276035
CEC2_E024_S08555_L0209,78.58275100302825
CEC2_E024_S09612_L0209,44.72651388831649
CEC2_E031_S09112_L0209,59.07247342153828
CEC2_E031_S08607_L0209,79.206594394291
CEC2_E031_S08637_L0209,77.99706657525131
CEC2_E031_S09096_L0209,65.44910693409047
CEC2_E031_S09997_L0209,87.4204669308766
CEC2_E031_S09709_L0209,83.0641823426351
CEC2_E031_S09314_L0209,25.379043174561147
CEC2_E031_S08505_L0209,27.65991192003982
CEC2_E031_S09194_L0209,89.19037495415928
CEC2_E031_S09725_L0209,73.40441547165652
CEC2_E031_S08721_L0209,88.70852524078614
CEC2_E031_S08556_L0209,87.85622310117854
CEC2_E031_S09897_L0209,77.30431780269204
CEC2_E031_S08736_L0209,87.8498940396237
CEC2_E031_S09373_L0209,83.1852917617422
CEC2_E031_S09213_L0209,85.03786330446705
CEC2_E031_S09777_L0209,47.395236447886255
CEC2_E031_S09730_L0209,87.62586878329778
CEC2_E031_S09841_L0209,66.42388905318523
CEC2_E031_S09928_L0209,81.73225437012883
CEC2_E031_S09898_L0209,85.09667409129398
CEC2_E031_S08804_L0209,75.28502984920794
CEC2_E031_S08844_L0209,88.79327251924549
CEC2_E031_S09638_L0209,84.9637355522839
CEC2_E031_S09280_L0209,87.43713806978553
CEC2_E031_S09850_L0209,89.19034818877854
CEC2_E031_S08651_L0209,70.93464232094374
CEC2_E031_S08503_L0209,82.77793828272786
CEC2_E031_S09057_L0209,88.50955133779459
CEC2_E031_S08671_L0209,85.57743238762899
CEC2_E031_S08840_L0209,83.59312021518599
CEC2_E031_S09106_L0209,89.30002562159676
CEC2_E031_S09930_L0209,87.5591017176625
CEC2_E031_S09762_L0209,88.56669812843175
CEC2_E031_S08959_L0209,75.84147377220928
CEC2_E031_S08920_L0209,87.36922796980542
CEC2_E031_S09534_L0209,89.11975756285769
CEC2_E031_S09955_L0209,89.06600354150544
CEC2_E031_S09637_L0209,89.06188383099686
CEC2_E031_S08702_L0209,89.06910595678626
CEC2_E031_S09782_L0209,88.86724175163667
CEC2_E031_S09813_L0209,89.04550356989067
CEC2_E031_S09880_L0209,89.31055707132138
CEC2_E031_S09016_L0209,85.61345757206514
CEC2_E031_S08776_L0209,68.4436430373768
CEC2_E031_S08910_L0209,89.3210890162557
CEC2_E031_S08501_L0209,89.30594264351409
CEC2_E031_S09653_L0209,88.68455405684436
CEC2_E031_S08759_L0209,89.2978598358985
CEC2_E031_S09048_L0209,88.63681443363755
CEC2_E031_S09080_L0209,89.32031276008436
CEC2_E031_S09660_L0209,88.94082415615466
CEC2_E031_S09284_L0209,88.83666046790069
CEC2_E031_S08690_L0209,88.87196060332327
CEC2_E031_S09006_L0209,86.90696153571594
CEC2_E031_S08535_L0209,88.02188739843936
CEC2_E031_S08576_L0209,89.26004565170358
CEC2_E031_S09338_L0209,86.98835598725616
CEC2_E031_S09582_L0209,89.20153229986529
CEC2_E031_S09697_L0209,88.47077055003916
CEC2_E032_S09393_L0209,53.439010701412165
CEC2_E032_S09121_L0209,62.72128493359258
CEC2_E032_S08704_L0209,36.03627972122848
CEC2_E032_S09489_L0209,27.681358986607403
CEC2_E032_S09685_L0209,33.08662265645588
CEC2_E032_S09159_L0209,38.37657222266781
CEC2_E032_S08826_L0209,25.083619810357444
CEC2_E032_S09605_L0209,77.02568037837224
CEC2_E032_S09835_L0209,67.71657117870733
CEC2_E032_S09171_L0209,52.08597982349074
CEC2_E032_S09341_L0209,62.964518963411706
CEC2_E032_S09837_L0209,45.81968028673864
CEC2_E032_S08984_L0209,67.166924791555
CEC2_E032_S09225_L0209,11.711384715726679
CEC2_E032_S08874_L0209,53.923490558484346
CEC2_E032_S09966_L0209,27.38959791084285
CEC2_E032_S09763_L0209,68.41849549374342
CEC2_E032_S09607_L0209,84.57601520839897
CEC2_E032_S08635_L0209,15.274491534121855
CEC2_E032_S09883_L0209,45.01372245444006
CEC2_E032_S09245_L0209,45.37071654777778
CEC2_E032_S08743_L0209,45.8907020650637
CEC2_E032_S09364_L0209,81.15615646592393
CEC2_E032_S09210_L0209,67.4081226406214
CEC2_E032_S08926_L0209,11.264215063742206
CEC2_E032_S09555_L0209,42.734249943491555
CEC2_E032_S09336_L0209,70.376274864148
CEC2_E032_S08931_L0209,86.84102473387358
CEC2_E032_S09497_L0209,87.60516086452702
CEC2_E032_S09376_L0209,76.7176891588439
CEC2_E032_S08782_L0209,84.72630533778944
CEC2_E032_S09425_L0209,87.45039913282714
CEC2_E032_S09099_L0209,32.01728646226739
CEC2_E032_S08585_L0209,21.354575831221727
CEC2_E032_S09144_L0209,79.31510361707593
CEC2_E032_S09754_L0209,87.98637150544407
CEC2_E032_S09629_L0209,55.3449528748805
CEC2_E032_S09508_L0209,74.59259431215388
CEC2_E032_S09976_L0209,48.18320060280646
CEC2_E032_S09052_L0209,28.719569143830228
CEC2_E032_S09826_L0209,15.775835016083049
CEC2_E032_S08627_L0209,23.877527648346526
CEC2_E032_S09430_L0209,44.76621847844523
CEC2_E032_S09101_L0209,11.387062715328966
CEC2_E032_S09789_L0209,26.060015512753424
CEC2_E032_S09118_L0209,89.00643105549628
CEC2_E032_S09221_L0209,13.688574170385323
CEC2_E032_S08526_L0209,20.406738967397615
CEC2_E032_S09719_L0209,73.66730216601547
CEC2_E032_S08998_L0209,73.96552075357255
CEC2_E032_S08530_L0209,44.994645243586135
CEC2_E032_S09889_L0209,11.342135023205612
CEC2_E032_S09357_L0209,47.433236426683266
CEC2_E032_S09734_L0209,15.277727770038842
CEC2_E032_S08788_L0209,14.958120227396877
CEC2_E032_S09908_L0209,86.28989610775649
CEC2_E032_S09547_L0209,71.61895012557852
CEC2_E032_S09949_L0209,58.441985115199444
CEC2_E032_S08753_L0209,87.2601684516096
CEC2_E032_S09986_L0209,85.7127180935053
CEC2_E036_S09819_L0209,72.7087772000613
CEC2_E036_S09591_L0209,42.48679959330949
CEC2_E036_S09891_L0209,65.21302998805962
CEC2_E036_S09461_L0209,15.470064207942526
CEC2_E036_S09353_L0209,50.78409292554231
CEC2_E036_S08857_L0209,42.67670646087205
CEC2_E036_S09517_L0209,69.32711042806575
CEC2_E036_S08673_L0209,37.86716849952024
CEC2_E036_S09191_L0209,66.12652054231943
CEC2_E036_S08879_L0209,71.83641007334819
CEC2_E036_S08825_L0209,58.536922082195645
CEC2_E036_S08703_L0209,39.15357055334395
CEC2_E036_S09804_L0209,79.61228578931637
CEC2_E036_S08509_L0209,56.73789217319441
CEC2_E036_S08864_L0209,68.73268310550883
CEC2_E036_S09683_L0209,69.4967213558034
CEC2_E036_S09148_L0209,56.75019128465251
CEC2_E036_S09668_L0209,72.35584688098015
CEC2_E036_S08618_L0209,41.88770048102437
CEC2_E036_S09502_L0209,61.02109503652178
CEC2_E036_S08715_L0209,68.83215748785852
CEC2_E036_S09097_L0209,66.26719689908474
CEC2_E036_S09867_L0209,48.08362981881352
CEC2_E036_S09095_L0209,21.414541995449426
CEC2_E036_S08973_L0209,83.04091502285628
CEC2_E036_S09301_L0209,80.12097623136017
CEC2_E036_S08999_L0209,76.8589906954131
CEC2_E036_S09421_L0209,77.57398901686201
CEC2_E036_S08617_L0209,60.94736823819831
CEC2_E036_S09200_L0209,72.22971392956558
CEC2_E036_S08537_L0209,86.39299031844256
CEC2_E036_S09407_L0209,79.43709319620294
CEC2_E036_S09737_L0209,54.27978869025591
CEC2_E036_S09168_L0209,57.27318974744023
CEC2_E036_S09882_L0209,42.79366223975303
CEC2_E036_S09999_L0209,76.78855887983653
CEC2_E036_S08919_L0209,85.34299178237245
CEC2_E036_S09692_L0209,59.700131853417815
CEC2_E036_S09247_L0209,72.74539138127221
CEC2_E036_S09822_L0209,45.68149956758784
CEC2_E036_S09236_L0209,64.26069434495052
CEC2_E036_S08817_L0209,38.98928101779753
CEC2_E036_S09585_L0209,68.6885156947698
CEC2_E036_S09143_L0209,37.66660181711804
CEC2_E036_S09736_L0209,64.21809353895225
CEC2_E036_S08991_L0209,11.234741233621115
CEC2_E036_S09440_L0209,87.24620451030033
CEC2_E036_S09177_L0209,62.32301937401608
CEC2_E036_S08639_L0209,47.4178034254707
CEC2_E036_S09289_L0209,49.52997841355227
CEC2_E036_S09108_L0209,14.925070209367208
CEC2_E036_S09694_L0209,89.33264781149668
CEC2_E036_S08580_L0209,80.86305272781688
CEC2_E036_S08832_L0209,85.92040713677126
CEC2_E036_S08866_L0209,81.69982661652004
CEC2_E036_S09750_L0209,63.88586618606065
CEC2_E036_S09132_L0209,57.50091171608501
CEC2_E036_S09565_L0209,69.44287405372846
CEC2_E036_S09611_L0209,72.07677845768599
CEC2_E036_S08575_L0209,78.89461702878803
CEC2_E037_S09079_L0209,82.66987934182166
CEC2_E037_S09917_L0209,69.03545726441405
CEC2_E037_S09800_L0209,88.32045761976353
CEC2_E037_S08846_L0209,88.01914485818851
CEC2_E037_S09553_L0209,85.22680287793085
CEC2_E037_S09134_L0209,54.22674620084989
CEC2_E037_S09167_L0209,81.54107281170756
CEC2_E037_S08662_L0209,15.602872486841699
CEC2_E037_S09780_L0209,76.30678507833235
CEC2_E037_S09459_L0209,70.5684774544497
CEC2_E037_S08590_L0209,86.12214150297896
CEC2_E037_S08927_L0209,83.67271100289061
CEC2_E037_S09481_L0209,74.96039532672646
CEC2_E037_S08513_L0209,74.3593881897588
CEC2_E037_S09596_L0209,82.63093351804272
CEC2_E037_S09675_L0209,89.05703904949716
CEC2_E037_S09003_L0209,66.43369429510062
CEC2_E037_S08908_L0209,51.99086940775169
CEC2_E037_S08807_L0209,83.60992910831607
CEC2_E037_S09624_L0209,50.47295274904332
CEC2_E037_S08650_L0209,77.82474967785232
CEC2_E037_S09151_L0209,76.13101058556911
CEC2_E037_S09457_L0209,84.93247010757385
CEC2_E037_S08994_L0209,79.94016680082846
CEC2_E037_S08606_L0209,66.08193899872481
CEC2_E037_S09593_L0209,76.58410676442325
CEC2_E037_S08623_L0209,79.05056290379777
CEC2_E037_S08862_L0209,59.67098217216611
CEC2_E037_S08668_L0209,13.431772677150228
CEC2_E037_S09764_L0209,81.58304561500134
CEC2_E037_S08917_L0209,75.50131002912144
CEC2_E037_S09058_L0209,78.80068549248668
CEC2_E037_S09322_L0209,17.516914098658134
CEC2_E037_S09204_L0209,87.77625896791267
CEC2_E037_S08810_L0209,78.58168209079135
CEC2_E037_S09150_L0209,87.96868197198094
CEC2_E037_S08809_L0209,67.0718869232239
CEC2_E037_S09652_L0209,84.57087418374815
CEC2_E037_S09599_L0209,88.96819854516411
CEC2_E037_S08893_L0209,63.60083601814661
CEC2_E037_S09158_L0209,43.28481774828859
CEC2_E037_S09488_L0209,86.62558218918092
CEC2_E037_S08701_L0209,72.87922711704618
CEC2_E037_S09985_L0209,69.3453175548964
CEC2_E037_S08750_L0209,86.98277681556861
CEC2_E037_S08572_L0209,13.557783233793195
CEC2_E037_S08745_L0209,88.19491859570321
CEC2_E037_S09844_L0209,33.83552774861309
CEC2_E037_S08845_L0209,44.16112578430387
CEC2_E037_S09363_L0209,50.75878292101246
CEC2_E037_S09606_L0209,86.67528537869326
CEC2_E037_S09811_L0209,74.35961232059351
CEC2_E037_S09270_L0209,53.185375377743235
CEC2_E037_S09982_L0209,84.18335677730119
CEC2_E037_S08956_L0209,89.07911557794313
CEC2_E037_S08958_L0209,80.0644110842165
CEC2_E037_S09760_L0209,75.09893976217036
CEC2_E037_S09726_L0209,87.67425803890666
CEC2_E037_S09460_L0209,15.390606054413599
CEC2_E037_S09677_L0209,85.23769539325026
CEC2_E038_S09705_L0209,53.84687869556522
CEC2_E038_S09161_L0209,70.6902842095143
CEC2_E038_S09951_L0209,63.39272934696812
CEC2_E038_S08792_L0209,74.2571620010352
CEC2_E038_S08892_L0209,62.8434038110327
CEC2_E038_S09377_L0209,20.433335568223832
CEC2_E038_S09354_L0209,51.637712023968405
CEC2_E038_S09866_L0209,25.979482547668077
CEC2_E038_S09432_L0209,31.964737434915328
CEC2_E038_S08570_L0209,11.926839393573655
CEC2_E038_S09537_L0209,48.40488537313881
CEC2_E038_S09640_L0209,55.192186344128764
CEC2_E038_S09707_L0209,22.303588157599883
CEC2_E038_S08793_L0209,79.58042277806312
CEC2_E038_S09981_L0209,81.87441266852296
CEC2_E038_S08727_L0209,57.465077685748305
CEC2_E038_S08528_L0209,83.04923731940578
CEC2_E038_S09667_L0209,11.206378597532849
CEC2_E038_S09342_L0209,19.089860401440728
CEC2_E038_S09834_L0209,38.29209871603379
CEC2_E038_S08854_L0209,69.65888918664821
CEC2_E038_S09510_L0209,28.793615550940896
CEC2_E038_S09043_L0209,71.95167874159489
CEC2_E038_S09519_L0209,63.34193140545368
CEC2_E038_S09644_L0209,79.50445937613243
CEC2_E038_S08887_L0209,14.897912324041965
CEC2_E038_S09603_L0209,78.92232418522208
CEC2_E038_S09587_L0209,39.68651738229026
CEC2_E038_S09477_L0209,16.786798114713996
CEC2_E038_S09523_L0209,40.91709188187704
CEC2_E038_S09065_L0209,27.33926126997653
CEC2_E038_S08643_L0209,87.65515794030951
CEC2_E038_S09689_L0209,11.140763807776422
CEC2_E038_S08707_L0209,88.7943971984594
CEC2_E038_S09024_L0209,63.317283638079864
CEC2_E038_S09865_L0209,52.321067853183436
CEC2_E038_S09896_L0209,69.20582635563206
CEC2_E038_S09081_L0209,13.461721059111989
CEC2_E038_S08763_L0209,71.29041199312819
CEC2_E038_S08812_L0209,11.391805295425495
CEC2_E038_S09722_L0209,11.150070908824116
CEC2_E038_S09076_L0209,12.149374309275766
CEC2_E038_S08989_L0209,70.02789025719262
CEC2_E038_S09438_L0209,20.557713718988452
CEC2_E038_S09370_L0209,82.96616104886448
CEC2_E038_S08770_L0209,88.22974152150532
CEC2_E038_S09125_L0209,42.51465092220531
CEC2_E038_S09258_L0209,89.13835444942059
CEC2_E038_S08553_L0209,14.58153424559415
CEC2_E038_S08775_L0209,86.62929839697907
CEC2_E038_S08966_L0209,11.45411261981193
CEC2_E038_S09001_L0209,62.63823539243953
CEC2_E038_S09273_L0209,68.9287963736343
CEC2_E038_S08940_L0209,87.67852922070615
CEC2_E038_S09110_L0209,66.03123864444468
CEC2_E038_S09321_L0209,11.414502846451587
CEC2_E038_S09768_L0209,18.609875289767015
CEC2_E038_S09903_L0209,86.19289450365447
CEC2_E038_S08890_L0209,88.58994936143175
CEC2_E038_S09821_L0209,85.3595671511185
CEC2_E001_S08546_L0212,21.913297498683704
CEC2_E001_S08969_L0212,10.911781513044783
CEC2_E001_S09294_L0212,25.060928379875822
CEC2_E001_S09230_L0212,10.348332167893702
CEC2_E001_S08853_L0212,21.278691253008702
CEC2_E001_S09786_L0212,11.30400447690187
CEC2_E001_S08628_L0212,10.396280719295387
CEC2_E001_S09441_L0212,17.357724512388828
CEC2_E001_S09748_L0212,10.40997133247683
CEC2_E001_S09256_L0212,41.36658969154436
CEC2_E001_S09656_L0212,15.596902773481233
CEC2_E001_S08583_L0212,68.19757194177184
CEC2_E001_S09987_L0212,17.874456786825007
CEC2_E001_S08837_L0212,34.05292667044922
CEC2_E001_S08902_L0212,16.421635102252292
CEC2_E001_S08525_L0212,13.779880776351135
CEC2_E001_S09661_L0212,46.964233282697336
CEC2_E001_S08970_L0212,14.646968987454162
CEC2_E001_S09473_L0212,10.331888223855165
CEC2_E001_S09307_L0212,74.87487793623013
CEC2_E001_S09511_L0212,67.02476722904474
CEC2_E001_S09401_L0212,10.189364452064341
CEC2_E001_S08710_L0212,33.2670714538703
CEC2_E001_S09514_L0212,10.65812275119166
CEC2_E001_S09875_L0212,10.389542060853866
CEC2_E001_S08849_L0212,19.852200500342526
CEC2_E001_S09799_L0212,19.213600191073976
CEC2_E001_S09390_L0212,50.13157660642104
CEC2_E001_S09442_L0212,17.0215755533689
CEC2_E001_S09335_L0212,23.481113491348662
CEC2_E001_S09093_L0212,36.02681739623898
CEC2_E001_S09465_L0212,84.69104096965188
CEC2_E001_S09564_L0212,16.38128284591327
CEC2_E001_S09815_L0212,27.06270967584284
CEC2_E001_S09325_L0212,11.630059527613044
CEC2_E001_S09598_L0212,30.05665241032983
CEC2_E001_S08647_L0212,14.120939631854217
CEC2_E001_S09365_L0212,10.533686945101405
CEC2_E001_S09957_L0212,10.487373301184434
CEC2_E001_S09427_L0212,10.370593800101583
CEC2_E001_S09676_L0212,10.43149819831769
CEC2_E001_S09905_L0212,14.117283232137774
CEC2_E001_S08778_L0212,29.454749710190622
CEC2_E001_S08921_L0212,10.588127465783693
CEC2_E001_S09662_L0212,54.00888166327853
CEC2_E001_S09027_L0212,52.714555997311635
CEC2_E001_S09532_L0212,46.574839817991574
CEC2_E001_S09032_L0212,10.742991123440627
CEC2_E001_S09641_L0212,55.796538112695416
CEC2_E001_S09310_L0212,35.89366628866805
CEC2_E001_S09418_L0212,10.55512815283659
CEC2_E001_S09863_L0212,10.785424556016991
CEC2_E001_S08614_L0212,10.665661683890091
CEC2_E001_S08615_L0212,10.440482850697903
CEC2_E001_S09004_L0212,18.3523650313027
CEC2_E001_S09872_L0212,10.227209746170585
CEC2_E001_S08695_L0212,11.072815573971916
CEC2_E001_S09298_L0212,11.416887766541025
CEC2_E001_S09852_L0212,61.349043578420506
CEC2_E001_S08789_L0212,53.6372471998916
CEC2_E008_S08784_L0212,13.846190758744488
CEC2_E008_S08829_L0212,54.37981616236228
CEC2_E008_S09033_L0212,15.723962312394953
CEC2_E008_S09749_L0212,31.662406557616688
CEC2_E008_S09632_L0212,81.57954941831488
CEC2_E008_S09601_L0212,29.061540945007017
CEC2_E008_S09233_L0212,16.013417277409722
CEC2_E008_S08696_L0212,57.15776596072773
CEC2_E008_S09636_L0212,74.53225101805448
CEC2_E008_S08649_L0212,87.76023466249963
CEC2_E008_S09114_L0212,61.66248934275711
CEC2_E008_S09128_L0212,12.899819118014712
CEC2_E008_S09576_L0212,13.446048624216239
CEC2_E008_S09088_L0212,28.294874055093864
CEC2_E008_S09053_L0212,79.96950817753891
CEC2_E008_S09657_L0212,70.04526412483531
CEC2_E008_S09445_L0212,59.53759233904517
CEC2_E008_S08544_L0212,21.98490825487969
CEC2_E008_S08725_L0212,87.45090652965037
CEC2_E008_S09277_L0212,69.42378032527
CEC2_E008_S09226_L0212,86.78074604602264
CEC2_E008_S08565_L0212,20.023566768656597
CEC2_E008_S08851_L0212,87.93392562065085
CEC2_E008_S09945_L0212,20.524870260689653
CEC2_E008_S08842_L0212,78.66050258246368
CEC2_E008_S08914_L0212,70.03994867124503
CEC2_E008_S09435_L0212,11.183750043227763
CEC2_E008_S09102_L0212,59.284220255439244
CEC2_E008_S09220_L0212,64.27479433593818
CEC2_E008_S09309_L0212,86.8201048369789
CEC2_E008_S09163_L0212,42.95153895516864
CEC2_E008_S09610_L0212,55.7116080060711
CEC2_E008_S09972_L0212,81.210036646756
CEC2_E008_S09117_L0212,12.133385179972787
CEC2_E008_S08838_L0212,25.129346597031798
CEC2_E008_S09318_L0212,57.45394671347808
CEC2_E008_S09513_L0212,85.59135784864547
CEC2_E008_S08551_L0212,75.34820136167228
CEC2_E008_S09029_L0212,53.70149600598083
CEC2_E008_S09630_L0212,80.20539521140293
CEC2_E008_S08964_L0212,46.91404531627358
CEC2_E008_S09422_L0212,11.491106670696386
CEC2_E008_S09885_L0212,87.62355893619696
CEC2_E008_S08978_L0212,64.80248783594215
CEC2_E008_S08581_L0212,86.47019759595516
CEC2_E008_S09967_L0212,12.160988286319824
CEC2_E008_S08533_L0212,79.73719498078368
CEC2_E008_S09268_L0212,11.286991764629708
CEC2_E008_S09458_L0212,77.61385500278595
CEC2_E008_S09820_L0212,25.924253372494583
CEC2_E008_S09160_L0212,87.02978276416094
CEC2_E008_S09439_L0212,88.13978450487794
CEC2_E008_S09046_L0212,23.17785945730714
CEC2_E008_S09172_L0212,88.78554579497417
CEC2_E008_S09388_L0212,88.17914648395116
CEC2_E008_S09774_L0212,58.998812957518695
CEC2_E008_S09758_L0212,80.81871698487679
CEC2_E008_S09592_L0212,47.82051020644853
CEC2_E008_S08897_L0212,61.32533172308948
CEC2_E008_S09795_L0212,12.40817765365079
CEC2_E009_S09620_L0212,88.89661195427557
CEC2_E009_S09648_L0212,82.63286572712725
CEC2_E009_S08764_L0212,88.9193695156919
CEC2_E009_S08584_L0212,88.59615733146583
CEC2_E009_S09326_L0212,88.94678492274883
CEC2_E009_S09778_L0212,88.67995117828347
CEC2_E009_S09932_L0212,88.81204706995295
CEC2_E009_S09327_L0212,88.76787068441698
CEC2_E009_S08744_L0212,84.74607501858827
CEC2_E009_S08561_L0212,88.76147420576751
CEC2_E009_S09535_L0212,84.91215883180318
CEC2_E009_S09678_L0212,88.68671470714055
CEC2_E009_S09712_L0212,88.82905355954303
CEC2_E009_S08850_L0212,88.93476300120199
CEC2_E009_S09989_L0212,88.95725238853532
CEC2_E009_S09853_L0212,88.8749615341072
CEC2_E009_S09285_L0212,88.89768756095894
CEC2_E009_S09816_L0212,88.77994769372197
CEC2_E009_S09743_L0212,88.93562910346773
CEC2_E009_S09646_L0212,88.94616227209869
CEC2_E009_S09759_L0212,88.93452287729586
CEC2_E009_S08610_L0212,88.31322044309071
CEC2_E009_S09761_L0212,88.51989308590649
CEC2_E009_S09248_L0212,88.80492288882996
CEC2_E009_S09339_L0212,88.53117086981064
CEC2_E009_S09870_L0212,88.08954146526926
CEC2_E009_S08746_L0212,88.57152642335221
CEC2_E009_S09720_L0212,84.2640937963218
CEC2_E009_S09091_L0212,88.95403708586474
CEC2_E009_S09570_L0212,87.95432859462235
CEC2_E009_S09361_L0212,88.87216229181956
CEC2_E009_S09501_L0212,88.95893190379653
CEC2_E009_S09205_L0212,88.88437940373193
CEC2_E009_S09877_L0212,88.89091179711303
CEC2_E009_S09933_L0212,88.93575681285408
CEC2_E009_S09650_L0212,88.95543407330155
CEC2_E009_S09449_L0212,88.95930962120455
CEC2_E009_S08567_L0212,88.85778351871055
CEC2_E009_S09836_L0212,88.95665500171157
CEC2_E009_S09856_L0212,88.8396471803906
CEC2_E009_S08726_L0212,88.91073799719544
CEC2_E009_S08731_L0212,88.88498427135926
CEC2_E009_S09041_L0212,88.94424015566177
CEC2_E009_S09352_L0212,88.95901868941654
CEC2_E009_S08730_L0212,88.8923066282555
CEC2_E009_S09567_L0212,88.93442399032817
CEC2_E009_S09557_L0212,88.9349497261167
CEC2_E009_S08923_L0212,76.60552521555313
CEC2_E009_S08785_L0212,88.94754278823841
CEC2_E009_S09275_L0212,88.95586462942583
CEC2_E009_S09478_L0212,88.92416867672732
CEC2_E009_S09944_L0212,88.763722123564
CEC2_E009_S08787_L0212,88.29233366227282
CEC2_E009_S08631_L0212,88.88431980305282
CEC2_E009_S08514_L0212,88.71378609880574
CEC2_E009_S08835_L0212,88.90448359861226
CEC2_E009_S09069_L0212,88.92779634226974
CEC2_E009_S08636_L0212,88.96136196559175
CEC2_E009_S09089_L0212,88.51054021042631
CEC2_E009_S08997_L0212,88.85968616558324
CEC2_E022_S08846_L0212,88.76550744026234
CEC2_E022_S09553_L0212,78.28444251953701
CEC2_E022_S09079_L0212,83.26778574902214
CEC2_E022_S08662_L0212,18.750268772930713
CEC2_E022_S09800_L0212,82.87123245634766
CEC2_E022_S09167_L0212,84.7939471318715
CEC2_E022_S09780_L0212,76.88533137866516
CEC2_E022_S09134_L0212,55.62898560330036
CEC2_E022_S09459_L0212,76.7699644992947
CEC2_E022_S09917_L0212,71.24215223024157
CEC2_E022_S08927_L0212,83.31096839907836
CEC2_E022_S09003_L0212,70.43883646107275
CEC2_E022_S08513_L0212,73.83777237134386
CEC2_E022_S08807_L0212,83.95140909404601
CEC2_E022_S09481_L0212,84.51935429567139
CEC2_E022_S09624_L0212,57.350062366276646
CEC2_E022_S08908_L0212,65.51484348815531
CEC2_E022_S09675_L0212,89.36942076852662
CEC2_E022_S08590_L0212,84.28336001625131
CEC2_E022_S09596_L0212,85.9708860202621
CEC2_E022_S08994_L0212,82.41819931603715
CEC2_E022_S08606_L0212,50.63086360652934
CEC2_E022_S08668_L0212,27.132809375919532
CEC2_E022_S09457_L0212,88.92441898763121
CEC2_E022_S08650_L0212,81.34298287340728
CEC2_E022_S09593_L0212,83.52334698568005
CEC2_E022_S09764_L0212,82.85385789093505
CEC2_E022_S08623_L0212,85.38208959345427
CEC2_E022_S09151_L0212,83.00932849968991
CEC2_E022_S08862_L0212,68.0875139811352
CEC2_E022_S09150_L0212,81.81222614721835
CEC2_E022_S09652_L0212,88.27220142625735
CEC2_E022_S09058_L0212,76.03046535945151
CEC2_E022_S08893_L0212,76.26976617278262
CEC2_E022_S09599_L0212,89.27513992039817
CEC2_E022_S08917_L0212,80.72792756103539
CEC2_E022_S08810_L0212,72.32315371320928
CEC2_E022_S09204_L0212,87.90117212205972
CEC2_E022_S08809_L0212,64.87402160429049
CEC2_E022_S09322_L0212,33.21816986202982
CEC2_E022_S08745_L0212,88.72849487284049
CEC2_E022_S08750_L0212,88.95012197334174
CEC2_E022_S09363_L0212,88.06257082127024
CEC2_E022_S08572_L0212,19.73510872100518
CEC2_E022_S08845_L0212,84.51083885402956
CEC2_E022_S08701_L0212,86.39135017926267
CEC2_E022_S09844_L0212,53.07403818309376
CEC2_E022_S09488_L0212,87.99101853717461
CEC2_E022_S09985_L0212,70.77206646730829
CEC2_E022_S09158_L0212,86.18636663214008
CEC2_E022_S09270_L0212,64.73954473516433
CEC2_E022_S09760_L0212,79.31788608125893
CEC2_E022_S09460_L0212,16.38494860190678
CEC2_E022_S09726_L0212,88.9037835460424
CEC2_E022_S09811_L0212,75.93726984610356
CEC2_E022_S09982_L0212,87.2708413851075
CEC2_E022_S09677_L0212,86.45897189352323
CEC2_E022_S08956_L0212,89.29914719909388
CEC2_E022_S09606_L0212,86.44304306970363
CEC2_E022_S08958_L0212,82.68971344734688
CEC2_E024_S08607_L0212,57.08747657879873
CEC2_E024_S09112_L0212,52.82156232479936
CEC2_E024_S08505_L0212,13.063951753251708
CEC2_E024_S09997_L0212,63.841841592269624
CEC2_E024_S08637_L0212,48.922182077321665
CEC2_E024_S09314_L0212,42.90706891795102
CEC2_E024_S09096_L0212,63.211419099594835
CEC2_E024_S09709_L0212,50.958352305588434
CEC2_E024_S09194_L0212,86.2357310360801
CEC2_E024_S09725_L0212,63.18290605364177
CEC2_E024_S09841_L0212,62.06764146500383
CEC2_E024_S08556_L0212,82.9271062678442
CEC2_E024_S09730_L0212,45.62761816398282
CEC2_E024_S09897_L0212,43.7835730818418
CEC2_E024_S09373_L0212,84.343296882081
CEC2_E024_S09777_L0212,51.22542409682823
CEC2_E024_S09928_L0212,71.4510184185349
CEC2_E024_S08736_L0212,82.7653324294705
CEC2_E024_S08721_L0212,87.45063271796738
CEC2_E024_S09213_L0212,71.66692600605433
CEC2_E024_S08651_L0212,76.13848265754214
CEC2_E024_S09850_L0212,83.14379770538636
CEC2_E024_S08671_L0212,63.142713111069526
CEC2_E024_S09057_L0212,71.7566655614606
CEC2_E024_S08844_L0212,66.0097918174338
CEC2_E024_S09638_L0212,15.558671714134325
CEC2_E024_S09898_L0212,31.960635784141093
CEC2_E024_S08804_L0212,59.370739340284906
CEC2_E024_S09280_L0212,57.3610661849159
CEC2_E024_S08503_L0212,62.62089534613091
CEC2_E024_S09930_L0212,87.78207789594711
CEC2_E024_S09534_L0212,78.86846049152687
CEC2_E024_S09955_L0212,86.11419444867727
CEC2_E024_S08840_L0212,40.8423210206
CEC2_E024_S09637_L0212,88.58323504290264
CEC2_E024_S08920_L0212,67.13232819365378
CEC2_E024_S09106_L0212,89.83339134551396
CEC2_E024_S09762_L0212,61.391040849997886
CEC2_E024_S08959_L0212,86.95227501979377
CEC2_E024_S08702_L0212,89.18418585161702
CEC2_E024_S09653_L0212,88.91959399088675
CEC2_E024_S09880_L0212,89.73262225676591
CEC2_E024_S09813_L0212,88.4391137733012
CEC2_E024_S08759_L0212,89.86260132201757
CEC2_E024_S09016_L0212,41.1255781157957
CEC2_E024_S09048_L0212,66.83122652273077
CEC2_E024_S09782_L0212,87.34527876378871
CEC2_E024_S08910_L0212,89.58861251446142
CEC2_E024_S08776_L0212,14.488726653239588
CEC2_E024_S08501_L0212,89.83726095859235
CEC2_E024_S09697_L0212,60.703947144131426
CEC2_E024_S09582_L0212,87.03706334157329
CEC2_E024_S08535_L0212,49.21327614019481
CEC2_E024_S08576_L0212,86.47251231408396
CEC2_E024_S09006_L0212,68.6595637948765
CEC2_E024_S08690_L0212,82.59920609055823
CEC2_E024_S09284_L0212,21.983975537707973
CEC2_E024_S09080_L0212,88.90477042223894
CEC2_E024_S09338_L0212,77.36681110979235
CEC2_E024_S09660_L0212,47.2430549699118
CEC2_E031_S09121_L0212,88.995936766269
CEC2_E031_S09393_L0212,86.85457387038149
CEC2_E031_S08826_L0212,88.6940273463453
CEC2_E031_S09159_L0212,69.31474742245456
CEC2_E031_S09171_L0212,87.82009446452874
CEC2_E031_S09605_L0212,87.97949020011998
CEC2_E031_S08704_L0212,67.45988248640943
CEC2_E031_S09835_L0212,88.27081769809254
CEC2_E031_S09685_L0212,88.01645771321368
CEC2_E031_S09489_L0212,67.63001690422836
CEC2_E031_S08874_L0212,87.0019015596651
CEC2_E031_S09966_L0212,66.77496230695357
CEC2_E031_S09883_L0212,81.79029415786695
CEC2_E031_S08635_L0212,82.95684608369379
CEC2_E031_S08984_L0212,89.19206894565708
CEC2_E031_S09837_L0212,75.5106064100976
CEC2_E031_S09607_L0212,89.19854674900485
CEC2_E031_S09763_L0212,87.93151856824919
CEC2_E031_S09225_L0212,11.972937015150173
CEC2_E031_S09341_L0212,76.56706065779747
CEC2_E031_S09497_L0212,89.32532266050872
CEC2_E031_S09210_L0212,82.67549234601745
CEC2_E031_S09376_L0212,89.08653572262229
CEC2_E031_S08743_L0212,85.41653012983429
CEC2_E031_S09364_L0212,70.4976305981246
CEC2_E031_S09555_L0212,88.28851001733516
CEC2_E031_S08931_L0212,89.33052348403598
CEC2_E031_S09336_L0212,86.53424476166849
CEC2_E031_S08926_L0212,57.480458984869806
CEC2_E031_S09245_L0212,85.81954738960842
CEC2_E031_S09144_L0212,89.38284590288735
CEC2_E031_S08585_L0212,73.51711465104225
CEC2_E031_S09508_L0212,89.30057300062076
CEC2_E031_S09425_L0212,88.79555367145323
CEC2_E031_S08782_L0212,89.40840638174804
CEC2_E031_S09052_L0212,89.29507339041461
CEC2_E031_S09629_L0212,89.41310866572304
CEC2_E031_S09976_L0212,82.3532052766576
CEC2_E031_S09099_L0212,88.47577812474037
CEC2_E031_S09754_L0212,89.24045548387164
CEC2_E031_S09826_L0212,88.8627332015577
CEC2_E031_S09719_L0212,89.23497867974928
CEC2_E031_S09101_L0212,16.944713537234467
CEC2_E031_S08526_L0212,81.36741480272624
CEC2_E031_S08998_L0212,89.35846915255841
CEC2_E031_S09789_L0212,88.96236083026751
CEC2_E031_S09430_L0212,89.28357128280567
CEC2_E031_S09118_L0212,89.41966439160046
CEC2_E031_S09221_L0212,85.00980122211077
CEC2_E031_S08627_L0212,89.4179393951827
CEC2_E031_S09357_L0212,88.62139824556176
CEC2_E031_S08530_L0212,62.27655961769907
CEC2_E031_S09986_L0212,89.35621981597234
CEC2_E031_S09889_L0212,15.217050122244313
CEC2_E031_S09949_L0212,88.79548038731185
CEC2_E031_S09908_L0212,88.81702068771352
CEC2_E031_S09734_L0212,83.77872008247485
CEC2_E031_S08788_L0212,43.784819313517474
CEC2_E031_S08753_L0212,89.33570346550923
CEC2_E031_S09547_L0212,89.22806679576483
CEC2_E032_S09191_L0212,76.30476891105019
CEC2_E032_S09461_L0212,30.693548518726022
CEC2_E032_S09591_L0212,63.451541252128585
CEC2_E032_S09353_L0212,45.33044273238215
CEC2_E032_S08879_L0212,63.32346111890324
CEC2_E032_S09891_L0212,66.78706128784353
CEC2_E032_S09819_L0212,80.08354549363638
CEC2_E032_S09517_L0212,15.74627400350724
CEC2_E032_S08857_L0212,11.955168773479597
CEC2_E032_S08673_L0212,16.523655757865132
CEC2_E032_S08703_L0212,13.408384132830406
CEC2_E032_S08825_L0212,56.932963681976325
CEC2_E032_S09502_L0212,23.41543999913082
CEC2_E032_S08509_L0212,62.78874426010502
CEC2_E032_S08618_L0212,20.422465483649802
CEC2_E032_S09668_L0212,75.21394289515226
CEC2_E032_S09683_L0212,62.953136607740696
CEC2_E032_S09804_L0212,65.38142197741803
CEC2_E032_S08864_L0212,56.968384275059414
CEC2_E032_S09148_L0212,25.700255020794387
CEC2_E032_S09095_L0212,11.971304562235114
CEC2_E032_S09421_L0212,44.89472638561481
CEC2_E032_S08999_L0212,76.1830170368216
CEC2_E032_S08715_L0212,76.16246155189627
CEC2_E032_S09200_L0212,74.3024571171936
CEC2_E032_S09867_L0212,17.98858797295698
CEC2_E032_S09097_L0212,78.55664582197048
CEC2_E032_S08617_L0212,61.04352622938148
CEC2_E032_S09301_L0212,73.34899107084397
CEC2_E032_S08973_L0212,15.51432110564263
CEC2_E032_S08919_L0212,71.00895725754019
CEC2_E032_S09247_L0212,62.67498357504289
CEC2_E032_S09407_L0212,46.73760061292185
CEC2_E032_S09692_L0212,44.336563749231864
CEC2_E032_S09168_L0212,23.04490992316603
CEC2_E032_S08537_L0212,86.50236300692086
CEC2_E032_S09822_L0212,19.91431776571828
CEC2_E032_S09737_L0212,47.79429283388159
CEC2_E032_S09882_L0212,13.536686486828659
CEC2_E032_S09999_L0212,73.83129730165939
CEC2_E032_S09177_L0212,19.844929677887738
CEC2_E032_S08639_L0212,43.97453473183565
CEC2_E032_S09440_L0212,82.0411740620473
CEC2_E032_S08991_L0212,11.892361831695249
CEC2_E032_S09736_L0212,14.372861442335271
CEC2_E032_S09132_L0212,27.316043550360014
CEC2_E032_S09611_L0212,85.05061024338596
CEC2_E032_S08575_L0212,66.63297079201955
CEC2_E032_S09750_L0212,85.02719824229098
CEC2_E032_S09694_L0212,80.74470288203064
CEC2_E032_S09108_L0212,13.041981591423914
CEC2_E032_S08580_L0212,80.73478714410743
CEC2_E032_S09565_L0212,65.1342352317912
CEC2_E032_S08866_L0212,77.68689217993781
CEC2_E032_S08832_L0212,47.64597101841567
CEC2_E036_S09432_L0212,12.569253787196658
CEC2_E036_S08792_L0212,67.78835780992466
CEC2_E036_S09377_L0212,51.35970910310899
CEC2_E036_S08570_L0212,59.40613592617313
CEC2_E036_S09354_L0212,58.81166398911173
CEC2_E036_S09161_L0212,53.5463674654248
CEC2_E036_S09951_L0212,65.51801202176149
CEC2_E036_S09705_L0212,87.43401762311996
CEC2_E036_S09866_L0212,54.13490691634206
CEC2_E036_S08892_L0212,65.45315361289911
CEC2_E036_S08727_L0212,55.972040271236445
CEC2_E036_S09834_L0212,71.48478200236161
CEC2_E036_S09707_L0212,80.49989924496855
CEC2_E036_S09981_L0212,69.68716035552255
CEC2_E036_S09640_L0212,72.96354208438962
CEC2_E036_S08793_L0212,69.62804837433673
CEC2_E036_S09537_L0212,22.22490424977217
CEC2_E036_S09667_L0212,21.44984797746149
CEC2_E036_S09342_L0212,39.460755530324114
CEC2_E036_S08528_L0212,85.55606649881243
CEC2_E036_S09587_L0212,70.84969766679414
CEC2_E036_S09523_L0212,65.34329841510286
CEC2_E036_S09510_L0212,54.33387476054269
CEC2_E036_S09603_L0212,80.06586225243473
CEC2_E036_S09043_L0212,68.52838601845222
CEC2_E036_S09644_L0212,72.32778367964502
CEC2_E036_S08887_L0212,62.20680237004862
CEC2_E036_S09519_L0212,74.28855621438085
CEC2_E036_S08854_L0212,66.2085086642884
CEC2_E036_S09477_L0212,51.432882338911526
CEC2_E036_S09689_L0212,62.75816433343381
CEC2_E036_S08707_L0212,85.92131692352656
CEC2_E036_S08643_L0212,85.67936087790709
CEC2_E036_S08763_L0212,57.93429733310576
CEC2_E036_S08812_L0212,43.847346910731325
CEC2_E036_S09024_L0212,80.63703504197193
CEC2_E036_S09258_L0212,89.40616392885649
CEC2_E036_S09722_L0212,11.835924732069142
CEC2_E036_S09438_L0212,76.03670191287688
CEC2_E036_S08989_L0212,54.32159287499427
CEC2_E036_S09076_L0212,36.4149101667107
CEC2_E036_S09125_L0212,72.76455191770282
CEC2_E036_S09370_L0212,70.69256266456826
CEC2_E036_S08775_L0212,85.70359139614324
CEC2_E036_S08553_L0212,85.93396234638973
CEC2_E036_S08770_L0212,81.16267881481141
CEC2_E036_S08940_L0212,80.5509526888878
CEC2_E036_S09110_L0212,61.267700678432576
CEC2_E036_S08966_L0212,12.654822180419917
CEC2_E036_S09001_L0212,56.99090514543113
CEC2_E036_S09768_L0212,38.529542176625725
CEC2_E036_S08890_L0212,87.62180393579486
CEC2_E036_S09821_L0212,83.64782356393043
CEC2_E036_S09903_L0212,76.58625115193553
CEC2_E036_S09273_L0212,60.774314996679486
CEC2_E036_S09321_L0212,34.02914418438671
CEC2_E037_S09504_L0212,12.434393424148142
CEC2_E037_S08847_L0212,88.92396629823412
CEC2_E037_S09832_L0212,78.08456937452767
CEC2_E037_S09443_L0212,22.255013759691487
CEC2_E037_S09469_L0212,59.84900396999273
CEC2_E037_S08663_L0212,61.664270880243535
CEC2_E037_S08577_L0212,87.0362781760361
CEC2_E037_S08735_L0212,57.44148120976023
CEC2_E037_S09193_L0212,67.80202052257877
CEC2_E037_S08768_L0212,82.7164221229903
CEC2_E037_S08806_L0212,72.71998832385411
CEC2_E037_S09130_L0212,49.51406555310474
CEC2_E037_S09663_L0212,88.10591182906923
CEC2_E037_S09984_L0212,51.84086587237303
CEC2_E037_S09140_L0212,87.4950704156451
CEC2_E037_S09857_L0212,69.54372376034895
CEC2_E037_S08542_L0212,88.21353268024389
CEC2_E037_S09996_L0212,81.18329094748032
CEC2_E037_S09672_L0212,88.15148181983673
CEC2_E037_S08502_L0212,68.82200161097515
CEC2_E037_S09296_L0212,88.0091716983827
CEC2_E037_S09979_L0212,36.06590510771536
CEC2_E037_S09671_L0212,84.13061144240773
CEC2_E037_S09456_L0212,82.8329141041449
CEC2_E037_S09271_L0212,86.39060356393986
CEC2_E037_S09403_L0212,69.40981699248282
CEC2_E037_S09817_L0212,42.3343841169961
CEC2_E037_S09645_L0212,87.3376422756473
CEC2_E037_S08652_L0212,72.86778658253023
CEC2_E037_S09392_L0212,73.83431096416392
CEC2_E037_S08519_L0212,38.537288793452745
CEC2_E037_S09332_L0212,83.637526063512
CEC2_E037_S08855_L0212,66.15291507127728
CEC2_E037_S09156_L0212,87.81035803495647
CEC2_E037_S08597_L0212,87.69799308728567
CEC2_E037_S09838_L0212,88.01030877516975
CEC2_E037_S09308_L0212,43.74173337288329
CEC2_E037_S09686_L0212,87.75801024505218
CEC2_E037_S09515_L0212,66.68252465441981
CEC2_E037_S09455_L0212,86.7337752808229
CEC2_E037_S09929_L0212,76.08332612205112
CEC2_E037_S09039_L0212,61.74251474026148
CEC2_E037_S08801_L0212,71.88588095418582
CEC2_E037_S09842_L0212,80.72023237281945
CEC2_E037_S08677_L0212,88.16124274007387
CEC2_E037_S09991_L0212,85.7619717595459
CEC2_E037_S09541_L0212,12.374465292331696
CEC2_E037_S09600_L0212,82.51691641177621
CEC2_E037_S09188_L0212,87.40476147634776
CEC2_E037_S09913_L0212,86.41023933535064
CEC2_E037_S08947_L0212,79.08542770241053
CEC2_E037_S08574_L0212,79.67722288448084
CEC2_E037_S09594_L0212,84.8480601259959
CEC2_E037_S09884_L0212,81.9598781471069
CEC2_E037_S09808_L0212,71.91118715664886
CEC2_E037_S09287_L0212,87.30499496693703
CEC2_E037_S08555_L0212,85.51303489043008
CEC2_E037_S09971_L0212,76.8404080706486
CEC2_E037_S09078_L0212,86.71604287886063
CEC2_E037_S09612_L0212,83.63225568057496
CEC2_E038_S09584_L0212,41.776615123530846
CEC2_E038_S09398_L0212,58.37378391664633
CEC2_E038_S09174_L0212,59.71790589572078
CEC2_E038_S09272_L0212,65.08754121259177
CEC2_E038_S08688_L0212,14.062891435507277
CEC2_E038_S09082_L0212,54.44374475798833
CEC2_E038_S09526_L0212,66.17139425674016
CEC2_E038_S09157_L0212,14.643402558941531
CEC2_E038_S08841_L0212,74.33953255027818
CEC2_E038_S09153_L0212,58.22917795556
CEC2_E038_S08624_L0212,29.92582822890022
CEC2_E038_S09470_L0212,53.127202188356385
CEC2_E038_S09920_L0212,80.10854186182922
CEC2_E038_S09244_L0212,41.37437099053174
CEC2_E038_S09900_L0212,15.352212944142364
CEC2_E038_S09785_L0212,26.097858653207897
CEC2_E038_S08569_L0212,16.31826929745869
CEC2_E038_S09237_L0212,69.77790749842147
CEC2_E038_S09912_L0212,85.96299638305663
CEC2_E038_S09067_L0212,13.1876766521306
CEC2_E038_S08882_L0212,31.621616449881813
CEC2_E038_S09861_L0212,46.75024270325756
CEC2_E038_S08979_L0212,12.431178227981071
CEC2_E038_S09073_L0212,26.233904977239053
CEC2_E038_S08612_L0212,67.78576229083214
CEC2_E038_S08944_L0212,79.70695570280176
CEC2_E038_S09402_L0212,42.792316023219456
CEC2_E038_S09346_L0212,88.62078040113256
CEC2_E038_S09552_L0212,74.21451413213849
CEC2_E038_S09512_L0212,36.486838021237766
CEC2_E038_S09907_L0212,89.57866255694013
CEC2_E038_S09009_L0212,19.26859313577722
CEC2_E038_S09090_L0212,88.79980543440809
CEC2_E038_S08996_L0212,21.149079307177665
CEC2_E038_S08676_L0212,12.074190749028729
CEC2_E038_S08714_L0212,20.94072643961186
CEC2_E038_S08626_L0212,12.033791066950549
CEC2_E038_S08625_L0212,18.085110701366077
CEC2_E038_S09025_L0212,49.31396343319438
CEC2_E038_S08622_L0212,58.179724713943415
CEC2_E038_S09608_L0212,13.496519533890986
CEC2_E038_S08653_L0212,82.17569335934475
CEC2_E038_S09824_L0212,12.379544292976835
CEC2_E038_S09586_L0212,88.23878485759558
CEC2_E038_S08945_L0212,22.730230160843885
CEC2_E038_S09881_L0212,64.4334678599346
CEC2_E038_S08803_L0212,89.19912103279141
CEC2_E038_S09235_L0212,82.07946182897052
CEC2_E038_S08875_L0212,70.62140458612794
CEC2_E038_S08860_L0212,84.88844378591746
CEC2_E038_S09413_L0212,40.56311343145423
CEC2_E038_S09098_L0212,89.02737325251843
CEC2_E038_S09893_L0212,88.03361587248358
CEC2_E038_S08598_L0212,15.906757145175503
CEC2_E038_S09846_L0212,39.393376203262754
CEC2_E038_S09109_L0212,19.302572252793027
CEC2_E038_S09371_L0212,12.591491208523813
CEC2_E038_S09434_L0212,63.942870873172744
CEC2_E038_S09536_L0212,40.068812013073945
CEC2_E038_S08836_L0212,83.75102392973322
CEC2_E001_S09648_L0218,10.860500064247386
CEC2_E001_S08561_L0218,12.616711847129176
CEC2_E001_S09326_L0218,22.746092108615475
CEC2_E001_S09620_L0218,13.939047824481216
CEC2_E001_S09327_L0218,18.806249170613025
CEC2_E001_S09778_L0218,10.439156290538106
CEC2_E001_S09932_L0218,16.307025665240147
CEC2_E001_S08744_L0218,41.43379701591784
CEC2_E001_S08584_L0218,44.496211929187545
CEC2_E001_S08764_L0218,10.687903522425854
CEC2_E001_S09646_L0218,54.00984061838539
CEC2_E001_S09285_L0218,48.60734538404947
CEC2_E001_S09678_L0218,53.74021441378895
CEC2_E001_S09535_L0218,10.256156865563675
CEC2_E001_S09712_L0218,23.8169105015507
CEC2_E001_S09989_L0218,27.21500197341076
CEC2_E001_S09853_L0218,32.72524077322083
CEC2_E001_S09743_L0218,11.07434307747532
CEC2_E001_S08850_L0218,58.26011645098033
CEC2_E001_S09816_L0218,10.303281360990747
CEC2_E001_S09570_L0218,12.431219834844688
CEC2_E001_S09759_L0218,11.485569778896418
CEC2_E001_S08610_L0218,23.054669835296064
CEC2_E001_S09091_L0218,24.728125219941028
CEC2_E001_S09761_L0218,27.76628173750152
CEC2_E001_S09870_L0218,12.210561258070125
CEC2_E001_S08746_L0218,12.643633654429154
CEC2_E001_S09720_L0218,10.952976149259657
CEC2_E001_S09339_L0218,13.771608251434628
CEC2_E001_S09248_L0218,22.279229674314934
CEC2_E001_S09933_L0218,10.749483242472436
CEC2_E001_S09856_L0218,39.90364235238011
CEC2_E001_S09205_L0218,25.143421632584225
CEC2_E001_S09650_L0218,47.601043898001734
CEC2_E001_S09501_L0218,10.790644675551423
CEC2_E001_S09877_L0218,10.599069902318945
CEC2_E001_S09361_L0218,11.121467040798994
CEC2_E001_S09449_L0218,10.433419772230316
CEC2_E001_S09836_L0218,16.793175434570614
CEC2_E001_S08567_L0218,10.155844304838247
CEC2_E001_S08726_L0218,10.752503481030022
CEC2_E001_S08731_L0218,76.50177233554939
CEC2_E001_S08785_L0218,47.13503760188304
CEC2_E001_S09352_L0218,11.509843238721357
CEC2_E001_S09557_L0218,30.053739570863282
CEC2_E001_S08730_L0218,20.99199374389606
CEC2_E001_S09275_L0218,28.217162195275233
CEC2_E001_S09567_L0218,13.732113820871156
CEC2_E001_S09041_L0218,14.0970938635381
CEC2_E001_S08923_L0218,10.404064210103895
CEC2_E001_S08787_L0218,11.365846068093449
CEC2_E001_S09069_L0218,25.826763950562487
CEC2_E001_S09944_L0218,11.191362257023055
CEC2_E001_S08631_L0218,11.039791539558063
CEC2_E001_S08636_L0218,16.396481101554446
CEC2_E001_S09478_L0218,11.033128871796
CEC2_E001_S08835_L0218,11.921084744960034
CEC2_E001_S09089_L0218,43.9317167305117
CEC2_E001_S08997_L0218,18.254676596009883
CEC2_E001_S08514_L0218,13.52872000520584
CEC2_E008_S09459_L0218,73.0482911093524
CEC2_E008_S08846_L0218,85.53096007133588
CEC2_E008_S09917_L0218,25.258970424811206
CEC2_E008_S09134_L0218,40.57450351145494
CEC2_E008_S09167_L0218,80.12054728468527
CEC2_E008_S09553_L0218,82.11549303742468
CEC2_E008_S08662_L0218,18.04255917215932
CEC2_E008_S09079_L0218,62.28085804652757
CEC2_E008_S09780_L0218,70.01977758434919
CEC2_E008_S09800_L0218,87.25746798259435
CEC2_E008_S09003_L0218,76.05242964181494
CEC2_E008_S08927_L0218,68.00808556848756
CEC2_E008_S09624_L0218,32.29029612831946
CEC2_E008_S09596_L0218,61.06540822251963
CEC2_E008_S08807_L0218,50.44611368153862
CEC2_E008_S08513_L0218,23.34173806085399
CEC2_E008_S09675_L0218,88.16566992239454
CEC2_E008_S08590_L0218,55.83491211930835
CEC2_E008_S09481_L0218,52.90779658260052
CEC2_E008_S08908_L0218,34.24288194819239
CEC2_E008_S08668_L0218,12.093603242444907
CEC2_E008_S08650_L0218,81.55529591999532
CEC2_E008_S09457_L0218,82.6049605904175
CEC2_E008_S08862_L0218,64.56496625578724
CEC2_E008_S09151_L0218,39.478045027044004
CEC2_E008_S09764_L0218,79.99331277270093
CEC2_E008_S08606_L0218,72.55813833044796
CEC2_E008_S08994_L0218,53.0615029410678
CEC2_E008_S08623_L0218,66.91355168997313
CEC2_E008_S09593_L0218,50.29173391173061
CEC2_E008_S09204_L0218,15.647810904317748
CEC2_E008_S08809_L0218,11.895691631687338
CEC2_E008_S08810_L0218,62.57813139894638
CEC2_E008_S09652_L0218,87.02772456631574
CEC2_E008_S09058_L0218,55.73205067368552
CEC2_E008_S09150_L0218,67.25557219830087
CEC2_E008_S08893_L0218,71.60832342214952
CEC2_E008_S09599_L0218,86.87457339512015
CEC2_E008_S08917_L0218,68.24409538329817
CEC2_E008_S09322_L0218,18.19207774783198
CEC2_E008_S08701_L0218,15.470537959649585
CEC2_E008_S08845_L0218,25.39162981878492
CEC2_E008_S08750_L0218,83.62893348000958
CEC2_E008_S08745_L0218,76.80654741830547
CEC2_E008_S09158_L0218,34.39750828616886
CEC2_E008_S09844_L0218,12.014005769694888
CEC2_E008_S09985_L0218,42.908045325542176
CEC2_E008_S08572_L0218,10.818075465131844
CEC2_E008_S09363_L0218,36.46460927218508
CEC2_E008_S09488_L0218,83.26500027323112
CEC2_E008_S09460_L0218,12.570291596621594
CEC2_E008_S09760_L0218,30.519810483185857
CEC2_E008_S09677_L0218,58.86456659794369
CEC2_E008_S09726_L0218,86.34148464037222
CEC2_E008_S08956_L0218,87.15922238591425
CEC2_E008_S09270_L0218,42.095961593317874
CEC2_E008_S09982_L0218,76.94363797613627
CEC2_E008_S08958_L0218,76.71704787843963
CEC2_E008_S09811_L0218,65.755665262312
CEC2_E008_S09606_L0218,68.575556446674
CEC2_E009_S09832_L0218,88.78823567448632
CEC2_E009_S09193_L0218,86.15785597574664
CEC2_E009_S08768_L0218,88.79789328770941
CEC2_E009_S09443_L0218,88.09248152343994
CEC2_E009_S08663_L0218,88.80827301206863
CEC2_E009_S08735_L0218,81.25112213820738
CEC2_E009_S08847_L0218,88.81922912709227
CEC2_E009_S08577_L0218,88.8200782029719
CEC2_E009_S09504_L0218,86.45496131921107
CEC2_E009_S09469_L0218,88.6477428296745
CEC2_E009_S09984_L0218,78.94445724589413
CEC2_E009_S08806_L0218,88.72955990944195
CEC2_E009_S09996_L0218,88.417183681885
CEC2_E009_S08502_L0218,85.38125323041997
CEC2_E009_S08542_L0218,88.80038046854794
CEC2_E009_S09672_L0218,88.71081663066782
CEC2_E009_S09663_L0218,88.7522200823407
CEC2_E009_S09140_L0218,88.78919098656861
CEC2_E009_S09130_L0218,88.58487751663958
CEC2_E009_S09857_L0218,88.80509362676044
CEC2_E009_S09645_L0218,88.72598037697898
CEC2_E009_S09817_L0218,84.10053087629836
CEC2_E009_S08652_L0218,88.61256547010349
CEC2_E009_S09392_L0218,88.75285728021788
CEC2_E009_S09671_L0218,88.69626883439658
CEC2_E009_S09296_L0218,88.7221465326228
CEC2_E009_S09271_L0218,88.44709282554604
CEC2_E009_S09979_L0218,79.94931130067634
CEC2_E009_S09456_L0218,88.55660217797181
CEC2_E009_S09403_L0218,87.6020568428815
CEC2_E009_S08519_L0218,88.79401718643003
CEC2_E009_S08855_L0218,88.810768259265
CEC2_E009_S09838_L0218,88.81643205033598
CEC2_E009_S09332_L0218,88.80777893044136
CEC2_E009_S09156_L0218,88.82076036513708
CEC2_E009_S09515_L0218,88.81692673700202
CEC2_E009_S09308_L0218,88.80526579169133
CEC2_E009_S09686_L0218,88.81617192345234
CEC2_E009_S08597_L0218,88.81446778603764
CEC2_E009_S09455_L0218,88.80434699296501
CEC2_E009_S09842_L0218,88.82380481218657
CEC2_E009_S09541_L0218,88.7605630380083
CEC2_E009_S08801_L0218,88.6690158479127
CEC2_E009_S09991_L0218,88.82528603125387
CEC2_E009_S09913_L0218,88.80424818632058
CEC2_E009_S08677_L0218,88.82855684348358
CEC2_E009_S09600_L0218,88.82569311924252
CEC2_E009_S09039_L0218,88.82369276590343
CEC2_E009_S09188_L0218,88.82653575970885
CEC2_E009_S09929_L0218,88.8247789978582
CEC2_E009_S09287_L0218,88.7484907061872
CEC2_E009_S09971_L0218,88.775160212845
CEC2_E009_S08947_L0218,88.72264586799491
CEC2_E009_S08574_L0218,88.8082561243697
CEC2_E009_S09808_L0218,88.81468169725797
CEC2_E009_S09078_L0218,88.80672660770392
CEC2_E009_S09612_L0218,88.80237685965169
CEC2_E009_S09594_L0218,88.72657678985108
CEC2_E009_S08555_L0218,88.825171224118
CEC2_E009_S09884_L0218,88.82292343978285
CEC2_E022_S09194_L0218,86.77113569084722
CEC2_E022_S08637_L0218,69.14956869893706
CEC2_E022_S09997_L0218,58.91944792712219
CEC2_E022_S09112_L0218,45.24531764797789
CEC2_E022_S08505_L0218,14.584828373102274
CEC2_E022_S09314_L0218,21.09140212417828
CEC2_E022_S08607_L0218,63.16667892156271
CEC2_E022_S09096_L0218,62.136975804663585
CEC2_E022_S08721_L0218,58.370470023603005
CEC2_E022_S09841_L0218,68.50793909432026
CEC2_E022_S08556_L0218,77.13315852248363
CEC2_E022_S08736_L0218,87.16711968555465
CEC2_E022_S09897_L0218,75.35375710609154
CEC2_E022_S09730_L0218,85.38600877092414
CEC2_E022_S09928_L0218,81.13312116258774
CEC2_E022_S09777_L0218,58.4353217011462
CEC2_E022_S09373_L0218,79.82476611227564
CEC2_E022_S09213_L0218,60.263015728875665
CEC2_E022_S08503_L0218,79.48193005856407
CEC2_E022_S08671_L0218,74.72322912544765
CEC2_E022_S08844_L0218,80.8340937206599
CEC2_E022_S09898_L0218,82.34867013037052
CEC2_E022_S09638_L0218,67.67334890193737
CEC2_E022_S08804_L0218,75.91694800262944
CEC2_E022_S09850_L0218,85.80829248803006
CEC2_E022_S09280_L0218,65.35364414045014
CEC2_E022_S09057_L0218,78.51092385417257
CEC2_E022_S08651_L0218,54.69026443949087
CEC2_E022_S08840_L0218,24.29753448247708
CEC2_E022_S08702_L0218,87.27482074021718
CEC2_E022_S09534_L0218,85.7047354106613
CEC2_E022_S09955_L0218,75.2830524651336
CEC2_E022_S09106_L0218,72.09704858911566
CEC2_E022_S09762_L0218,56.43389940838541
CEC2_E022_S09637_L0218,70.18598586794452
CEC2_E022_S08959_L0218,66.87152456519799
CEC2_E022_S08920_L0218,30.717364695036135
CEC2_E022_S09930_L0218,78.58309854306948
CEC2_E022_S08759_L0218,89.19388983148762
CEC2_E022_S09016_L0218,64.24430765220019
CEC2_E022_S09048_L0218,79.65909552685233
CEC2_E022_S09880_L0218,89.25374964141619
CEC2_E022_S08776_L0218,66.41381999608133
CEC2_E022_S09813_L0218,81.55531054699374
CEC2_E022_S08910_L0218,48.34831553514155
CEC2_E022_S09653_L0218,86.4341010055595
CEC2_E022_S09782_L0218,76.75833111271233
CEC2_E022_S08501_L0218,86.0126613563896
CEC2_E022_S09338_L0218,87.82245073876965
CEC2_E022_S09697_L0218,84.12326676470084
CEC2_E022_S09660_L0218,57.29464372933855
CEC2_E022_S09006_L0218,76.22183349827381
CEC2_E022_S09080_L0218,89.0861862065903
CEC2_E022_S08535_L0218,84.31316468528443
CEC2_E022_S09284_L0218,51.25062214074731
CEC2_E022_S08690_L0218,87.86194570564201
CEC2_E022_S09582_L0218,88.06007807156095
CEC2_E022_S08576_L0218,88.38458889903623
CEC2_E024_S08673_L0218,31.243115310513428
CEC2_E024_S09591_L0218,61.60935329128251
CEC2_E024_S09461_L0218,55.71329666409828
CEC2_E024_S09517_L0218,64.97727775308478
CEC2_E024_S09191_L0218,83.7207195174979
CEC2_E024_S09819_L0218,79.35833681478944
CEC2_E024_S08879_L0218,61.510706464760666
CEC2_E024_S09891_L0218,79.58774123368639
CEC2_E024_S09353_L0218,68.39498640923216
CEC2_E024_S08857_L0218,11.693710106794255
CEC2_E024_S08864_L0218,84.50820322205912
CEC2_E024_S09148_L0218,39.47590590694518
CEC2_E024_S09683_L0218,81.61889683772765
CEC2_E024_S09668_L0218,89.2526416410859
CEC2_E024_S09804_L0218,88.36241815024144
CEC2_E024_S08825_L0218,65.36844647982828
CEC2_E024_S09502_L0218,59.669244196266675
CEC2_E024_S08703_L0218,14.954068364735928
CEC2_E024_S08618_L0218,60.02948833320482
CEC2_E024_S08509_L0218,64.28558540979188
CEC2_E024_S08999_L0218,81.85165874692889
CEC2_E024_S09421_L0218,50.710965046064544
CEC2_E024_S09301_L0218,84.83040071219014
CEC2_E024_S09095_L0218,11.759131003163546
CEC2_E024_S08715_L0218,76.41012395500134
CEC2_E024_S09097_L0218,66.5459178495537
CEC2_E024_S08973_L0218,86.08551302656878
CEC2_E024_S08617_L0218,60.779464435211985
CEC2_E024_S09867_L0218,24.00004605934789
CEC2_E024_S09200_L0218,82.92917587278924
CEC2_E024_S09737_L0218,47.72834830232088
CEC2_E024_S09407_L0218,87.72649995158503
CEC2_E024_S08919_L0218,89.82299887317548
CEC2_E024_S09692_L0218,76.0273703674442
CEC2_E024_S08537_L0218,89.22897002493748
CEC2_E024_S09168_L0218,86.64133589921455
CEC2_E024_S09822_L0218,45.672779556360496
CEC2_E024_S09999_L0218,89.5974851082003
CEC2_E024_S09882_L0218,21.426220203563897
CEC2_E024_S09247_L0218,89.56956544653931
CEC2_E024_S09177_L0218,74.81288867867623
CEC2_E024_S09440_L0218,89.50886449275424
CEC2_E024_S09736_L0218,34.30284225563059
CEC2_E024_S09143_L0218,37.18870716682814
CEC2_E024_S08639_L0218,37.57113319720575
CEC2_E024_S08991_L0218,11.807111376792404
CEC2_E024_S08817_L0218,17.576851752112603
CEC2_E024_S09289_L0218,88.134966733408
CEC2_E024_S09585_L0218,43.31303174873541
CEC2_E024_S09236_L0218,89.42805713819962
CEC2_E024_S09132_L0218,31.84002875002516
CEC2_E024_S09611_L0218,86.03258851976351
CEC2_E024_S09565_L0218,88.632190077912
CEC2_E024_S09750_L0218,86.15544251665953
CEC2_E024_S08580_L0218,87.98292374613173
CEC2_E024_S08832_L0218,88.82044448692146
CEC2_E024_S08575_L0218,85.67815061992842
CEC2_E024_S09694_L0218,89.9405018451885
CEC2_E024_S09108_L0218,12.773760484325502
CEC2_E024_S08866_L0218,88.93627154374138
CEC2_E031_S09354_L0218,80.94238771669608
CEC2_E031_S08792_L0218,88.18596244528787
CEC2_E031_S09377_L0218,83.54908696289881
CEC2_E031_S09866_L0218,85.89418722281783
CEC2_E031_S09951_L0218,87.88773167320545
CEC2_E031_S09432_L0218,76.25516725249993
CEC2_E031_S09705_L0218,89.276115216315
CEC2_E031_S09161_L0218,89.01544265061042
CEC2_E031_S08892_L0218,88.90023387456804
CEC2_E031_S08570_L0218,88.98804343940147
CEC2_E031_S09342_L0218,82.77718072782473
CEC2_E031_S08793_L0218,88.80824726382447
CEC2_E031_S08727_L0218,88.5356111573656
CEC2_E031_S09981_L0218,89.02249579444295
CEC2_E031_S09707_L0218,89.03582681349603
CEC2_E031_S08528_L0218,89.30016000760831
CEC2_E031_S09834_L0218,88.90960453729409
CEC2_E031_S09537_L0218,75.75243742396921
CEC2_E031_S09640_L0218,87.49530113982668
CEC2_E031_S09667_L0218,70.03123807070888
CEC2_E031_S09043_L0218,85.13511074066633
CEC2_E031_S09510_L0218,87.83687811318993
CEC2_E031_S08854_L0218,89.01276422806306
CEC2_E031_S09519_L0218,89.22637419713806
CEC2_E031_S09587_L0218,88.72186978092986
CEC2_E031_S09603_L0218,88.74499766562693
CEC2_E031_S09523_L0218,84.63892266671073
CEC2_E031_S09477_L0218,66.8813677850093
CEC2_E031_S08887_L0218,80.30381241274868
CEC2_E031_S09644_L0218,89.2533689116596
CEC2_E031_S08812_L0218,89.11570582778117
CEC2_E031_S09896_L0218,89.25679539215355
CEC2_E031_S09865_L0218,89.28292202797259
CEC2_E031_S08643_L0218,89.3129137636608
CEC2_E031_S08707_L0218,89.33461995757122
CEC2_E031_S09081_L0218,88.66775521796094
CEC2_E031_S09689_L0218,82.0645239215426
CEC2_E031_S09065_L0218,88.37498101037623
CEC2_E031_S08763_L0218,89.32968887072914
CEC2_E031_S09024_L0218,89.24302270257432
CEC2_E031_S08553_L0218,89.31044816968868
CEC2_E031_S09076_L0218,69.53712652286366
CEC2_E031_S08989_L0218,89.22141687604311
CEC2_E031_S08775_L0218,89.33657634670844
CEC2_E031_S09370_L0218,88.77121218267496
CEC2_E031_S09438_L0218,89.19117445050702
CEC2_E031_S09258_L0218,89.33421983274589
CEC2_E031_S09722_L0218,54.313013832524604
CEC2_E031_S08770_L0218,89.31717134221986
CEC2_E031_S09125_L0218,89.00382518721382
CEC2_E031_S09821_L0218,89.12661017179677
CEC2_E031_S09110_L0218,89.29693045875761
CEC2_E031_S09273_L0218,89.29058352528035
CEC2_E031_S08966_L0218,84.56200289322179
CEC2_E031_S09768_L0218,75.64157635182394
CEC2_E031_S09001_L0218,88.91742351262945
CEC2_E031_S08940_L0218,89.30921286634252
CEC2_E031_S08890_L0218,89.33860090247605
CEC2_E031_S09903_L0218,89.31853012407039
CEC2_E031_S09321_L0218,65.34311382930572
CEC2_E032_S09584_L0218,44.59261818975704
CEC2_E032_S09082_L0218,34.21244428135084
CEC2_E032_S08841_L0218,61.37586356376299
CEC2_E032_S09398_L0218,65.36838902545156
CEC2_E032_S08688_L0218,36.82472467347793
CEC2_E032_S09272_L0218,81.26797298073326
CEC2_E032_S09526_L0218,70.34020777946887
CEC2_E032_S09157_L0218,29.052985218109367
CEC2_E032_S09174_L0218,59.802609905621075
CEC2_E032_S09153_L0218,68.16744331410392
CEC2_E032_S09244_L0218,19.599246140640215
CEC2_E032_S09067_L0218,27.500922214404007
CEC2_E032_S09785_L0218,50.08631372994555
CEC2_E032_S09900_L0218,12.39844298544791
CEC2_E032_S08569_L0218,47.526690778074965
CEC2_E032_S08624_L0218,47.68276705202945
CEC2_E032_S09912_L0218,85.3297048657215
CEC2_E032_S09920_L0218,82.64805220773461
CEC2_E032_S09237_L0218,74.53204685719236
CEC2_E032_S09470_L0218,69.46964303362228
CEC2_E032_S08882_L0218,44.042873810291894
CEC2_E032_S08612_L0218,64.41101683193355
CEC2_E032_S09073_L0218,24.93481433982808
CEC2_E032_S09552_L0218,80.08111943966834
CEC2_E032_S09861_L0218,24.869265046519743
CEC2_E032_S09402_L0218,23.9705326958248
CEC2_E032_S08979_L0218,12.095330664233575
CEC2_E032_S09346_L0218,88.75650710254808
CEC2_E032_S08944_L0218,51.82202579816179
CEC2_E032_S09512_L0218,12.931540670542974
CEC2_E032_S09025_L0218,33.59338201694274
CEC2_E032_S08626_L0218,11.96164621343792
CEC2_E032_S09907_L0218,88.68703547095171
CEC2_E032_S08625_L0218,13.017094149784091
CEC2_E032_S08996_L0218,28.29898291885376
CEC2_E032_S09090_L0218,87.81137271059677
CEC2_E032_S08676_L0218,19.21998777547671
CEC2_E032_S09009_L0218,27.34407066082848
CEC2_E032_S08714_L0218,11.861328815340668
CEC2_E032_S08622_L0218,50.20146442562896
CEC2_E032_S08653_L0218,64.6911073087492
CEC2_E032_S09608_L0218,12.93148932732541
CEC2_E032_S09881_L0218,21.282573516122767
CEC2_E032_S08875_L0218,66.43251331341514
CEC2_E032_S09824_L0218,12.281954136867883
CEC2_E032_S08860_L0218,75.28642984781759
CEC2_E032_S09235_L0218,75.75847612114391
CEC2_E032_S09586_L0218,88.65677504163357
CEC2_E032_S08803_L0218,81.59006206062433
CEC2_E032_S08945_L0218,48.60846435407836
CEC2_E032_S09893_L0218,85.02845648830646
CEC2_E032_S08836_L0218,84.98997468150093
CEC2_E032_S09536_L0218,81.42427469851982
CEC2_E032_S09109_L0218,24.173840414850535
CEC2_E032_S09371_L0218,22.4743714955824
CEC2_E032_S09098_L0218,82.6436259346234
CEC2_E032_S09434_L0218,31.462772862024124
CEC2_E032_S09846_L0218,43.385688568765545
CEC2_E036_S08853_L0218,77.33939648203157
CEC2_E036_S08546_L0218,60.11538483875792
CEC2_E036_S09748_L0218,19.393573606307363
CEC2_E036_S08969_L0218,48.618740329464885
CEC2_E036_S09294_L0218,63.006344371161035
CEC2_E036_S09230_L0218,45.082818785323674
CEC2_E036_S08628_L0218,56.887264211395085
CEC2_E036_S09256_L0218,54.68493075110261
CEC2_E036_S09441_L0218,64.91602963734402
CEC2_E036_S09786_L0218,45.17320690186162
CEC2_E036_S09656_L0218,41.789691129426274
CEC2_E036_S09307_L0218,84.87984412005883
CEC2_E036_S08525_L0218,35.08541329055114
CEC2_E036_S09987_L0218,56.984908446543535
CEC2_E036_S09473_L0218,36.54403430126634
CEC2_E036_S08970_L0218,55.75872925679695
CEC2_E036_S08902_L0218,83.54973444960682
CEC2_E036_S09661_L0218,66.75010906672588
CEC2_E036_S08837_L0218,60.452106923352346
CEC2_E036_S08583_L0218,78.47581683884052
CEC2_E036_S09799_L0218,56.697404153576386
CEC2_E036_S09335_L0218,61.18646009882787
CEC2_E036_S09401_L0218,68.69048618332506
CEC2_E036_S09390_L0218,81.54295032842305
CEC2_E036_S09511_L0218,75.29857309452204
CEC2_E036_S08710_L0218,84.9253099995989
CEC2_E036_S09875_L0218,53.200789560168275
CEC2_E036_S09442_L0218,53.452060427865334
CEC2_E036_S08849_L0218,41.52641504862353
CEC2_E036_S09514_L0218,12.09083487461207
CEC2_E036_S09957_L0218,57.04631412306508
CEC2_E036_S09815_L0218,65.63409489878458
CEC2_E036_S09365_L0218,43.797975237668204
CEC2_E036_S09465_L0218,88.34957265194113
CEC2_E036_S09427_L0218,28.758927972382708
CEC2_E036_S09325_L0218,36.4178284191793
CEC2_E036_S09564_L0218,56.95011975176074
CEC2_E036_S09598_L0218,77.91319768925499
CEC2_E036_S09093_L0218,88.16543462318114
CEC2_E036_S08647_L0218,79.24267988374159
CEC2_E036_S09905_L0218,77.99378960266804
CEC2_E036_S08778_L0218,57.34846699523452
CEC2_E036_S09676_L0218,14.734164082570944
CEC2_E036_S09662_L0218,89.51840131448311
CEC2_E036_S09641_L0218,79.97243312529727
CEC2_E036_S09310_L0218,88.26845337893593
CEC2_E036_S09532_L0218,89.0558173474773
CEC2_E036_S08921_L0218,67.45991518034874
CEC2_E036_S09032_L0218,47.21078090683644
CEC2_E036_S09027_L0218,68.02753461101214
CEC2_E036_S09863_L0218,51.72781047725488
CEC2_E036_S09872_L0218,40.056061064871855
CEC2_E036_S09852_L0218,81.66999367883287
CEC2_E036_S09418_L0218,66.45848517375245
CEC2_E036_S08615_L0218,41.82289920461844
CEC2_E036_S09004_L0218,81.09460618859269
CEC2_E036_S09298_L0218,83.84562724607963
CEC2_E036_S08695_L0218,18.16932533811783
CEC2_E036_S08789_L0218,64.11178085353573
CEC2_E036_S08614_L0218,58.57921498907285
CEC2_E037_S09835_L0218,86.00618678036777
CEC2_E037_S09121_L0218,84.67278700872978
CEC2_E037_S08704_L0218,47.47811288305418
CEC2_E037_S09393_L0218,75.03611691169446
CEC2_E037_S09685_L0218,75.8861490043685
CEC2_E037_S09159_L0218,75.56858668081807
CEC2_E037_S08826_L0218,81.96403285631585
CEC2_E037_S09489_L0218,32.399284813279145
CEC2_E037_S09605_L0218,67.53488283742367
CEC2_E037_S09171_L0218,64.12489449573758
CEC2_E037_S09966_L0218,32.13644955593218
CEC2_E037_S08984_L0218,87.41509145061075
CEC2_E037_S08635_L0218,43.71237188303193
CEC2_E037_S09837_L0218,79.85716024615937
CEC2_E037_S09225_L0218,10.940753281024518
CEC2_E037_S09607_L0218,88.68672883923584
CEC2_E037_S09341_L0218,77.81933647533816
CEC2_E037_S08874_L0218,75.50549339717605
CEC2_E037_S09763_L0218,82.24992191350353
CEC2_E037_S09883_L0218,88.53313574648026
CEC2_E037_S09376_L0218,64.83496245457579
CEC2_E037_S09364_L0218,39.72772394642531
CEC2_E037_S08931_L0218,87.86609257823544
CEC2_E037_S08743_L0218,69.78214118638569
CEC2_E037_S09336_L0218,48.247473611989385
CEC2_E037_S09497_L0218,86.42476722949667
CEC2_E037_S09245_L0218,69.47269420581107
CEC2_E037_S08926_L0218,12.557023759921341
CEC2_E037_S09555_L0218,67.74354691626517
CEC2_E037_S09210_L0218,58.43113389075782
CEC2_E037_S09144_L0218,88.42338591709867
CEC2_E037_S09508_L0218,71.0436211448884
CEC2_E037_S09052_L0218,57.44096779146809
CEC2_E037_S09425_L0218,78.601743291981
CEC2_E037_S08782_L0218,88.79555013206502
CEC2_E037_S08585_L0218,21.08110882473163
CEC2_E037_S09629_L0218,88.79893278390813
CEC2_E037_S09976_L0218,81.87071816593904
CEC2_E037_S09099_L0218,43.27310640775769
CEC2_E037_S09754_L0218,88.11076255551608
CEC2_E037_S08627_L0218,84.67865641183012
CEC2_E037_S08526_L0218,45.78366105318632
CEC2_E037_S09719_L0218,87.05324295719905
CEC2_E037_S09221_L0218,53.46875713639327
CEC2_E037_S08998_L0218,70.61784064093145
CEC2_E037_S09789_L0218,82.2684266705833
CEC2_E037_S09118_L0218,88.68675348492934
CEC2_E037_S09430_L0218,85.24839253659563
CEC2_E037_S09101_L0218,27.581693184829962
CEC2_E037_S09826_L0218,81.41586634661356
CEC2_E037_S08788_L0218,36.450171958191824
CEC2_E037_S09547_L0218,87.04505009527863
CEC2_E037_S09908_L0218,76.00221667534717
CEC2_E037_S08753_L0218,86.98488424794027
CEC2_E037_S08530_L0218,58.32768881488915
CEC2_E037_S09889_L0218,25.170973136649483
CEC2_E037_S09949_L0218,84.7435048237621
CEC2_E037_S09357_L0218,78.88913131354691
CEC2_E037_S09986_L0218,84.82413053685347
CEC2_E037_S09734_L0218,82.48696746385284
CEC2_E038_S09749_L0218,41.95044167434021
CEC2_E038_S09636_L0218,68.20192476458976
CEC2_E038_S09632_L0218,88.91489151630913
CEC2_E038_S08696_L0218,61.60664330946398
CEC2_E038_S08784_L0218,11.789228369864128
CEC2_E038_S09033_L0218,22.683783268763268
CEC2_E038_S08649_L0218,88.56582594523357
CEC2_E038_S09601_L0218,40.042453040879415
CEC2_E038_S08829_L0218,61.216976228610086
CEC2_E038_S09233_L0218,42.823508423137945
CEC2_E038_S09445_L0218,51.21421749860187
CEC2_E038_S09088_L0218,50.827020933327034
CEC2_E038_S09128_L0218,20.868859708788943
CEC2_E038_S09277_L0218,62.12602428538665
CEC2_E038_S09576_L0218,50.97065962903708
CEC2_E038_S08544_L0218,54.35819711079809
CEC2_E038_S09114_L0218,55.73897712867157
CEC2_E038_S09053_L0218,87.16114793823483
CEC2_E038_S09657_L0218,74.32207768596767
CEC2_E038_S08725_L0218,80.08654953771013
CEC2_E038_S09309_L0218,89.12734486252215
CEC2_E038_S08842_L0218,87.40305819634726
CEC2_E038_S09220_L0218,71.68611586135054
CEC2_E038_S08565_L0218,47.124551825949816
CEC2_E038_S09435_L0218,12.34701936176795
CEC2_E038_S09945_L0218,12.67752440665376
CEC2_E038_S08914_L0218,81.25850909370656
CEC2_E038_S09102_L0218,32.27271675476619
CEC2_E038_S08851_L0218,89.27771198422933
CEC2_E038_S09226_L0218,86.6147672969964
CEC2_E038_S09972_L0218,85.53933466301355
CEC2_E038_S09610_L0218,13.721808478833353
CEC2_E038_S09163_L0218,36.09562545595859
CEC2_E038_S08838_L0218,12.111087826849758
CEC2_E038_S09117_L0218,12.481908179926801
CEC2_E038_S09029_L0218,12.899823095953266
CEC2_E038_S09318_L0218,12.192191654704509
CEC2_E038_S09513_L0218,82.7048009487924
CEC2_E038_S08551_L0218,23.175393318237106
CEC2_E038_S09630_L0218,87.86295186730455
CEC2_E038_S08581_L0218,87.96541683315117
CEC2_E038_S08533_L0218,86.90797444736423
CEC2_E038_S09967_L0218,12.971088721387485
CEC2_E038_S08978_L0218,57.04899923458643
CEC2_E038_S09422_L0218,12.586586480046611
CEC2_E038_S08964_L0218,35.48798898822971
CEC2_E038_S09885_L0218,87.8029226758183
CEC2_E038_S09820_L0218,20.45970520698373
CEC2_E038_S09268_L0218,12.246007836696815
CEC2_E038_S09458_L0218,88.20215926271253
CEC2_E038_S09046_L0218,13.117103180073686
CEC2_E038_S09795_L0218,17.107145053781164
CEC2_E038_S09388_L0218,88.88892217890164
CEC2_E038_S09774_L0218,32.42641533629734
CEC2_E038_S09160_L0218,84.68070985486622
CEC2_E038_S09758_L0218,84.27173253732546
CEC2_E038_S09172_L0218,89.55493747508035
CEC2_E038_S09592_L0218,22.83241207410026
CEC2_E038_S08897_L0218,74.22552951685235
CEC2_E038_S09439_L0218,88.6327380836131
CEC2_E001_S09780_L0219,20.783923099193
CEC2_E001_S08846_L0219,14.908580547509063
CEC2_E001_S09079_L0219,27.456874119538913
CEC2_E001_S09800_L0219,73.05810176894205
CEC2_E001_S08662_L0219,13.134882131849608
CEC2_E001_S09134_L0219,10.502225675583404
CEC2_E001_S09553_L0219,23.727353822537925
CEC2_E001_S09459_L0219,31.008377870996252
CEC2_E001_S09167_L0219,44.06195802654949
CEC2_E001_S09917_L0219,10.380072579499023
CEC2_E001_S08807_L0219,10.547293359676958
CEC2_E001_S09481_L0219,39.73545230435269
CEC2_E001_S09003_L0219,47.869913876287335
CEC2_E001_S08513_L0219,13.572657245400245
CEC2_E001_S09675_L0219,79.95045370130734
CEC2_E001_S08590_L0219,11.10898904676303
CEC2_E001_S09624_L0219,10.43727163882883
CEC2_E001_S08927_L0219,19.834717433012617
CEC2_E001_S09596_L0219,13.494957895498954
CEC2_E001_S08908_L0219,23.22324317972384
CEC2_E001_S09593_L0219,12.206289631353602
CEC2_E001_S08862_L0219,10.625541906460167
CEC2_E001_S08668_L0219,11.388708556109618
CEC2_E001_S09151_L0219,12.26162705881472
CEC2_E001_S09457_L0219,43.274876133227245
CEC2_E001_S08650_L0219,13.844241239143297
CEC2_E001_S09764_L0219,10.879688450531974
CEC2_E001_S08623_L0219,60.969329325513115
CEC2_E001_S08606_L0219,17.335968082447952
CEC2_E001_S09150_L0219,28.471492264595923
CEC2_E001_S09599_L0219,50.895581200946964
CEC2_E001_S09322_L0219,10.853420632222342
CEC2_E001_S08917_L0219,61.19054940495584
CEC2_E001_S08810_L0219,53.76961226632675
CEC2_E001_S09058_L0219,23.57163847083617
CEC2_E001_S09204_L0219,10.499476510744229
CEC2_E001_S08893_L0219,11.608861347934816
CEC2_E001_S08809_L0219,10.543396082317942
CEC2_E001_S09652_L0219,16.691372595042655
CEC2_E001_S09363_L0219,23.555668066484532
CEC2_E001_S09844_L0219,10.3232945822992
CEC2_E001_S08701_L0219,10.921367961948537
CEC2_E001_S09488_L0219,63.21224958868204
CEC2_E001_S08845_L0219,24.860043974282295
CEC2_E001_S09158_L0219,14.054478939457839
CEC2_E001_S08572_L0219,10.274164766485281
CEC2_E001_S08745_L0219,32.316587353688284
CEC2_E001_S09985_L0219,11.351692030060043
CEC2_E001_S09811_L0219,37.04109920598706
CEC2_E001_S09760_L0219,11.152574857734677
CEC2_E001_S09606_L0219,16.161730361058694
CEC2_E001_S09677_L0219,11.946322491183471
CEC2_E001_S08956_L0219,59.50844734319596
CEC2_E001_S09726_L0219,28.983687777433545
CEC2_E001_S08750_L0219,69.99319406852705
CEC2_E001_S09270_L0219,10.835971872092289
CEC2_E001_S09460_L0219,11.887462935563981
CEC2_E001_S08958_L0219,20.667162978244797
CEC2_E001_S09982_L0219,10.514925427298557
CEC2_E008_S08768_L0219,74.80943545577385
CEC2_E008_S09504_L0219,13.067220115334402
CEC2_E008_S09193_L0219,65.97485178939549
CEC2_E008_S09832_L0219,65.05993053222696
CEC2_E008_S08663_L0219,56.16978577975379
CEC2_E008_S09469_L0219,45.48300404940744
CEC2_E008_S08735_L0219,56.767209756688224
CEC2_E008_S08577_L0219,86.20301446280645
CEC2_E008_S08847_L0219,81.59809482754797
CEC2_E008_S09857_L0219,49.9527083436402
CEC2_E008_S09996_L0219,61.76099290221306
CEC2_E008_S09984_L0219,47.59402998547554
CEC2_E008_S09672_L0219,71.10635754141217
CEC2_E008_S09663_L0219,73.43403616625996
CEC2_E008_S09140_L0219,86.73984699468734
CEC2_E008_S09130_L0219,23.1674883022739
CEC2_E008_S08502_L0219,42.3924392831623
CEC2_E008_S08542_L0219,76.44304336780468
CEC2_E008_S08806_L0219,60.92781857126101
CEC2_E008_S09817_L0219,12.558222305597074
CEC2_E008_S09645_L0219,75.01505204126008
CEC2_E008_S08652_L0219,70.17892503736914
CEC2_E008_S09271_L0219,88.67072222698228
CEC2_E008_S09671_L0219,60.42886275576439
CEC2_E008_S09296_L0219,84.77458317592124
CEC2_E008_S09392_L0219,86.98499815063715
CEC2_E008_S09456_L0219,69.02386353012712
CEC2_E008_S09979_L0219,18.167744215471316
CEC2_E008_S09308_L0219,32.05939419277324
CEC2_E008_S09455_L0219,74.78307034558871
CEC2_E008_S09686_L0219,84.41905691146405
CEC2_E008_S09332_L0219,69.27594990777055
CEC2_E008_S09156_L0219,81.39728257274584
CEC2_E008_S08597_L0219,80.82429329986276
CEC2_E008_S09838_L0219,54.0129407748016
CEC2_E008_S08855_L0219,58.93366069038254
CEC2_E008_S08519_L0219,20.699055994455502
CEC2_E008_S09515_L0219,27.581390708807717
CEC2_E008_S09600_L0219,40.91326969500553
CEC2_E008_S09188_L0219,13.355293279871777
CEC2_E008_S09541_L0219,11.806029100766574
CEC2_E008_S09929_L0219,16.458053480352863
CEC2_E008_S08801_L0219,40.20794608661396
CEC2_E008_S09991_L0219,83.00996224805124
CEC2_E008_S08677_L0219,85.22191352361907
CEC2_E008_S09842_L0219,79.82651635399183
CEC2_E008_S09913_L0219,85.85631041867606
CEC2_E008_S09039_L0219,19.31746551251249
CEC2_E008_S08555_L0219,67.52653061984446
CEC2_E008_S08574_L0219,74.61233677290383
CEC2_E008_S09287_L0219,82.8375271706027
CEC2_E008_S09612_L0219,71.17873225544143
CEC2_E008_S08947_L0219,70.96284208051996
CEC2_E008_S09808_L0219,74.71689917009174
CEC2_E008_S09594_L0219,72.73629088534234
CEC2_E008_S09971_L0219,49.97429567234417
CEC2_E008_S09078_L0219,84.81598190657768
CEC2_E009_S09096_L0219,87.63580726418671
CEC2_E009_S08637_L0219,88.52647553345174
CEC2_E009_S09112_L0219,86.76896206834475
CEC2_E009_S09709_L0219,89.01386101226092
CEC2_E009_S09725_L0219,88.96697278836612
CEC2_E009_S09314_L0219,80.76165503937645
CEC2_E009_S08607_L0219,89.16967592550692
CEC2_E009_S08505_L0219,83.77818818191326
CEC2_E009_S09841_L0219,84.61720642553871
CEC2_E009_S09928_L0219,88.40914586350858
CEC2_E009_S09373_L0219,88.65484938187463
CEC2_E009_S08736_L0219,87.89449473201789
CEC2_E009_S09730_L0219,89.22117967280005
CEC2_E009_S09897_L0219,88.99439115412198
CEC2_E009_S09777_L0219,82.60645636266688
CEC2_E009_S08556_L0219,89.11555624134708
CEC2_E009_S08721_L0219,89.3565963477525
CEC2_E009_S09213_L0219,89.15675458849329
CEC2_E009_S09850_L0219,89.27033894386342
CEC2_E009_S09638_L0219,87.51923386389866
CEC2_E009_S08671_L0219,89.21523160019804
CEC2_E009_S08651_L0219,76.22037919446332
CEC2_E009_S08503_L0219,89.27608071427122
CEC2_E009_S09057_L0219,88.91499733355147
CEC2_E009_S09898_L0219,88.34128433019697
CEC2_E009_S08804_L0219,88.96385886100754
CEC2_E009_S09280_L0219,88.93987100464838
CEC2_E009_S09106_L0219,89.37926534278839
CEC2_E009_S08959_L0219,89.35021087896448
CEC2_E009_S09534_L0219,89.21410065617339
CEC2_E009_S09930_L0219,89.3160344654101
CEC2_E009_S09955_L0219,89.36225244136962
CEC2_E009_S08920_L0219,89.35384940590563
CEC2_E009_S08840_L0219,88.95406252846472
CEC2_E009_S09637_L0219,89.37983012079445
CEC2_E009_S08702_L0219,89.37075849094855
CEC2_E009_S09762_L0219,89.30691242444513
CEC2_E009_S09653_L0219,89.33310754343613
CEC2_E009_S08759_L0219,89.36141588320483
CEC2_E009_S08776_L0219,88.92263307667459
CEC2_E009_S09813_L0219,89.36739499317031
CEC2_E009_S08910_L0219,89.37836202632297
CEC2_E009_S09016_L0219,89.3817077713963
CEC2_E009_S09080_L0219,89.37150313155533
CEC2_E009_S08535_L0219,89.38097953858419
CEC2_E009_S08576_L0219,89.37940009279029
CEC2_E009_S09338_L0219,89.34455237268891
CEC2_E009_S08690_L0219,89.36175416819162
CEC2_E009_S09697_L0219,89.2696124192109
CEC2_E009_S09006_L0219,89.2831840980759
CEC2_E009_S09284_L0219,89.32794854569303
CEC2_E009_S09660_L0219,87.30340893734956
CEC2_E009_S09582_L0219,89.37235560317077
CEC2_E022_S09685_L0219,62.926168253416854
CEC2_E022_S09171_L0219,55.02213663496374
CEC2_E022_S08704_L0219,52.17717929497612
CEC2_E022_S09835_L0219,83.48169305846432
CEC2_E022_S09159_L0219,71.86775332090505
CEC2_E022_S08826_L0219,81.04014270293753
CEC2_E022_S09489_L0219,54.248308050724845
CEC2_E022_S09393_L0219,74.06983218034388
CEC2_E022_S09121_L0219,88.96147438778982
CEC2_E022_S09605_L0219,77.63670688569184
CEC2_E022_S09225_L0219,11.445327444678393
CEC2_E022_S08635_L0219,49.69690638181797
CEC2_E022_S09341_L0219,70.85055702627072
CEC2_E022_S09763_L0219,84.19325345365687
CEC2_E022_S09837_L0219,76.98119294516498
CEC2_E022_S09883_L0219,88.23463292234177
CEC2_E022_S09966_L0219,38.668428476913846
CEC2_E022_S08874_L0219,70.18694137291841
CEC2_E022_S08984_L0219,82.44341130880284
CEC2_E022_S09607_L0219,89.14368724729076
CEC2_E022_S09555_L0219,69.48700673817423
CEC2_E022_S09210_L0219,69.77751243836121
CEC2_E022_S08743_L0219,59.54230718453542
CEC2_E022_S09245_L0219,85.03072578117208
CEC2_E022_S09376_L0219,79.29580120794849
CEC2_E022_S09364_L0219,45.58535087472652
CEC2_E022_S08931_L0219,89.61622372600033
CEC2_E022_S09336_L0219,76.1205383831283
CEC2_E022_S09497_L0219,88.1802209034366
CEC2_E022_S08926_L0219,32.09195503953218
CEC2_E022_S09754_L0219,87.39321042561977
CEC2_E022_S09144_L0219,88.17861785391892
CEC2_E022_S08782_L0219,89.29454097836523
CEC2_E022_S09425_L0219,79.14461532832709
CEC2_E022_S09052_L0219,63.78109251877069
CEC2_E022_S09629_L0219,89.64583900890918
CEC2_E022_S08585_L0219,33.87401985161768
CEC2_E022_S09099_L0219,46.29777039198292
CEC2_E022_S09976_L0219,81.64421072346174
CEC2_E022_S09508_L0219,73.93555256880333
CEC2_E022_S09789_L0219,85.12417896158415
CEC2_E022_S08526_L0219,49.669036026588564
CEC2_E022_S09118_L0219,89.69644318521286
CEC2_E022_S09221_L0219,83.4468707400798
CEC2_E022_S09101_L0219,32.89724927506606
CEC2_E022_S08627_L0219,89.07613031616664
CEC2_E022_S09719_L0219,89.03633557948349
CEC2_E022_S09826_L0219,88.19826145962064
CEC2_E022_S08998_L0219,88.56581424068683
CEC2_E022_S09430_L0219,89.43332994817787
CEC2_E022_S08753_L0219,85.16056640457333
CEC2_E022_S09547_L0219,87.7866620720199
CEC2_E022_S08530_L0219,56.95857860070143
CEC2_E022_S09949_L0219,87.2570099022173
CEC2_E022_S09357_L0219,74.50787327963229
CEC2_E022_S09889_L0219,16.213835594134867
CEC2_E022_S09986_L0219,89.5413608527089
CEC2_E022_S09734_L0219,83.70568390679693
CEC2_E022_S09908_L0219,67.70108680924143
CEC2_E022_S08788_L0219,23.006657362703933
CEC2_E024_S09161_L0219,79.9068600847244
CEC2_E024_S09866_L0219,41.92218496579917
CEC2_E024_S09705_L0219,86.86929824194266
CEC2_E024_S09951_L0219,65.56840050269015
CEC2_E024_S09354_L0219,52.7796356450228
CEC2_E024_S08792_L0219,68.55719761495352
CEC2_E024_S09432_L0219,12.743859492699187
CEC2_E024_S09377_L0219,40.007974987929984
CEC2_E024_S09342_L0219,58.34506081588022
CEC2_E024_S08528_L0219,89.28643980603385
CEC2_E024_S08727_L0219,66.94431257793585
CEC2_E024_S09640_L0219,77.86169619592523
CEC2_E024_S08793_L0219,62.785598853702396
CEC2_E024_S09667_L0219,32.83575757646834
CEC2_E024_S09537_L0219,33.926700932154155
CEC2_E024_S09981_L0219,71.20127726275666
CEC2_E024_S09834_L0219,12.153170011083784
CEC2_E024_S09707_L0219,71.66436468394673
CEC2_E024_S09510_L0219,51.25014072387283
CEC2_E024_S09644_L0219,75.59249167180138
CEC2_E024_S09043_L0219,57.72745454956535
CEC2_E024_S09587_L0219,79.05942828869065
CEC2_E024_S09603_L0219,72.45768877790195
CEC2_E024_S08887_L0219,72.14791123426751
CEC2_E024_S09519_L0219,77.08547640405159
CEC2_E024_S09523_L0219,60.79433024004363
CEC2_E024_S08854_L0219,71.92376748577308
CEC2_E024_S08643_L0219,89.3023971644248
CEC2_E024_S09065_L0219,56.714285224011526
CEC2_E024_S08763_L0219,90.02586095372425
CEC2_E024_S09024_L0219,87.46146925596707
CEC2_E024_S08707_L0219,90.12373185219927
CEC2_E024_S09896_L0219,72.28008071599085
CEC2_E024_S09865_L0219,82.6956479429161
CEC2_E024_S09081_L0219,64.0112347182709
CEC2_E024_S09689_L0219,11.617587424922695
CEC2_E024_S08812_L0219,12.290636681857318
CEC2_E024_S09722_L0219,12.983056931244834
CEC2_E024_S09438_L0219,86.06596998225314
CEC2_E024_S09076_L0219,16.073185328978138
CEC2_E024_S09125_L0219,79.7940228367917
CEC2_E024_S08770_L0219,90.3315930007012
CEC2_E024_S08553_L0219,89.53036896025314
CEC2_E024_S08775_L0219,90.40115905440008
CEC2_E024_S08989_L0219,54.250572975161646
CEC2_E024_S09370_L0219,57.400182208078476
CEC2_E024_S09258_L0219,89.85826740130187
CEC2_E024_S08890_L0219,90.48952329812762
CEC2_E024_S09768_L0219,29.760145175255662
CEC2_E024_S09321_L0219,16.082190375538563
CEC2_E024_S09273_L0219,78.28834651193455
CEC2_E024_S09821_L0219,57.225730579569614
CEC2_E024_S09001_L0219,71.20607688619944
CEC2_E024_S09903_L0219,89.11416337024629
CEC2_E024_S09110_L0219,78.90135989211973
CEC2_E024_S08966_L0219,12.250255829538606
CEC2_E024_S08940_L0219,90.06017471833854
CEC2_E031_S09157_L0219,72.57073970075032
CEC2_E031_S09584_L0219,68.94025560588337
CEC2_E031_S09082_L0219,85.48648365290347
CEC2_E031_S09272_L0219,86.70610186334869
CEC2_E031_S09174_L0219,88.6645452127388
CEC2_E031_S09526_L0219,89.50416716174013
CEC2_E031_S09153_L0219,83.96134698280413
CEC2_E031_S08841_L0219,88.88604189900079
CEC2_E031_S09398_L0219,89.21634706208987
CEC2_E031_S09912_L0219,89.80585427289377
CEC2_E031_S09900_L0219,41.86674582350648
CEC2_E031_S08569_L0219,70.06289522946092
CEC2_E031_S09237_L0219,88.12439624241796
CEC2_E031_S09067_L0219,52.02226956968868
CEC2_E031_S09785_L0219,89.70281255105058
CEC2_E031_S09920_L0219,89.82163102415328
CEC2_E031_S09470_L0219,88.55414867763523
CEC2_E031_S08624_L0219,79.21529938472416
CEC2_E031_S09552_L0219,89.47804322625858
CEC2_E031_S08979_L0219,25.116150145261102
CEC2_E031_S08612_L0219,89.37604525991193
CEC2_E031_S09402_L0219,87.81177423596283
CEC2_E031_S09512_L0219,73.92930690479179
CEC2_E031_S08944_L0219,89.49741231460378
CEC2_E031_S08882_L0219,66.31669012468475
CEC2_E031_S08625_L0219,89.11134785334374
CEC2_E031_S08622_L0219,89.66043009216001
CEC2_E031_S08714_L0219,82.65968540200144
CEC2_E031_S09907_L0219,89.85270561633453
CEC2_E031_S09009_L0219,87.04915338556974
CEC2_E031_S09090_L0219,89.83284166819774
CEC2_E031_S08676_L0219,82.23027917395873
CEC2_E031_S08626_L0219,88.18376599187569
CEC2_E031_S09025_L0219,86.11962101096714
CEC2_E031_S08996_L0219,85.70516860347165
CEC2_E031_S08860_L0219,89.32450562610474
CEC2_E031_S09586_L0219,89.85468082100768
CEC2_E031_S08803_L0219,89.87589778981713
CEC2_E031_S09881_L0219,89.24974651538261
CEC2_E031_S09824_L0219,85.69215800784961
CEC2_E031_S09608_L0219,68.40017026520219
CEC2_E031_S08875_L0219,89.84950788910878
CEC2_E031_S08945_L0219,88.98087930636898
CEC2_E031_S09235_L0219,89.8715148245914
CEC2_E031_S08653_L0219,89.86511243594981
CEC2_E031_S09413_L0219,88.704958234044
CEC2_E031_S09371_L0219,64.06806226199808
CEC2_E031_S09109_L0219,85.41166553780913
CEC2_E031_S09434_L0219,88.08658926485086
CEC2_E031_S08836_L0219,89.76477567811476
CEC2_E031_S09536_L0219,88.02976785658274
CEC2_E031_S08598_L0219,63.02298137017016
CEC2_E031_S09893_L0219,89.79963064742797
CEC2_E031_S09098_L0219,89.79135561719893
CEC2_E031_S09846_L0219,70.95481415162938
CEC2_E032_S08546_L0219,58.390141643613454
CEC2_E032_S09256_L0219,58.49786393592247
CEC2_E032_S09748_L0219,13.783876148714794
CEC2_E032_S09294_L0219,84.37167797071773
CEC2_E032_S09441_L0219,30.497238257650547
CEC2_E032_S08969_L0219,24.109238118092364
CEC2_E032_S09230_L0219,18.907800268993117
CEC2_E032_S08853_L0219,39.415965634427316
CEC2_E032_S08628_L0219,36.1815219471739
CEC2_E032_S09786_L0219,37.019868995049684
CEC2_E032_S08902_L0219,88.74591903752885
CEC2_E032_S09307_L0219,85.12477249821876
CEC2_E032_S09656_L0219,13.011047209239216
CEC2_E032_S08970_L0219,21.54259529912192
CEC2_E032_S09473_L0219,50.54539660443274
CEC2_E032_S08837_L0219,87.83882406961311
CEC2_E032_S08583_L0219,79.12663352296835
CEC2_E032_S09661_L0219,60.60020765686134
CEC2_E032_S09987_L0219,12.641135041141387
CEC2_E032_S08525_L0219,19.557148451257447
CEC2_E032_S09442_L0219,59.85357098020413
CEC2_E032_S09401_L0219,83.69791431920851
CEC2_E032_S09390_L0219,82.01756684816564
CEC2_E032_S08710_L0219,83.29752075450642
CEC2_E032_S08849_L0219,29.778193926487436
CEC2_E032_S09511_L0219,74.67497660525164
CEC2_E032_S09799_L0219,57.779672668931596
CEC2_E032_S09335_L0219,55.50327330811677
CEC2_E032_S09875_L0219,14.135158420268496
CEC2_E032_S09514_L0219,25.41660068211419
CEC2_E032_S09365_L0219,16.056932388891145
CEC2_E032_S09957_L0219,21.336201738908645
CEC2_E032_S09093_L0219,88.70248257722639
CEC2_E032_S09564_L0219,47.739361946418335
CEC2_E032_S08647_L0219,67.72599645033836
CEC2_E032_S09427_L0219,11.977067880241709
CEC2_E032_S09815_L0219,20.786219343374178
CEC2_E032_S09598_L0219,58.50359709681796
CEC2_E032_S09032_L0219,13.886337471208773
CEC2_E032_S09905_L0219,73.29356568550318
CEC2_E032_S09641_L0219,87.01315832185391
CEC2_E032_S09662_L0219,88.7258116768081
CEC2_E032_S08778_L0219,65.8183975476715
CEC2_E032_S09310_L0219,89.48274437015105
CEC2_E032_S09532_L0219,72.02754062494161
CEC2_E032_S08921_L0219,45.84261054522996
CEC2_E032_S09027_L0219,74.76682715949049
CEC2_E032_S09676_L0219,14.550718646377492
CEC2_E032_S08614_L0219,62.10545931269554
CEC2_E032_S08615_L0219,22.203994749418673
CEC2_E032_S09418_L0219,67.68555898273644
CEC2_E032_S09852_L0219,88.91395523238623
CEC2_E032_S09004_L0219,86.71048865207808
CEC2_E032_S09872_L0219,14.998349722490785
CEC2_E032_S09863_L0219,20.159719309055266
CEC2_E032_S09298_L0219,35.72917264851347
CEC2_E036_S09636_L0219,71.0552294668944
CEC2_E036_S09632_L0219,78.20919025508962
CEC2_E036_S09601_L0219,52.50434527412807
CEC2_E036_S09749_L0219,60.026003899844646
CEC2_E036_S08829_L0219,62.26078698580853
CEC2_E036_S09233_L0219,54.54329253929934
CEC2_E036_S08784_L0219,23.976413169595144
CEC2_E036_S08696_L0219,70.06603111745588
CEC2_E036_S09033_L0219,69.11994948285918
CEC2_E036_S08649_L0219,87.63963120098983
CEC2_E036_S09277_L0219,55.5999980933348
CEC2_E036_S09128_L0219,18.043990024113565
CEC2_E036_S09657_L0219,73.31007497263089
CEC2_E036_S08725_L0219,81.96548367183794
CEC2_E036_S08544_L0219,53.55288768618833
CEC2_E036_S09445_L0219,65.81577792801983
CEC2_E036_S09576_L0219,66.60971979333824
CEC2_E036_S09053_L0219,86.85640537616047
CEC2_E036_S09088_L0219,73.96046429491885
CEC2_E036_S09114_L0219,62.537334973097735
CEC2_E036_S09435_L0219,12.299914527886092
CEC2_E036_S09309_L0219,73.09240702671802
CEC2_E036_S08565_L0219,66.55103317279817
CEC2_E036_S09102_L0219,75.43874530281832
CEC2_E036_S09220_L0219,63.63003624520333
CEC2_E036_S08851_L0219,84.55782342482999
CEC2_E036_S08842_L0219,84.29063381690722
CEC2_E036_S09945_L0219,34.730310318807575
CEC2_E036_S09513_L0219,86.45585347466921
CEC2_E036_S09972_L0219,74.23938237888947
CEC2_E036_S08551_L0219,79.76471585744308
CEC2_E036_S09029_L0219,28.1812343327249
CEC2_E036_S09318_L0219,44.90764763451243
CEC2_E036_S09630_L0219,81.41141455354968
CEC2_E036_S09610_L0219,54.47622274110536
CEC2_E036_S09163_L0219,19.777270846702578
CEC2_E036_S08838_L0219,24.728184490962118
CEC2_E036_S09117_L0219,12.930434980785545
CEC2_E036_S09268_L0219,18.469822172414986
CEC2_E036_S09820_L0219,57.202370172078346
CEC2_E036_S08581_L0219,59.28283920524485
CEC2_E036_S08964_L0219,83.41484851957576
CEC2_E036_S09885_L0219,90.12973325706484
CEC2_E036_S09458_L0219,81.10941370543611
CEC2_E036_S09422_L0219,22.875877792340333
CEC2_E036_S08978_L0219,78.38421801720975
CEC2_E036_S09967_L0219,22.031240088453917
CEC2_E036_S09388_L0219,87.09255775606015
CEC2_E036_S09046_L0219,40.659805618685894
CEC2_E036_S09774_L0219,71.7702235940858
CEC2_E036_S09592_L0219,48.77251765491648
CEC2_E036_S09160_L0219,77.91301243237643
CEC2_E036_S09795_L0219,57.138976553091425
CEC2_E036_S09758_L0219,83.39604255226432
CEC2_E036_S09172_L0219,85.76508989733993
CEC2_E036_S09439_L0219,65.00618179567442
CEC2_E036_S08533_L0219,85.91104063592739
CEC2_E036_S08897_L0219,61.331574676457336
CEC2_E037_S09353_L0219,63.287051490727606
CEC2_E037_S09819_L0219,88.05842573237587
CEC2_E037_S08673_L0219,48.498080757639805
CEC2_E037_S09591_L0219,75.39154956428949
CEC2_E037_S09517_L0219,81.40178077094191
CEC2_E037_S09461_L0219,71.29051320078945
CEC2_E037_S09191_L0219,88.7456646411708
CEC2_E037_S08857_L0219,40.20661228219828
CEC2_E037_S09891_L0219,72.152159071808
CEC2_E037_S09502_L0219,81.81472899964872
CEC2_E037_S09804_L0219,79.28111408514617
CEC2_E037_S08509_L0219,59.15428634454348
CEC2_E037_S08618_L0219,55.650358475467996
CEC2_E037_S09668_L0219,89.48294303819195
CEC2_E037_S08825_L0219,85.51274079046098
CEC2_E037_S09683_L0219,81.81324109063812
CEC2_E037_S08703_L0219,55.33104950146017
CEC2_E037_S08864_L0219,81.81115825836032
CEC2_E037_S09095_L0219,17.111552052689518
CEC2_E037_S08973_L0219,86.69526719578236
CEC2_E037_S08715_L0219,87.09122844737398
CEC2_E037_S08617_L0219,81.87337473963589
CEC2_E037_S09867_L0219,83.64213378674135
CEC2_E037_S09200_L0219,88.89398653340903
CEC2_E037_S09301_L0219,88.0772074409892
CEC2_E037_S08879_L0219,84.7441276392193
CEC2_E037_S09148_L0219,68.57506544086748
CEC2_E037_S09097_L0219,84.1830862895088
CEC2_E037_S09421_L0219,88.70435967128937
CEC2_E037_S08999_L0219,73.20861236073253
CEC2_E037_S09692_L0219,79.84231766169022
CEC2_E037_S09407_L0219,77.99705179826518
CEC2_E037_S09737_L0219,86.10525221674446
CEC2_E037_S09822_L0219,34.886289732663
CEC2_E037_S08537_L0219,89.55648948968037
CEC2_E037_S08919_L0219,77.87921963509137
CEC2_E037_S09247_L0219,87.66223623556942
CEC2_E037_S09168_L0219,71.81799561936924
CEC2_E037_S09999_L0219,84.41236345809766
CEC2_E037_S09882_L0219,57.324648250470844
CEC2_E037_S09736_L0219,79.81555090963528
CEC2_E037_S08991_L0219,15.36084912692661
CEC2_E037_S09440_L0219,87.34516423188927
CEC2_E037_S09236_L0219,89.64359490679978
CEC2_E037_S09585_L0219,86.0141386535172
CEC2_E037_S09143_L0219,66.70719892076934
CEC2_E037_S08817_L0219,43.89288477391142
CEC2_E037_S09289_L0219,84.00127908034503
CEC2_E037_S08639_L0219,84.50157799576115
CEC2_E037_S09611_L0219,88.05756824182293
CEC2_E037_S09108_L0219,17.348735419029076
CEC2_E037_S09694_L0219,88.61392191919107
CEC2_E037_S09565_L0219,76.86128869875238
CEC2_E037_S08866_L0219,87.54802204142054
CEC2_E037_S09750_L0219,81.62116374585165
CEC2_E037_S09132_L0219,88.5699150241753
CEC2_E037_S08832_L0219,87.04385664958679
CEC2_E037_S08580_L0219,89.64142274168827
CEC2_E037_S08575_L0219,87.19111601881434
CEC2_E038_S09932_L0219,71.53196794238453
CEC2_E038_S08584_L0219,80.18823821321975
CEC2_E038_S09327_L0219,71.1850849328991
CEC2_E038_S08764_L0219,51.07130735724605
CEC2_E038_S09778_L0219,16.736568329792743
CEC2_E038_S08744_L0219,52.976554310718015
CEC2_E038_S09326_L0219,75.65261571207878
CEC2_E038_S09620_L0219,23.09061275514016
CEC2_E038_S09648_L0219,11.732840245232003
CEC2_E038_S08561_L0219,51.009712007482946
CEC2_E038_S09646_L0219,32.19320622040096
CEC2_E038_S09285_L0219,60.76310408659963
CEC2_E038_S09712_L0219,75.8814790713848
CEC2_E038_S09989_L0219,38.61526577692302
CEC2_E038_S08850_L0219,80.3162541998023
CEC2_E038_S09678_L0219,74.023512771441
CEC2_E038_S09743_L0219,69.39865164318803
CEC2_E038_S09535_L0219,11.898732419354983
CEC2_E038_S09816_L0219,16.206925386561284
CEC2_E038_S09853_L0219,61.918155082876304
CEC2_E038_S09570_L0219,46.81595536912315
CEC2_E038_S09870_L0219,49.44791063749888
CEC2_E038_S09091_L0219,78.90391062356831
CEC2_E038_S09759_L0219,31.347320975883694
CEC2_E038_S09339_L0219,65.31984134359689
CEC2_E038_S09761_L0219,88.65703952034852
CEC2_E038_S08610_L0219,84.14955289051115
CEC2_E038_S09248_L0219,64.07493503719189
CEC2_E038_S08746_L0219,22.49216745871025
CEC2_E038_S09720_L0219,11.622664885386081
CEC2_E038_S08567_L0219,12.00366630544639
CEC2_E038_S09877_L0219,21.63218299096695
CEC2_E038_S09449_L0219,12.07852696270105
CEC2_E038_S09836_L0219,38.5657205560614
CEC2_E038_S09650_L0219,78.96539790700456
CEC2_E038_S09361_L0219,13.332395975537464
CEC2_E038_S09933_L0219,66.73500308690829
CEC2_E038_S09501_L0219,22.3600634395503
CEC2_E038_S09205_L0219,44.48156443447711
CEC2_E038_S09856_L0219,58.59181524391409
CEC2_E038_S09352_L0219,44.23984914595624
CEC2_E038_S08731_L0219,82.75370864183738
CEC2_E038_S09567_L0219,14.866643511014855
CEC2_E038_S08730_L0219,86.34838603383592
CEC2_E038_S08923_L0219,11.683159377535837
CEC2_E038_S09041_L0219,18.251667898475066
CEC2_E038_S08785_L0219,87.60377203764754
CEC2_E038_S08726_L0219,16.19986900395742
CEC2_E038_S09557_L0219,33.39550596756562
CEC2_E038_S09275_L0219,78.96290161238241
CEC2_E038_S08631_L0219,16.156579419051678
CEC2_E038_S08997_L0219,38.27612971530467
CEC2_E038_S09944_L0219,12.15228653402048
CEC2_E038_S08636_L0219,77.24178907898539
CEC2_E038_S09089_L0219,46.068556608332884
CEC2_E038_S08835_L0219,27.965900273875224
CEC2_E038_S08787_L0219,15.410178904376068
CEC2_E038_S09478_L0219,36.790130786172966
CEC2_E038_S09069_L0219,68.89042035319653
CEC2_E001_S08637_L0221,51.06199610299301
CEC2_E001_S09194_L0221,64.41519319666037
CEC2_E001_S09997_L0221,11.279174096166875
CEC2_E001_S09725_L0221,18.947902018683774
CEC2_E001_S09112_L0221,21.851245116989418
CEC2_E001_S09709_L0221,19.133116048361213
CEC2_E001_S09096_L0221,10.20673098047014
CEC2_E001_S09314_L0221,10.086394459242056
CEC2_E001_S08505_L0221,10.111278518535869
CEC2_E001_S08607_L0221,11.858012680983036
CEC2_E001_S08736_L0221,67.2743573012695
CEC2_E001_S09897_L0221,10.043251769660198
CEC2_E001_S09928_L0221,34.038428494143105
CEC2_E001_S09213_L0221,34.85052875334557
CEC2_E001_S09777_L0221,13.602635519993509
CEC2_E001_S09730_L0221,27.82783719575218
CEC2_E001_S08721_L0221,11.143908397830605
CEC2_E001_S09373_L0221,10.956869513474258
CEC2_E001_S09841_L0221,13.53581440564848
CEC2_E001_S08556_L0221,35.52674700096643
CEC2_E001_S08804_L0221,34.615044238303405
CEC2_E001_S08671_L0221,33.45919507301045
CEC2_E001_S09057_L0221,11.607803542279406
CEC2_E001_S09638_L0221,12.416076000986678
CEC2_E001_S09280_L0221,11.497871868573027
CEC2_E001_S08651_L0221,19.683240263260256
CEC2_E001_S09898_L0221,16.240597976906898
CEC2_E001_S08844_L0221,12.057773358317139
CEC2_E001_S08503_L0221,10.479404827642169
CEC2_E001_S09850_L0221,37.884526664523136
CEC2_E001_S08702_L0221,10.896730667049777
CEC2_E001_S09534_L0221,12.825260505548922
CEC2_E001_S09762_L0221,10.189996658968305
CEC2_E001_S09637_L0221,28.867257939831724
CEC2_E001_S09955_L0221,41.9340431605123
CEC2_E001_S08959_L0221,48.63338476263669
CEC2_E001_S08920_L0221,10.310504617613859
CEC2_E001_S08840_L0221,10.605679313077887
CEC2_E001_S09106_L0221,47.671698160172554
CEC2_E001_S09930_L0221,36.634987127059745
CEC2_E001_S08776_L0221,10.197815637299886
CEC2_E001_S09048_L0221,10.397313139184066
CEC2_E001_S08759_L0221,45.095873434377985
CEC2_E001_S09653_L0221,11.105610072635116
CEC2_E001_S09813_L0221,30.143246127792192
CEC2_E001_S09016_L0221,10.704476825937672
CEC2_E001_S09782_L0221,11.401482590796286
CEC2_E001_S09880_L0221,44.68110260396338
CEC2_E001_S08501_L0221,11.097108482933939
CEC2_E001_S08910_L0221,44.456034307565524
CEC2_E001_S09284_L0221,10.257022458852084
CEC2_E001_S09697_L0221,10.81243834631532
CEC2_E001_S09338_L0221,12.357491299292207
CEC2_E001_S08690_L0221,14.990268089161118
CEC2_E001_S08535_L0221,13.950795327664549
CEC2_E001_S09582_L0221,17.663510290344455
CEC2_E001_S09080_L0221,76.96208676934916
CEC2_E001_S08576_L0221,12.793469128432664
CEC2_E001_S09006_L0221,18.886482718547136
CEC2_E001_S09660_L0221,12.468530160719137
CEC2_E008_S08826_L0221,49.757539256730496
CEC2_E008_S09171_L0221,63.20952902942641
CEC2_E008_S09393_L0221,58.85973920400614
CEC2_E008_S09489_L0221,20.18446489363122
CEC2_E008_S09159_L0221,55.66040983646754
CEC2_E008_S09121_L0221,37.52740789028622
CEC2_E008_S09605_L0221,62.1979891434096
CEC2_E008_S09685_L0221,45.552652316429246
CEC2_E008_S08704_L0221,22.830677081451412
CEC2_E008_S09835_L0221,42.69437848744301
CEC2_E008_S09883_L0221,62.00286364040434
CEC2_E008_S08874_L0221,51.65930277903255
CEC2_E008_S08635_L0221,14.9862624945054
CEC2_E008_S09607_L0221,79.0363397421543
CEC2_E008_S08984_L0221,72.33611991815724
CEC2_E008_S09966_L0221,45.412882071446354
CEC2_E008_S09763_L0221,77.64106916390705
CEC2_E008_S09341_L0221,57.12973230659956
CEC2_E008_S09225_L0221,10.684870538007978
CEC2_E008_S09837_L0221,66.18921732121662
CEC2_E008_S09210_L0221,68.54375382678744
CEC2_E008_S08926_L0221,15.5382470608081
CEC2_E008_S09245_L0221,63.61749080357334
CEC2_E008_S09336_L0221,56.79956767981227
CEC2_E008_S08743_L0221,61.042864105074585
CEC2_E008_S09364_L0221,84.57113091465277
CEC2_E008_S08931_L0221,83.37255298434557
CEC2_E008_S09497_L0221,86.48302153228757
CEC2_E008_S09376_L0221,85.72094849159491
CEC2_E008_S09555_L0221,43.211614392258795
CEC2_E008_S09508_L0221,83.47525342398822
CEC2_E008_S08782_L0221,86.69395492162229
CEC2_E008_S09099_L0221,16.987277314622414
CEC2_E008_S09629_L0221,87.33255141246559
CEC2_E008_S09052_L0221,43.62359155575904
CEC2_E008_S08585_L0221,17.947351723087202
CEC2_E008_S09425_L0221,87.13780960247577
CEC2_E008_S09976_L0221,74.99860898924774
CEC2_E008_S09754_L0221,84.69631598258314
CEC2_E008_S09144_L0221,86.9028259374797
CEC2_E008_S09101_L0221,14.662008203653741
CEC2_E008_S09789_L0221,76.14520209753304
CEC2_E008_S09430_L0221,84.60151052174818
CEC2_E008_S08526_L0221,31.78050286140034
CEC2_E008_S09221_L0221,16.94003426112385
CEC2_E008_S08998_L0221,67.25607295584328
CEC2_E008_S09118_L0221,85.77874246276627
CEC2_E008_S08627_L0221,85.02940714571706
CEC2_E008_S09826_L0221,24.70714075015582
CEC2_E008_S09719_L0221,68.95421184579335
CEC2_E008_S09908_L0221,84.86856145319052
CEC2_E008_S09357_L0221,52.787969740076974
CEC2_E008_S09547_L0221,71.07195008694215
CEC2_E008_S09949_L0221,78.33690155176484
CEC2_E008_S08788_L0221,12.87942502153099
CEC2_E008_S09986_L0221,83.8196077214069
CEC2_E008_S09889_L0221,11.147641984362219
CEC2_E008_S08753_L0221,83.12764439975051
CEC2_E008_S08530_L0221,24.42593261342037
CEC2_E008_S09734_L0221,20.218422938656012
CEC2_E009_S09591_L0221,88.51275039291245
CEC2_E009_S09461_L0221,76.41790343453772
CEC2_E009_S08673_L0221,87.36931056488277
CEC2_E009_S09517_L0221,87.90262576499312
CEC2_E009_S09191_L0221,88.59299204647128
CEC2_E009_S09891_L0221,88.61272001208896
CEC2_E009_S09353_L0221,88.11340226763284
CEC2_E009_S09819_L0221,88.67675608647754
CEC2_E009_S08879_L0221,88.44727122723326
CEC2_E009_S08857_L0221,75.68175482096039
CEC2_E009_S09683_L0221,88.12040868167786
CEC2_E009_S08825_L0221,88.73936147397728
CEC2_E009_S09502_L0221,88.60758294644617
CEC2_E009_S08703_L0221,86.45749854085118
CEC2_E009_S09668_L0221,88.79000064261997
CEC2_E009_S09804_L0221,88.80227527578825
CEC2_E009_S08618_L0221,87.5461826022027
CEC2_E009_S08509_L0221,86.35711249565043
CEC2_E009_S09148_L0221,87.06976401572193
CEC2_E009_S08864_L0221,88.77310280363052
CEC2_E009_S09200_L0221,88.75404868750329
CEC2_E009_S09095_L0221,75.21667233443594
CEC2_E009_S09301_L0221,88.76729929641783
CEC2_E009_S08973_L0221,88.6251227187148
CEC2_E009_S09867_L0221,88.04259658153026
CEC2_E009_S08999_L0221,88.58622568570507
CEC2_E009_S08617_L0221,88.01468498222074
CEC2_E009_S09421_L0221,88.73499046497528
CEC2_E009_S09097_L0221,88.60506658968492
CEC2_E009_S08715_L0221,88.72811553669254
CEC2_E009_S09407_L0221,88.80063913845885
CEC2_E009_S09692_L0221,88.80649536667656
CEC2_E009_S08537_L0221,88.79245845841702
CEC2_E009_S09999_L0221,88.79393105102292
CEC2_E009_S09168_L0221,88.79653290022421
CEC2_E009_S09247_L0221,88.7947742023115
CEC2_E009_S08919_L0221,88.80486847815209
CEC2_E009_S09737_L0221,88.80180650214223
CEC2_E009_S09822_L0221,88.8020506460457
CEC2_E009_S09882_L0221,88.78616948776855
CEC2_E009_S09289_L0221,88.80449232840485
CEC2_E009_S09585_L0221,88.78469077519887
CEC2_E009_S08991_L0221,88.73784781189815
CEC2_E009_S09440_L0221,88.79975196229734
CEC2_E009_S08639_L0221,88.79322815045529
CEC2_E009_S09143_L0221,88.7878995954867
CEC2_E009_S08817_L0221,88.80810573950183
CEC2_E009_S09736_L0221,88.80232813834513
CEC2_E009_S09236_L0221,88.80312869471591
CEC2_E009_S09177_L0221,88.80838347551861
CEC2_E009_S08866_L0221,88.77255498791368
CEC2_E009_S09694_L0221,88.79322289047278
CEC2_E009_S09611_L0221,88.73733213152558
CEC2_E009_S08580_L0221,88.77388691518968
CEC2_E009_S09108_L0221,88.68619522522818
CEC2_E009_S09565_L0221,88.61626265190883
CEC2_E009_S08575_L0221,88.80057522416224
CEC2_E009_S09750_L0221,88.60287061789019
CEC2_E009_S09132_L0221,88.78013614853111
CEC2_E009_S08832_L0221,88.79721746587794
CEC2_E022_S09866_L0221,61.28723455646715
CEC2_E022_S09432_L0221,72.31272012701731
CEC2_E022_S08792_L0221,84.06413158902261
CEC2_E022_S08892_L0221,84.66232618072476
CEC2_E022_S09951_L0221,75.72786364041059
CEC2_E022_S09377_L0221,76.12207115823924
CEC2_E022_S09354_L0221,54.18842207973098
CEC2_E022_S08570_L0221,74.05223930514403
CEC2_E022_S09161_L0221,87.61974867654386
CEC2_E022_S09705_L0221,87.6035777170457
CEC2_E022_S09834_L0221,78.66816613805447
CEC2_E022_S09342_L0221,64.24181626342471
CEC2_E022_S09707_L0221,77.93934956500637
CEC2_E022_S09667_L0221,16.94441889996087
CEC2_E022_S09537_L0221,81.63868522741829
CEC2_E022_S09981_L0221,83.7649113810681
CEC2_E022_S08793_L0221,77.09402327664951
CEC2_E022_S09640_L0221,80.95604084237969
CEC2_E022_S08727_L0221,87.12715936679923
CEC2_E022_S08528_L0221,89.30340441400978
CEC2_E022_S09644_L0221,86.74839040744443
CEC2_E022_S09519_L0221,88.91478091885857
CEC2_E022_S08854_L0221,82.88294428885901
CEC2_E022_S09043_L0221,75.20474694700843
CEC2_E022_S09587_L0221,70.39886094525785
CEC2_E022_S09523_L0221,56.072054180366734
CEC2_E022_S09477_L0221,15.80381111837184
CEC2_E022_S09603_L0221,89.0269517501794
CEC2_E022_S08887_L0221,75.73159748511293
CEC2_E022_S09510_L0221,48.66862225145872
CEC2_E022_S09024_L0221,87.61744923565175
CEC2_E022_S09896_L0221,86.56784678713633
CEC2_E022_S09081_L0221,71.7275264311692
CEC2_E022_S08763_L0221,74.35383766513694
CEC2_E022_S09689_L0221,29.349053982526762
CEC2_E022_S09865_L0221,57.69474169412439
CEC2_E022_S08643_L0221,82.59275382192703
CEC2_E022_S08707_L0221,89.08808874822068
CEC2_E022_S09065_L0221,57.99296941667524
CEC2_E022_S08812_L0221,83.91537689344929
CEC2_E022_S09722_L0221,12.445636518918532
CEC2_E022_S09076_L0221,57.76103850736922
CEC2_E022_S09125_L0221,88.13517497803667
CEC2_E022_S08775_L0221,87.52002359118394
CEC2_E022_S08553_L0221,85.29811159663704
CEC2_E022_S09370_L0221,89.10321865810727
CEC2_E022_S08770_L0221,87.97971796701611
CEC2_E022_S09438_L0221,87.08216746293022
CEC2_E022_S09258_L0221,89.05931690827887
CEC2_E022_S08989_L0221,88.61592475647866
CEC2_E022_S09903_L0221,86.57282115983232
CEC2_E022_S08890_L0221,88.91957554853474
CEC2_E022_S09001_L0221,64.96577185580536
CEC2_E022_S09110_L0221,85.21976903983196
CEC2_E022_S08966_L0221,17.08281010716336
CEC2_E022_S09768_L0221,15.573014467375957
CEC2_E022_S09321_L0221,30.459867113740742
CEC2_E022_S09273_L0221,87.01403595416137
CEC2_E022_S08940_L0221,88.95491065163607
CEC2_E022_S09821_L0221,89.1327439119551
CEC2_E024_S09748_L0221,11.143919288317306
CEC2_E024_S09294_L0221,76.63929430813405
CEC2_E024_S08853_L0221,63.831408475885446
CEC2_E024_S09230_L0221,23.15475083785561
CEC2_E024_S09256_L0221,79.87855995935443
CEC2_E024_S08546_L0221,63.229938039894925
CEC2_E024_S09441_L0221,67.74251342098776
CEC2_E024_S08628_L0221,61.87383355453071
CEC2_E024_S09786_L0221,21.85507534133558
CEC2_E024_S08969_L0221,55.14936188363655
CEC2_E024_S08583_L0221,69.41413160865861
CEC2_E024_S09661_L0221,74.71712818992015
CEC2_E024_S08902_L0221,65.46788204324973
CEC2_E024_S08837_L0221,68.3471102481838
CEC2_E024_S08970_L0221,45.88385332993089
CEC2_E024_S09307_L0221,88.90653984998795
CEC2_E024_S08525_L0221,53.932956833419055
CEC2_E024_S09473_L0221,33.11135421465634
CEC2_E024_S09987_L0221,15.41859357659792
CEC2_E024_S09656_L0221,45.38864045553927
CEC2_E024_S09875_L0221,60.265442120806064
CEC2_E024_S09511_L0221,75.08805131835057
CEC2_E024_S08849_L0221,41.337732336156115
CEC2_E024_S08710_L0221,88.38361106461043
CEC2_E024_S09514_L0221,12.859922879200226
CEC2_E024_S09390_L0221,80.31520889013798
CEC2_E024_S09442_L0221,72.53879528462717
CEC2_E024_S09799_L0221,75.62924624455415
CEC2_E024_S09401_L0221,75.08758927480592
CEC2_E024_S09335_L0221,25.907238967102554
CEC2_E024_S09957_L0221,73.52114852795788
CEC2_E024_S09598_L0221,64.66455713865018
CEC2_E024_S09427_L0221,64.67244378156558
CEC2_E024_S09093_L0221,89.7589417685734
CEC2_E024_S08647_L0221,86.3077721986001
CEC2_E024_S09815_L0221,88.55915261145309
CEC2_E024_S09465_L0221,74.04823165773601
CEC2_E024_S09325_L0221,55.772922692410475
CEC2_E024_S09365_L0221,74.86564956030554
CEC2_E024_S09564_L0221,56.621397403699376
CEC2_E024_S09532_L0221,89.97675283576343
CEC2_E024_S09641_L0221,89.58133192562053
CEC2_E024_S09032_L0221,15.320642767253439
CEC2_E024_S09310_L0221,89.99341199717061
CEC2_E024_S09662_L0221,89.99097449313533
CEC2_E024_S09676_L0221,41.36753272243263
CEC2_E024_S09027_L0221,87.38505405972808
CEC2_E024_S08921_L0221,33.466004831840664
CEC2_E024_S08778_L0221,87.99093333784413
CEC2_E024_S09905_L0221,82.28394440292945
CEC2_E024_S08615_L0221,72.58718328562168
CEC2_E024_S08695_L0221,57.067910613833995
CEC2_E024_S09872_L0221,88.94688517758912
CEC2_E024_S08614_L0221,51.46900950326294
CEC2_E024_S08789_L0221,72.48015261057634
CEC2_E024_S09418_L0221,81.32950892357368
CEC2_E024_S09852_L0221,89.68434365795329
CEC2_E024_S09863_L0221,17.36680579023066
CEC2_E024_S09298_L0221,59.795611453223756
CEC2_E024_S09004_L0221,87.77597456443598
CEC2_E031_S09749_L0221,84.39175239607054
CEC2_E031_S08649_L0221,89.30313646633864
CEC2_E031_S08829_L0221,83.98136362063045
CEC2_E031_S09632_L0221,85.85043555954869
CEC2_E031_S09233_L0221,72.84622593005251
CEC2_E031_S09636_L0221,86.33479441131423
CEC2_E031_S08784_L0221,74.02068629993512
CEC2_E031_S09033_L0221,73.4614625709021
CEC2_E031_S08696_L0221,74.46263256212404
CEC2_E031_S09601_L0221,70.18401594506034
CEC2_E031_S09445_L0221,81.60967854872285
CEC2_E031_S09657_L0221,79.0148045417535
CEC2_E031_S08544_L0221,72.16010259654563
CEC2_E031_S08725_L0221,89.28332614760086
CEC2_E031_S09576_L0221,88.24506988297571
CEC2_E031_S09114_L0221,68.28868308332008
CEC2_E031_S09277_L0221,85.62938754752253
CEC2_E031_S09088_L0221,81.43748302609268
CEC2_E031_S09128_L0221,78.52593020246215
CEC2_E031_S09053_L0221,89.18138376361317
CEC2_E031_S09309_L0221,88.21241530600645
CEC2_E031_S09220_L0221,72.21918608713428
CEC2_E031_S08914_L0221,87.96734901150792
CEC2_E031_S09226_L0221,83.18340724016497
CEC2_E031_S08565_L0221,81.81264881209448
CEC2_E031_S08842_L0221,87.496540906336
CEC2_E031_S09945_L0221,53.52951277209291
CEC2_E031_S09435_L0221,11.651030731533844
CEC2_E031_S09102_L0221,76.33162903174377
CEC2_E031_S08851_L0221,88.16985541136071
CEC2_E031_S09513_L0221,89.16612747926841
CEC2_E031_S08838_L0221,86.63497897231112
CEC2_E031_S09630_L0221,89.2704754178564
CEC2_E031_S09117_L0221,25.020511357114465
CEC2_E031_S09163_L0221,88.53448019584339
CEC2_E031_S09972_L0221,89.11789262558253
CEC2_E031_S08551_L0221,89.20574118378556
CEC2_E031_S09029_L0221,76.36226752523876
CEC2_E031_S09610_L0221,88.38218300346891
CEC2_E031_S09318_L0221,86.58484837886408
CEC2_E031_S08581_L0221,89.16906850352798
CEC2_E031_S08533_L0221,89.30447266548119
CEC2_E031_S09885_L0221,89.31289968291918
CEC2_E031_S09967_L0221,83.58616047525825
CEC2_E031_S09458_L0221,89.15527402970156
CEC2_E031_S08978_L0221,89.23929567749491
CEC2_E031_S09820_L0221,89.23631866720703
CEC2_E031_S08964_L0221,89.29846033088565
CEC2_E031_S09268_L0221,82.23462026715227
CEC2_E031_S09422_L0221,87.76980328271021
CEC2_E031_S09795_L0221,80.9425324069085
CEC2_E031_S09046_L0221,66.75509976491007
CEC2_E031_S09388_L0221,89.21291802370823
CEC2_E031_S09439_L0221,87.56571061757629
CEC2_E031_S08897_L0221,88.12711001011387
CEC2_E031_S09592_L0221,88.91175963397663
CEC2_E031_S09774_L0221,88.134050391736
CEC2_E031_S09160_L0221,89.25564328962311
CEC2_E031_S09172_L0221,89.23445134229786
CEC2_E031_S09758_L0221,88.11768211250265
CEC2_E032_S08584_L0221,73.37300392501092
CEC2_E032_S08764_L0221,34.74734666119966
CEC2_E032_S08561_L0221,59.37107120881665
CEC2_E032_S08744_L0221,50.61395397627518
CEC2_E032_S09932_L0221,60.74385162552725
CEC2_E032_S09778_L0221,11.680388628009773
CEC2_E032_S09648_L0221,12.929082184062997
CEC2_E032_S09327_L0221,61.76605235579151
CEC2_E032_S09326_L0221,65.2673216177716
CEC2_E032_S09620_L0221,12.445275992195421
CEC2_E032_S09816_L0221,19.254943645856926
CEC2_E032_S09853_L0221,22.73210783877609
CEC2_E032_S09989_L0221,32.87117294423958
CEC2_E032_S09285_L0221,54.66571971375733
CEC2_E032_S09535_L0221,21.42924361117226
CEC2_E032_S09646_L0221,13.780380049815827
CEC2_E032_S09678_L0221,85.26896989487709
CEC2_E032_S09743_L0221,14.498673163899634
CEC2_E032_S09712_L0221,60.01270667780046
CEC2_E032_S08850_L0221,85.2308579136664
CEC2_E032_S09248_L0221,67.32484894654517
CEC2_E032_S09570_L0221,43.70925003627427
CEC2_E032_S08610_L0221,76.4985355041478
CEC2_E032_S09761_L0221,85.9825534895062
CEC2_E032_S09091_L0221,67.2702750141405
CEC2_E032_S09759_L0221,49.62037534867999
CEC2_E032_S09870_L0221,53.902569495465976
CEC2_E032_S09339_L0221,70.07659913040715
CEC2_E032_S08746_L0221,20.27655073366287
CEC2_E032_S09720_L0221,12.055517431206251
CEC2_E032_S09856_L0221,45.579527662387164
CEC2_E032_S09205_L0221,41.31923170560778
CEC2_E032_S09449_L0221,11.863650376545726
CEC2_E032_S09501_L0221,12.36264221350897
CEC2_E032_S09933_L0221,65.8238668525278
CEC2_E032_S08567_L0221,12.484595858763997
CEC2_E032_S09877_L0221,18.752190239018642
CEC2_E032_S09650_L0221,67.95822628241983
CEC2_E032_S09836_L0221,21.107656925568143
CEC2_E032_S09361_L0221,16.916387197958368
CEC2_E032_S08726_L0221,13.533010275523019
CEC2_E032_S08731_L0221,80.17913985812208
CEC2_E032_S08785_L0221,82.75274716799635
CEC2_E032_S09041_L0221,24.42957304062913
CEC2_E032_S09352_L0221,62.151988960023466
CEC2_E032_S09275_L0221,82.76238943366835
CEC2_E032_S08923_L0221,11.469529183696206
CEC2_E032_S09567_L0221,48.7032278384933
CEC2_E032_S08730_L0221,85.43057020978056
CEC2_E032_S09557_L0221,62.53555104556215
CEC2_E032_S08835_L0221,34.18035158338544
CEC2_E032_S09069_L0221,77.62724489517277
CEC2_E032_S08787_L0221,36.53795467612702
CEC2_E032_S09089_L0221,59.016521645967735
CEC2_E032_S09944_L0221,13.70809030628144
CEC2_E032_S08997_L0221,63.50152321698209
CEC2_E032_S09478_L0221,42.78619173776409
CEC2_E032_S08631_L0221,19.326795651511585
CEC2_E032_S08514_L0221,39.465993854256844
CEC2_E032_S08636_L0221,58.397228762548394
CEC2_E036_S09800_L0221,82.86966426186643
CEC2_E036_S08846_L0221,64.73054743211061
CEC2_E036_S09079_L0221,58.934790225045454
CEC2_E036_S09459_L0221,59.439818945404184
CEC2_E036_S09917_L0221,55.83711042405819
CEC2_E036_S09167_L0221,66.654456683643
CEC2_E036_S09780_L0221,61.49945267399578
CEC2_E036_S09134_L0221,54.56021999979438
CEC2_E036_S08662_L0221,27.036605206031005
CEC2_E036_S09553_L0221,79.87968152103332
CEC2_E036_S08908_L0221,46.9877265811285
CEC2_E036_S08927_L0221,47.140944376246175
CEC2_E036_S09596_L0221,29.820043474740988
CEC2_E036_S09624_L0221,13.989791503490302
CEC2_E036_S09003_L0221,59.118192191528415
CEC2_E036_S08590_L0221,55.0578445788701
CEC2_E036_S08807_L0221,54.79425531624271
CEC2_E036_S08513_L0221,23.48902127594689
CEC2_E036_S09675_L0221,87.99699721852694
CEC2_E036_S09481_L0221,57.14600716271858
CEC2_E036_S09457_L0221,88.37550800032146
CEC2_E036_S08862_L0221,13.389864786720294
CEC2_E036_S09593_L0221,62.08291875170922
CEC2_E036_S08606_L0221,73.23166541219025
CEC2_E036_S09764_L0221,49.48278878348709
CEC2_E036_S08623_L0221,39.00074897466574
CEC2_E036_S08994_L0221,55.4348348193634
CEC2_E036_S08668_L0221,46.82684713129215
CEC2_E036_S09151_L0221,67.19740652437062
CEC2_E036_S08650_L0221,58.483742768235416
CEC2_E036_S08810_L0221,62.278962669316485
CEC2_E036_S09599_L0221,87.23615129213454
CEC2_E036_S09204_L0221,60.16821951747751
CEC2_E036_S09652_L0221,77.73759932375704
CEC2_E036_S08809_L0221,55.760956881681864
CEC2_E036_S09058_L0221,45.18743465983465
CEC2_E036_S08893_L0221,37.090909111061876
CEC2_E036_S08917_L0221,83.3368851224477
CEC2_E036_S09150_L0221,50.59432519591124
CEC2_E036_S09322_L0221,23.359241694282755
CEC2_E036_S08701_L0221,81.68759947140167
CEC2_E036_S09363_L0221,86.85735640201325
CEC2_E036_S09488_L0221,86.10502241298738
CEC2_E036_S09844_L0221,11.63284503088494
CEC2_E036_S09985_L0221,55.447261243146734
CEC2_E036_S08745_L0221,88.27629739659223
CEC2_E036_S08572_L0221,11.49743229832494
CEC2_E036_S09158_L0221,84.04496270424663
CEC2_E036_S08750_L0221,87.93304883796259
CEC2_E036_S08845_L0221,80.13272333439845
CEC2_E036_S09677_L0221,75.65226079295552
CEC2_E036_S09811_L0221,59.44393799480977
CEC2_E036_S09982_L0221,55.180444601826295
CEC2_E036_S09760_L0221,47.452218897340366
CEC2_E036_S09606_L0221,63.393035236830336
CEC2_E036_S09270_L0221,48.76868983855033
CEC2_E036_S08958_L0221,85.48591509634961
CEC2_E036_S09726_L0221,78.22301288430329
CEC2_E036_S09460_L0221,39.574311742603165
CEC2_E036_S08956_L0221,82.47834296200139
CEC2_E037_S09398_L0221,73.1554268466017
CEC2_E037_S09584_L0221,74.90219588430124
CEC2_E037_S09174_L0221,65.91226528472629
CEC2_E037_S08688_L0221,77.60271280099103
CEC2_E037_S09272_L0221,80.89032049973811
CEC2_E037_S08841_L0221,78.16691293657534
CEC2_E037_S09157_L0221,57.30629850799139
CEC2_E037_S09082_L0221,77.75894223264115
CEC2_E037_S09526_L0221,81.64406574020384
CEC2_E037_S09153_L0221,78.5910796131301
CEC2_E037_S09244_L0221,58.11470425924527
CEC2_E037_S08624_L0221,75.44408159711668
CEC2_E037_S08569_L0221,66.75904232431712
CEC2_E037_S09900_L0221,44.80290109556454
CEC2_E037_S09785_L0221,88.55883241218828
CEC2_E037_S09237_L0221,87.9846462475644
CEC2_E037_S09912_L0221,87.85182295730353
CEC2_E037_S09470_L0221,59.27956297683195
CEC2_E037_S09067_L0221,31.159899117946708
CEC2_E037_S09920_L0221,88.86508918836981
CEC2_E037_S08612_L0221,87.03963622183672
CEC2_E037_S09073_L0221,59.660297133029836
CEC2_E037_S08979_L0221,13.702175717074295
CEC2_E037_S09552_L0221,86.48120848527807
CEC2_E037_S09861_L0221,62.60603097934021
CEC2_E037_S09512_L0221,56.72389797537059
CEC2_E037_S08944_L0221,77.04265913857793
CEC2_E037_S08882_L0221,72.85342661800036
CEC2_E037_S09346_L0221,88.12022226127573
CEC2_E037_S09402_L0221,75.62520883693158
CEC2_E037_S08714_L0221,78.05101541978868
CEC2_E037_S08622_L0221,81.3483345706735
CEC2_E037_S08676_L0221,69.37813087742512
CEC2_E037_S09907_L0221,89.01216927080195
CEC2_E037_S09009_L0221,61.08797513750551
CEC2_E037_S09025_L0221,75.25590619778448
CEC2_E037_S08626_L0221,73.07745744182851
CEC2_E037_S09090_L0221,86.1839676341724
CEC2_E037_S08996_L0221,60.33787706839477
CEC2_E037_S08625_L0221,71.29974736841902
CEC2_E037_S09824_L0221,66.28047235826847
CEC2_E037_S09235_L0221,86.29918922408456
CEC2_E037_S08653_L0221,88.09583634518874
CEC2_E037_S08803_L0221,88.62685394872273
CEC2_E037_S09586_L0221,89.03847132288259
CEC2_E037_S09881_L0221,84.4481501737885
CEC2_E037_S08945_L0221,66.2080850586545
CEC2_E037_S09608_L0221,27.37811912281853
CEC2_E037_S08860_L0221,89.04928150224768
CEC2_E037_S08875_L0221,88.90357528392863
CEC2_E037_S09434_L0221,80.76458325888478
CEC2_E037_S09893_L0221,88.47520156295369
CEC2_E037_S08836_L0221,88.79983002818189
CEC2_E037_S09413_L0221,56.21513515969808
CEC2_E037_S09846_L0221,49.214537651815405
CEC2_E037_S09371_L0221,41.12506798905881
CEC2_E037_S09109_L0221,43.7107830860081
CEC2_E037_S09536_L0221,86.46166974475959
CEC2_E037_S08598_L0221,56.4938231140114
CEC2_E037_S09098_L0221,88.93458535092041
CEC2_E038_S08768_L0221,67.28886089327118
CEC2_E038_S08577_L0221,81.93456631441849
CEC2_E038_S08847_L0221,88.14185991978415
CEC2_E038_S08663_L0221,60.985265706474046
CEC2_E038_S09193_L0221,56.828419379571734
CEC2_E038_S09504_L0221,11.326056614918292
CEC2_E038_S09832_L0221,68.88961459354262
CEC2_E038_S09469_L0221,36.9254541373075
CEC2_E038_S09443_L0221,11.908225713827619
CEC2_E038_S08735_L0221,50.4301884038769
CEC2_E038_S08542_L0221,65.69737839444606
CEC2_E038_S09663_L0221,73.06127525181866
CEC2_E038_S09672_L0221,74.97727336258282
CEC2_E038_S09140_L0221,65.61395797669702
CEC2_E038_S08502_L0221,24.226253573972702
CEC2_E038_S09130_L0221,11.769980065143619
CEC2_E038_S08806_L0221,48.39333030163943
CEC2_E038_S09996_L0221,61.912576690484784
CEC2_E038_S09857_L0221,21.30565542781483
CEC2_E038_S09984_L0221,35.7025964723129
CEC2_E038_S09392_L0221,78.22051661189234
CEC2_E038_S09671_L0221,81.89938495178824
CEC2_E038_S09271_L0221,83.00103111371504
CEC2_E038_S09979_L0221,17.0389410224073
CEC2_E038_S09456_L0221,65.20460214881793
CEC2_E038_S09645_L0221,77.38290864636394
CEC2_E038_S09296_L0221,87.99124934502818
CEC2_E038_S09403_L0221,17.84679354880299
CEC2_E038_S08652_L0221,51.33290723750177
CEC2_E038_S09817_L0221,12.298680954206793
CEC2_E038_S09455_L0221,47.08492552176249
CEC2_E038_S09156_L0221,87.09567684953822
CEC2_E038_S08597_L0221,68.5616039212656
CEC2_E038_S09838_L0221,19.104138727514346
CEC2_E038_S09332_L0221,75.07911165535394
CEC2_E038_S09686_L0221,86.84814488360205
CEC2_E038_S08519_L0221,11.867736386420589
CEC2_E038_S09515_L0221,31.569330849566374
CEC2_E038_S09308_L0221,21.384759556187174
CEC2_E038_S08855_L0221,61.76749774049293
CEC2_E038_S09913_L0221,78.72125181518656
CEC2_E038_S09541_L0221,12.06920684923019
CEC2_E038_S09929_L0221,57.76416141963419
CEC2_E038_S09188_L0221,18.962351452604956
CEC2_E038_S08677_L0221,35.84053672939881
CEC2_E038_S09039_L0221,35.28196766596739
CEC2_E038_S09842_L0221,62.178757935059465
CEC2_E038_S08801_L0221,39.955858847523835
CEC2_E038_S09600_L0221,19.386197436579945
CEC2_E038_S09991_L0221,88.49157354841888
CEC2_E038_S08947_L0221,60.25069439996629
CEC2_E038_S09808_L0221,20.88062373601658
CEC2_E038_S09971_L0221,47.05923585633994
CEC2_E038_S08574_L0221,80.83227407081704
CEC2_E038_S09612_L0221,23.369461479040236
CEC2_E038_S08555_L0221,77.17600645747986
CEC2_E038_S09078_L0221,43.07107318878577
CEC2_E038_S09884_L0221,12.599317747269229
CEC2_E038_S09287_L0221,73.82246235447083
CEC2_E038_S09594_L0221,13.416286407210704
CEC2_E001_S09835_L0222,55.79423699096622
CEC2_E001_S09171_L0222,20.510831297433896
CEC2_E001_S09605_L0222,56.82757204662631
CEC2_E001_S08704_L0222,10.555288276016803
CEC2_E001_S09685_L0222,20.696327124008572
CEC2_E001_S09159_L0222,13.182718195501725
CEC2_E001_S09393_L0222,14.61269011939821
CEC2_E001_S08826_L0222,10.636261678328303
CEC2_E001_S08984_L0222,45.29789764365152
CEC2_E001_S09837_L0222,31.87684322827126
CEC2_E001_S08874_L0222,11.571588657930208
CEC2_E001_S08635_L0222,10.440803406657906
CEC2_E001_S09607_L0222,41.670229293658146
CEC2_E001_S09763_L0222,42.05151652517141
CEC2_E001_S09341_L0222,12.536948935001504
CEC2_E001_S09966_L0222,15.257228410730567
CEC2_E001_S09883_L0222,12.667390044954502
CEC2_E001_S09225_L0222,10.506066572018872
CEC2_E001_S09497_L0222,20.463300107409882
CEC2_E001_S09376_L0222,12.634442370202278
CEC2_E001_S08743_L0222,12.498490380554587
CEC2_E001_S09336_L0222,28.049511295071024
CEC2_E001_S09555_L0222,10.765659899054592
CEC2_E001_S08926_L0222,10.659176060604228
CEC2_E001_S09364_L0222,25.813617385863605
CEC2_E001_S08931_L0222,84.23729011865127
CEC2_E001_S09245_L0222,19.353664874135987
CEC2_E001_S09210_L0222,12.559723189132502
CEC2_E001_S09144_L0222,77.73059708178167
CEC2_E001_S09629_L0222,30.989890892717007
CEC2_E001_S09052_L0222,13.594119066336143
CEC2_E001_S08782_L0222,70.44990573884145
CEC2_E001_S08585_L0222,13.260736033444722
CEC2_E001_S09425_L0222,50.629306138190714
CEC2_E001_S09976_L0222,11.412002965644117
CEC2_E001_S09754_L0222,12.937654299807965
CEC2_E001_S09508_L0222,35.3318992507595
CEC2_E001_S09099_L0222,10.971372538323942
CEC2_E001_S09826_L0222,10.402812537214551
CEC2_E001_S08627_L0222,18.367807615348962
CEC2_E001_S09430_L0222,15.015720161445257
CEC2_E001_S09789_L0222,11.639279274060039
CEC2_E001_S09221_L0222,10.510919210414283
CEC2_E001_S09719_L0222,12.93110379805479
CEC2_E001_S08998_L0222,42.28557036033137
CEC2_E001_S09101_L0222,11.434401626492631
CEC2_E001_S08526_L0222,11.452137267979479
CEC2_E001_S09118_L0222,25.020278597985744
CEC2_E001_S08788_L0222,10.709492813077933
CEC2_E001_S09889_L0222,10.578657775939329
CEC2_E001_S09357_L0222,11.875621224417927
CEC2_E001_S08530_L0222,10.841995926728844
CEC2_E001_S09949_L0222,24.769207337513144
CEC2_E001_S09547_L0222,10.723936988044494
CEC2_E001_S09986_L0222,10.761399995243028
CEC2_E001_S09734_L0222,10.985061885594831
CEC2_E001_S09908_L0222,36.871483446534725
CEC2_E001_S08753_L0222,26.271378350615727
CEC2_E008_S08673_L0222,17.217180301287605
CEC2_E008_S09591_L0222,71.9232610226906
CEC2_E008_S09353_L0222,51.41242090031135
CEC2_E008_S08857_L0222,22.08276904341811
CEC2_E008_S09517_L0222,25.14716609473753
CEC2_E008_S09461_L0222,41.03585085820903
CEC2_E008_S08879_L0222,81.74918115175909
CEC2_E008_S09191_L0222,58.05282555188564
CEC2_E008_S09891_L0222,67.93722435616519
CEC2_E008_S09819_L0222,82.67760280974667
CEC2_E008_S09683_L0222,75.16012677651788
CEC2_E008_S08825_L0222,55.18632625112728
CEC2_E008_S08509_L0222,57.601547830072256
CEC2_E008_S08618_L0222,21.992519600567782
CEC2_E008_S09668_L0222,82.60137470598262
CEC2_E008_S09148_L0222,58.38910109616188
CEC2_E008_S08703_L0222,22.557552836036574
CEC2_E008_S09502_L0222,63.10349250373141
CEC2_E008_S09804_L0222,61.966453682940276
CEC2_E008_S08864_L0222,79.65949351508085
CEC2_E008_S08973_L0222,83.85481069059409
CEC2_E008_S08617_L0222,55.770851927703106
CEC2_E008_S09097_L0222,60.527937378749584
CEC2_E008_S09200_L0222,79.09439256309554
CEC2_E008_S09867_L0222,40.02317783907626
CEC2_E008_S09421_L0222,78.91743013489982
CEC2_E008_S09301_L0222,87.58244053830873
CEC2_E008_S08715_L0222,74.49838890251176
CEC2_E008_S08999_L0222,73.80637732688498
CEC2_E008_S09095_L0222,11.255616237704052
CEC2_E008_S09168_L0222,63.547369052898254
CEC2_E008_S08919_L0222,53.23105836053835
CEC2_E008_S09692_L0222,64.06315342478496
CEC2_E008_S09822_L0222,33.25449908990642
CEC2_E008_S09999_L0222,83.28870417417438
CEC2_E008_S08537_L0222,88.4716300695064
CEC2_E008_S09882_L0222,34.14432523991249
CEC2_E008_S09247_L0222,61.65294079609456
CEC2_E008_S09407_L0222,64.24460318822861
CEC2_E008_S09737_L0222,56.36168332928321
CEC2_E008_S09440_L0222,83.74385373861482
CEC2_E008_S08817_L0222,15.405738217976483
CEC2_E008_S09289_L0222,70.0864836603876
CEC2_E008_S09236_L0222,88.05886303183973
CEC2_E008_S09177_L0222,62.443035031665765
CEC2_E008_S09143_L0222,31.40342384933298
CEC2_E008_S09585_L0222,73.63786245894227
CEC2_E008_S08639_L0222,16.940181390031025
CEC2_E008_S08991_L0222,11.397071538361992
CEC2_E008_S09736_L0222,12.827506189354526
CEC2_E008_S08832_L0222,55.76138259666529
CEC2_E008_S08866_L0222,83.13800277804486
CEC2_E008_S08575_L0222,64.52790433517087
CEC2_E008_S08580_L0222,88.70251751680809
CEC2_E008_S09108_L0222,24.14187657415115
CEC2_E008_S09611_L0222,83.58988192027213
CEC2_E008_S09694_L0222,78.35599148476179
CEC2_E008_S09132_L0222,38.45491811474032
CEC2_E008_S09565_L0222,73.13723166098461
CEC2_E008_S09750_L0222,87.97991610034474
CEC2_E009_S09354_L0222,87.49531472944913
CEC2_E009_S08892_L0222,88.76264679660768
CEC2_E009_S09432_L0222,88.7483968146483
CEC2_E009_S08792_L0222,88.95243214803057
CEC2_E009_S08570_L0222,88.91798489801882
CEC2_E009_S09866_L0222,88.50092770845023
CEC2_E009_S09377_L0222,88.20030125324352
CEC2_E009_S09951_L0222,88.85595666801953
CEC2_E009_S09161_L0222,88.96547307401245
CEC2_E009_S09705_L0222,88.99020549574044
CEC2_E009_S08793_L0222,88.57504577917408
CEC2_E009_S08727_L0222,88.93267688673501
CEC2_E009_S09640_L0222,88.97150283616803
CEC2_E009_S09342_L0222,88.92633457936034
CEC2_E009_S08528_L0222,88.92481828511579
CEC2_E009_S09981_L0222,88.97605668613036
CEC2_E009_S09707_L0222,88.98621174899846
CEC2_E009_S09667_L0222,88.21795467921459
CEC2_E009_S09537_L0222,88.0528651118328
CEC2_E009_S09834_L0222,88.99415397209208
CEC2_E009_S09523_L0222,88.34001392157813
CEC2_E009_S08887_L0222,75.40712933946071
CEC2_E009_S09603_L0222,88.67708945413354
CEC2_E009_S09043_L0222,72.0574545338284
CEC2_E009_S08854_L0222,88.87640572513172
CEC2_E009_S09644_L0222,88.851658427301
CEC2_E009_S09477_L0222,83.0197564419264
CEC2_E009_S09519_L0222,84.27477832009586
CEC2_E009_S09587_L0222,88.9594569448199
CEC2_E009_S09510_L0222,88.20609311122621
CEC2_E009_S09896_L0222,88.99610048650793
CEC2_E009_S08707_L0222,89.00026334280211
CEC2_E009_S08763_L0222,88.99839326915927
CEC2_E009_S09689_L0222,89.00338615712661
CEC2_E009_S09081_L0222,89.00110672157884
CEC2_E009_S08643_L0222,88.98616081354905
CEC2_E009_S09065_L0222,88.99702019496262
CEC2_E009_S09865_L0222,88.97294605742347
CEC2_E009_S09024_L0222,88.99691306325501
CEC2_E009_S08812_L0222,88.99883126054739
CEC2_E009_S08770_L0222,88.84654709707769
CEC2_E009_S08775_L0222,88.99730471950103
CEC2_E009_S08553_L0222,88.99104036149826
CEC2_E009_S09125_L0222,88.9796849122087
CEC2_E009_S09258_L0222,89.00294884243347
CEC2_E009_S09076_L0222,88.89158376941894
CEC2_E009_S09438_L0222,88.94263391153115
CEC2_E009_S09722_L0222,88.96071912244174
CEC2_E009_S09370_L0222,88.97573602765978
CEC2_E009_S08989_L0222,88.99218966550787
CEC2_E009_S09110_L0222,88.9934728227314
CEC2_E009_S09273_L0222,88.85448524208596
CEC2_E009_S09321_L0222,88.3272652854441
CEC2_E009_S08940_L0222,88.98406628112996
CEC2_E009_S08966_L0222,88.92659621778094
CEC2_E009_S09001_L0222,88.96475232372516
CEC2_E009_S09903_L0222,88.99991665027311
CEC2_E009_S09768_L0222,88.58906600335446
CEC2_E009_S09821_L0222,88.94444323256769
CEC2_E009_S08890_L0222,89.00347239889865
CEC2_E022_S09082_L0222,71.08172641102978
CEC2_E022_S08841_L0222,82.25840266827647
CEC2_E022_S09584_L0222,80.4646991272677
CEC2_E022_S09398_L0222,72.6924834945143
CEC2_E022_S09526_L0222,71.09042822279422
CEC2_E022_S08688_L0222,79.36931880726713
CEC2_E022_S09153_L0222,75.07372027031026
CEC2_E022_S09157_L0222,60.72989600187006
CEC2_E022_S09174_L0222,68.92924811219689
CEC2_E022_S09272_L0222,76.81959688740199
CEC2_E022_S09067_L0222,33.62907927712292
CEC2_E022_S09900_L0222,38.5415188519428
CEC2_E022_S09470_L0222,81.97628148229855
CEC2_E022_S09912_L0222,89.14600313932525
CEC2_E022_S09920_L0222,89.37857276422963
CEC2_E022_S09244_L0222,62.98795481421343
CEC2_E022_S09237_L0222,85.6602616704553
CEC2_E022_S09785_L0222,89.27131185384025
CEC2_E022_S08569_L0222,54.948997821244355
CEC2_E022_S08624_L0222,73.02074823593611
CEC2_E022_S09073_L0222,60.13670964518054
CEC2_E022_S09346_L0222,88.51709222013656
CEC2_E022_S08979_L0222,17.28524722813843
CEC2_E022_S08882_L0222,75.16491194802917
CEC2_E022_S09861_L0222,59.01724391278698
CEC2_E022_S09402_L0222,66.60950222547267
CEC2_E022_S09552_L0222,86.83454809914895
CEC2_E022_S08612_L0222,85.50053397922458
CEC2_E022_S09512_L0222,49.643373535308776
CEC2_E022_S08944_L0222,83.8593984736429
CEC2_E022_S08714_L0222,76.70871458726144
CEC2_E022_S08625_L0222,69.47265992434608
CEC2_E022_S08622_L0222,80.84418486366106
CEC2_E022_S09090_L0222,87.85795890325359
CEC2_E022_S08676_L0222,72.39047870895283
CEC2_E022_S09907_L0222,89.27402897746653
CEC2_E022_S09009_L0222,60.95028641922182
CEC2_E022_S08626_L0222,81.90254924891717
CEC2_E022_S09025_L0222,77.15959006462181
CEC2_E022_S08996_L0222,51.12947110190935
CEC2_E022_S08803_L0222,89.26293680625008
CEC2_E022_S09586_L0222,89.4832232915058
CEC2_E022_S09824_L0222,38.81471025230748
CEC2_E022_S08653_L0222,88.77129012413599
CEC2_E022_S09608_L0222,67.65967782980529
CEC2_E022_S08945_L0222,80.07206908083829
CEC2_E022_S09235_L0222,88.83084852444804
CEC2_E022_S08860_L0222,89.20935946234721
CEC2_E022_S08875_L0222,89.41678921478788
CEC2_E022_S09881_L0222,88.61115135427404
CEC2_E022_S08836_L0222,88.95557472625622
CEC2_E022_S09413_L0222,52.817857947803226
CEC2_E022_S08598_L0222,59.30501289443511
CEC2_E022_S09098_L0222,89.04225536031059
CEC2_E022_S09109_L0222,34.80850907096951
CEC2_E022_S09371_L0222,31.682676482011832
CEC2_E022_S09434_L0222,79.27850780957874
CEC2_E022_S09536_L0222,87.84573951402736
CEC2_E022_S09893_L0222,89.15754811627583
CEC2_E022_S09846_L0222,53.533435838740154
CEC2_E024_S09632_L0222,76.11602281590187
CEC2_E024_S09749_L0222,61.967820716405996
CEC2_E024_S09033_L0222,18.363541428183364
CEC2_E024_S09233_L0222,78.61670416519951
CEC2_E024_S08829_L0222,63.720976664998396
CEC2_E024_S08696_L0222,75.58255591229357
CEC2_E024_S09601_L0222,35.38278214394881
CEC2_E024_S08784_L0222,38.58141599999634
CEC2_E024_S09636_L0222,78.24810012499827
CEC2_E024_S08649_L0222,89.98512418025037
CEC2_E024_S09445_L0222,70.1237844417496
CEC2_E024_S09576_L0222,14.661937230398463
CEC2_E024_S08725_L0222,89.3820965703136
CEC2_E024_S09277_L0222,68.11199086554043
CEC2_E024_S09053_L0222,85.09627971827375
CEC2_E024_S09128_L0222,18.362767337272665
CEC2_E024_S09114_L0222,58.83156168211576
CEC2_E024_S09657_L0222,69.09001693869804
CEC2_E024_S09088_L0222,33.75724038772823
CEC2_E024_S08544_L0222,72.29733184407259
CEC2_E024_S09309_L0222,84.48444679015951
CEC2_E024_S09945_L0222,45.371750644003825
CEC2_E024_S09226_L0222,70.6468351300257
CEC2_E024_S08914_L0222,84.69950573368521
CEC2_E024_S08565_L0222,47.5753096484928
CEC2_E024_S08842_L0222,69.96862882198936
CEC2_E024_S08851_L0222,89.05041420283816
CEC2_E024_S09220_L0222,68.73435133787895
CEC2_E024_S09435_L0222,12.217577001819889
CEC2_E024_S09102_L0222,31.98779956724109
CEC2_E024_S08551_L0222,89.91306359739214
CEC2_E024_S09163_L0222,77.41810867672706
CEC2_E024_S09318_L0222,53.8967922860205
CEC2_E024_S09513_L0222,89.5392223961565
CEC2_E024_S09972_L0222,89.89272382039552
CEC2_E024_S09117_L0222,11.918428034760291
CEC2_E024_S09610_L0222,59.12944235197631
CEC2_E024_S09630_L0222,86.50659913899808
CEC2_E024_S09029_L0222,84.0300134342513
CEC2_E024_S08838_L0222,44.71348736629501
CEC2_E024_S09458_L0222,89.93374849388397
CEC2_E024_S08581_L0222,90.0089107391339
CEC2_E024_S08964_L0222,89.61326865642118
CEC2_E024_S09967_L0222,16.75290450283916
CEC2_E024_S08978_L0222,88.96405064312181
CEC2_E024_S09820_L0222,62.18990056560522
CEC2_E024_S09885_L0222,90.15594739253137
CEC2_E024_S08533_L0222,90.07172296149167
CEC2_E024_S09268_L0222,13.94607010862921
CEC2_E024_S09422_L0222,23.296347659283793
CEC2_E024_S09388_L0222,88.89662209496227
CEC2_E024_S08897_L0222,82.38342474458629
CEC2_E024_S09160_L0222,79.7719158622373
CEC2_E024_S09592_L0222,18.44019764800182
CEC2_E024_S09795_L0222,41.29499094828296
CEC2_E024_S09172_L0222,82.62449783259514
CEC2_E024_S09439_L0222,79.19010419437629
CEC2_E024_S09774_L0222,48.344537625803326
CEC2_E024_S09046_L0222,24.650786020201668
CEC2_E024_S09758_L0222,77.880029107555
CEC2_E031_S09648_L0222,37.877121784740964
CEC2_E031_S09620_L0222,85.92507376416266
CEC2_E031_S08744_L0222,80.34400481826583
CEC2_E031_S09932_L0222,89.20843269391335
CEC2_E031_S08561_L0222,87.37137033352518
CEC2_E031_S08584_L0222,89.13741853167437
CEC2_E031_S08764_L0222,78.4112473793865
CEC2_E031_S09326_L0222,89.14698859194174
CEC2_E031_S09327_L0222,87.19475872724662
CEC2_E031_S09778_L0222,78.00843220923164
CEC2_E031_S09285_L0222,83.87359290098516
CEC2_E031_S09712_L0222,89.18058105442925
CEC2_E031_S09535_L0222,31.455311061979224
CEC2_E031_S09853_L0222,80.62227729290773
CEC2_E031_S09989_L0222,57.52238668542338
CEC2_E031_S09743_L0222,89.0915307775974
CEC2_E031_S08850_L0222,89.42713919180089
CEC2_E031_S09678_L0222,88.66084715388956
CEC2_E031_S09816_L0222,72.55195658580301
CEC2_E031_S09646_L0222,88.55620874421493
CEC2_E031_S08610_L0222,88.7022976105846
CEC2_E031_S09759_L0222,89.43123515138417
CEC2_E031_S09339_L0222,84.73972438286117
CEC2_E031_S09720_L0222,65.43964427328042
CEC2_E031_S09870_L0222,83.084134493329
CEC2_E031_S09761_L0222,89.3045034180302
CEC2_E031_S09248_L0222,70.456645424729
CEC2_E031_S09570_L0222,87.38074931838722
CEC2_E031_S08746_L0222,86.50998938367434
CEC2_E031_S09091_L0222,89.37802919486728
CEC2_E031_S09501_L0222,83.0113468536899
CEC2_E031_S09836_L0222,89.10879988055234
CEC2_E031_S09933_L0222,89.28108797703199
CEC2_E031_S09205_L0222,86.08048899676538
CEC2_E031_S09856_L0222,88.8767287977034
CEC2_E031_S09361_L0222,59.134846453920616
CEC2_E031_S09449_L0222,86.29856779638592
CEC2_E031_S09650_L0222,89.20927641943878
CEC2_E031_S08567_L0222,59.970644026731
CEC2_E031_S09877_L0222,82.1486765379477
CEC2_E031_S09275_L0222,89.4759525613556
CEC2_E031_S08731_L0222,86.58925990766137
CEC2_E031_S09352_L0222,89.22378363513961
CEC2_E031_S08730_L0222,86.85840361102743
CEC2_E031_S08726_L0222,88.30545150851403
CEC2_E031_S09567_L0222,88.83955807101002
CEC2_E031_S08923_L0222,11.294123478236573
CEC2_E031_S08785_L0222,89.44489598447085
CEC2_E031_S09041_L0222,88.9231355722426
CEC2_E031_S09557_L0222,82.29567483265794
CEC2_E031_S08835_L0222,88.8905526727324
CEC2_E031_S09089_L0222,28.81805295591984
CEC2_E031_S08787_L0222,59.99681033683609
CEC2_E031_S09069_L0222,88.91895117733344
CEC2_E031_S09944_L0222,54.25563105767798
CEC2_E031_S08631_L0222,67.25060335541919
CEC2_E031_S08997_L0222,78.35059483497325
CEC2_E031_S08514_L0222,78.9783938112569
CEC2_E031_S09478_L0222,89.1130900328745
CEC2_E031_S08636_L0222,89.45900189599396
CEC2_E032_S09917_L0222,15.22017950316766
CEC2_E032_S08846_L0222,34.19494089987657
CEC2_E032_S09800_L0222,88.74922345140732
CEC2_E032_S09134_L0222,32.847186179052585
CEC2_E032_S08662_L0222,12.846172683257432
CEC2_E032_S09459_L0222,67.28738843667314
CEC2_E032_S09079_L0222,62.371443331919195
CEC2_E032_S09780_L0222,82.52701752342114
CEC2_E032_S09167_L0222,69.17866809660697
CEC2_E032_S09553_L0222,84.79871146680217
CEC2_E032_S08590_L0222,40.32617436680795
CEC2_E032_S08908_L0222,36.330530596740694
CEC2_E032_S09675_L0222,89.03862323204659
CEC2_E032_S09596_L0222,59.4164950551531
CEC2_E032_S08807_L0222,42.02676302455489
CEC2_E032_S09481_L0222,47.97403453522749
CEC2_E032_S09624_L0222,21.92927814338635
CEC2_E032_S09003_L0222,51.60429409130352
CEC2_E032_S08513_L0222,23.735178316148257
CEC2_E032_S08927_L0222,49.316563046997494
CEC2_E032_S08650_L0222,33.95484396087087
CEC2_E032_S09457_L0222,88.63822259167283
CEC2_E032_S09151_L0222,41.87969871705204
CEC2_E032_S08668_L0222,27.294609440625063
CEC2_E032_S08994_L0222,76.73089844979145
CEC2_E032_S08862_L0222,28.957598425004203
CEC2_E032_S09764_L0222,62.564280556457774
CEC2_E032_S08606_L0222,53.39612981420168
CEC2_E032_S08623_L0222,75.66052260302533
CEC2_E032_S09593_L0222,70.50857178342034
CEC2_E032_S09599_L0222,87.78810207922442
CEC2_E032_S08917_L0222,63.672160845718636
CEC2_E032_S08809_L0222,12.745321950505298
CEC2_E032_S09150_L0222,72.33681115619645
CEC2_E032_S09058_L0222,62.796796189955366
CEC2_E032_S09322_L0222,13.932425569961437
CEC2_E032_S09204_L0222,14.007489043575687
CEC2_E032_S09652_L0222,80.74342179326595
CEC2_E032_S08893_L0222,62.6597199454875
CEC2_E032_S08810_L0222,87.30812945599375
CEC2_E032_S09488_L0222,87.11083066684625
CEC2_E032_S08745_L0222,80.63456513013242
CEC2_E032_S09158_L0222,39.71970771149549
CEC2_E032_S08750_L0222,80.41180834960167
CEC2_E032_S09844_L0222,19.744654839801218
CEC2_E032_S08572_L0222,12.440471415723799
CEC2_E032_S08701_L0222,82.58371019936995
CEC2_E032_S09363_L0222,39.01781672287245
CEC2_E032_S08845_L0222,15.036592147229307
CEC2_E032_S09985_L0222,61.384338986932704
CEC2_E032_S09982_L0222,41.986801449635664
CEC2_E032_S09606_L0222,41.485885419318365
CEC2_E032_S09460_L0222,13.075836032250496
CEC2_E032_S09811_L0222,45.227253884756756
CEC2_E032_S09677_L0222,71.4498667602978
CEC2_E032_S08958_L0222,54.00228178054529
CEC2_E032_S08956_L0222,74.22455595604829
CEC2_E032_S09760_L0222,19.977846313067193
CEC2_E032_S09726_L0222,81.62929483008811
CEC2_E032_S09270_L0222,24.624418727072648
CEC2_E036_S08768_L0222,68.6929224481282
CEC2_E036_S09443_L0222,63.36831089101664
CEC2_E036_S08663_L0222,57.85394862571826
CEC2_E036_S09832_L0222,62.80208333288939
CEC2_E036_S09504_L0222,25.883574217026815
CEC2_E036_S09193_L0222,60.191118078815165
CEC2_E036_S08735_L0222,59.96593715446158
CEC2_E036_S08847_L0222,77.90342680164638
CEC2_E036_S09469_L0222,53.815767835951476
CEC2_E036_S08577_L0222,80.1424403918358
CEC2_E036_S09984_L0222,38.363165920300375
CEC2_E036_S09140_L0222,73.71593754592777
CEC2_E036_S09672_L0222,68.90230859613723
CEC2_E036_S09130_L0222,46.684017209758245
CEC2_E036_S09857_L0222,22.870817518647346
CEC2_E036_S09663_L0222,82.41825319251753
CEC2_E036_S08542_L0222,57.87795273571646
CEC2_E036_S08502_L0222,52.49605721415136
CEC2_E036_S08806_L0222,55.093403794910785
CEC2_E036_S09996_L0222,80.82763206628245
CEC2_E036_S09392_L0222,86.0666979513085
CEC2_E036_S09817_L0222,34.05037465996257
CEC2_E036_S09645_L0222,72.49839872794091
CEC2_E036_S09296_L0222,83.37537761640164
CEC2_E036_S09271_L0222,51.748670597703175
CEC2_E036_S09403_L0222,74.73685317035834
CEC2_E036_S09979_L0222,43.849884504064725
CEC2_E036_S09671_L0222,73.63784629485212
CEC2_E036_S08652_L0222,74.05295355810696
CEC2_E036_S09456_L0222,65.1446223806435
CEC2_E036_S09332_L0222,58.94958693247861
CEC2_E036_S09156_L0222,72.07301633833526
CEC2_E036_S08855_L0222,46.48344280441411
CEC2_E036_S09308_L0222,35.480826987809195
CEC2_E036_S08519_L0222,17.438431886251507
CEC2_E036_S09838_L0222,43.22871262942623
CEC2_E036_S08597_L0222,79.88463003948696
CEC2_E036_S09686_L0222,86.88773070093059
CEC2_E036_S09515_L0222,53.31005749838545
CEC2_E036_S09455_L0222,54.6470091229494
CEC2_E036_S09188_L0222,25.70401865821769
CEC2_E036_S09991_L0222,89.24825042676856
CEC2_E036_S09913_L0222,88.36233172026071
CEC2_E036_S08677_L0222,87.3222254688746
CEC2_E036_S09541_L0222,14.48669998034404
CEC2_E036_S08801_L0222,36.734805820967786
CEC2_E036_S09039_L0222,55.962009954354215
CEC2_E036_S09600_L0222,66.74392010773917
CEC2_E036_S09842_L0222,75.13443406493597
CEC2_E036_S09929_L0222,35.73470767139309
CEC2_E036_S09594_L0222,46.83442077877547
CEC2_E036_S09287_L0222,69.68183987182684
CEC2_E036_S09808_L0222,81.91666388195817
CEC2_E036_S09884_L0222,70.64227566610725
CEC2_E036_S09612_L0222,47.4909041802267
CEC2_E036_S08555_L0222,77.4319670893861
CEC2_E036_S09078_L0222,80.15168002342584
CEC2_E036_S09971_L0222,54.594102512451485
CEC2_E036_S08947_L0222,69.96128498824325
CEC2_E036_S08574_L0222,85.47443882503667
CEC2_E037_S09294_L0222,88.43456556501567
CEC2_E037_S09256_L0222,79.44587030111877
CEC2_E037_S08969_L0222,39.20146502815053
CEC2_E037_S08853_L0222,74.89736691121765
CEC2_E037_S09230_L0222,48.899467055924035
CEC2_E037_S08628_L0222,86.86224636572759
CEC2_E037_S08546_L0222,65.13729428616202
CEC2_E037_S09441_L0222,59.47526650322841
CEC2_E037_S09748_L0222,22.643393283536547
CEC2_E037_S09786_L0222,80.56254900525428
CEC2_E037_S09987_L0222,74.60072393299347
CEC2_E037_S08837_L0222,86.2704233119014
CEC2_E037_S09661_L0222,82.7256330435739
CEC2_E037_S09307_L0222,89.00528447017291
CEC2_E037_S08902_L0222,88.36456906048019
CEC2_E037_S08583_L0222,87.28907346257073
CEC2_E037_S09473_L0222,79.08400661726122
CEC2_E037_S09656_L0222,70.06720518380685
CEC2_E037_S08970_L0222,85.48728125229873
CEC2_E037_S08525_L0222,74.45767835112267
CEC2_E037_S08849_L0222,48.18290359821706
CEC2_E037_S09511_L0222,73.51150492955645
CEC2_E037_S09335_L0222,64.2513403193511
CEC2_E037_S09401_L0222,75.54104111649686
CEC2_E037_S09514_L0222,37.365810651295284
CEC2_E037_S09799_L0222,50.40226693271621
CEC2_E037_S09390_L0222,81.03058382654785
CEC2_E037_S09875_L0222,63.45814870435996
CEC2_E037_S09442_L0222,60.22777500543926
CEC2_E037_S08710_L0222,86.30490506489333
CEC2_E037_S09815_L0222,86.73314595557109
CEC2_E037_S09427_L0222,25.259557047404954
CEC2_E037_S09465_L0222,88.77884796995399
CEC2_E037_S08647_L0222,80.3807082473495
CEC2_E037_S09564_L0222,77.47643126054024
CEC2_E037_S09598_L0222,79.48207462137884
CEC2_E037_S09325_L0222,42.510316808695734
CEC2_E037_S09093_L0222,88.64828669917672
CEC2_E037_S09957_L0222,71.69701818895993
CEC2_E037_S09365_L0222,59.22349994714796
CEC2_E037_S09676_L0222,37.562448178740496
CEC2_E037_S08778_L0222,54.55680049337539
CEC2_E037_S09027_L0222,85.03566538840246
CEC2_E037_S09532_L0222,83.17603241587389
CEC2_E037_S08921_L0222,86.47732298142829
CEC2_E037_S09905_L0222,76.04619752216475
CEC2_E037_S09641_L0222,83.64899508929025
CEC2_E037_S09310_L0222,88.36380952652573
CEC2_E037_S09662_L0222,89.23786988669724
CEC2_E037_S09032_L0222,39.22199728034767
CEC2_E037_S08615_L0222,81.60580705194367
CEC2_E037_S09004_L0222,88.7814157384433
CEC2_E037_S08614_L0222,82.36888725035973
CEC2_E037_S09298_L0222,81.97915233965418
CEC2_E037_S09852_L0222,88.86103741862159
CEC2_E037_S09863_L0222,82.54290210601366
CEC2_E037_S08695_L0222,46.38547115915673
CEC2_E037_S09418_L0222,80.39548130985308
CEC2_E037_S08789_L0222,84.24984368531729
CEC2_E037_S09872_L0222,80.3749575085471
CEC2_E038_S08607_L0222,57.53019210017557
CEC2_E038_S09997_L0222,37.01761015087914
CEC2_E038_S09112_L0222,12.996133705536378
CEC2_E038_S09709_L0222,21.717816510530294
CEC2_E038_S09096_L0222,22.764470863958284
CEC2_E038_S08637_L0222,68.83423792075918
CEC2_E038_S08505_L0222,11.840133278657175
CEC2_E038_S09725_L0222,63.02365390578487
CEC2_E038_S09314_L0222,17.390501732917684
CEC2_E038_S09194_L0222,67.65413395206556
CEC2_E038_S09373_L0222,53.99809507092897
CEC2_E038_S09777_L0222,41.34154661992111
CEC2_E038_S08556_L0222,73.9520654297216
CEC2_E038_S09841_L0222,50.382706669823335
CEC2_E038_S09928_L0222,78.00924708448701
CEC2_E038_S09730_L0222,66.69241619349405
CEC2_E038_S08721_L0222,29.303512908411992
CEC2_E038_S09213_L0222,70.8984108717338
CEC2_E038_S09897_L0222,17.481283724714743
CEC2_E038_S08736_L0222,83.87038128121398
CEC2_E038_S09850_L0222,81.15874587680926
CEC2_E038_S09280_L0222,20.09740956321204
CEC2_E038_S08503_L0222,66.34070158252261
CEC2_E038_S09057_L0222,81.52001188056884
CEC2_E038_S08844_L0222,25.432067114988143
CEC2_E038_S09898_L0222,86.64157949444613
CEC2_E038_S08671_L0222,75.31244791712842
CEC2_E038_S08651_L0222,69.72060133802817
CEC2_E038_S08804_L0222,63.53791242771721
CEC2_E038_S09638_L0222,18.650232972371224
CEC2_E038_S09637_L0222,45.14287214054618
CEC2_E038_S08840_L0222,11.90167263881349
CEC2_E038_S09534_L0222,67.06018849040751
CEC2_E038_S08702_L0222,24.893112424387944
CEC2_E038_S09930_L0222,68.82578346958084
CEC2_E038_S08920_L0222,12.65072861857498
CEC2_E038_S09955_L0222,85.66742654347297
CEC2_E038_S09106_L0222,72.28689319525633
CEC2_E038_S08959_L0222,35.116159199843416
CEC2_E038_S09762_L0222,51.61161486871361
CEC2_E038_S08910_L0222,76.86890785479181
CEC2_E038_S09653_L0222,81.9530982234141
CEC2_E038_S09813_L0222,71.27731127671196
CEC2_E038_S09880_L0222,72.53471478694901
CEC2_E038_S09016_L0222,15.30751030949309
CEC2_E038_S08501_L0222,88.8767666716959
CEC2_E038_S09048_L0222,19.089749672428173
CEC2_E038_S08776_L0222,24.63401807084738
CEC2_E038_S08759_L0222,88.88033318496716
CEC2_E038_S09782_L0222,58.32942887088038
CEC2_E038_S09582_L0222,86.88627255826543
CEC2_E038_S08690_L0222,58.66969041956239
CEC2_E038_S09284_L0222,44.280614741628696
CEC2_E038_S09660_L0222,39.308991930584114
CEC2_E038_S08576_L0222,81.30433396566785
CEC2_E038_S09080_L0222,89.26939572634751
CEC2_E038_S08535_L0222,74.10681998098217
CEC2_E038_S09006_L0222,44.58140177452196
CEC2_E038_S09697_L0222,57.27566298022741
CEC2_E038_S09338_L0222,86.6687447627215
CEC2_E001_S09377_L0240,24.843423920799633
CEC2_E001_S09705_L0240,10.22511775991258
CEC2_E001_S08892_L0240,10.748565057093781
CEC2_E001_S08792_L0240,54.14373395124838
CEC2_E001_S09866_L0240,9.947038120705786
CEC2_E001_S09951_L0240,40.75847274331176
CEC2_E001_S08570_L0240,10.043404010580806
CEC2_E001_S09161_L0240,51.99208043396399
CEC2_E001_S09354_L0240,35.49010879829992
CEC2_E001_S09432_L0240,22.241639577386824
CEC2_E001_S08528_L0240,33.230495595152576
CEC2_E001_S08727_L0240,23.551308427155544
CEC2_E001_S09707_L0240,31.999436744833964
CEC2_E001_S09640_L0240,11.253891701489623
CEC2_E001_S09834_L0240,12.811681971418661
CEC2_E001_S09537_L0240,10.199673834092344
CEC2_E001_S09667_L0240,10.008003818371218
CEC2_E001_S09342_L0240,12.182881380254269
CEC2_E001_S08793_L0240,50.44096903281621
CEC2_E001_S09981_L0240,37.05692319335945
CEC2_E001_S09477_L0240,10.427016605330442
CEC2_E001_S09510_L0240,12.146029361365482
CEC2_E001_S09523_L0240,9.994599907773877
CEC2_E001_S08854_L0240,30.18293829200713
CEC2_E001_S09519_L0240,61.02588010878546
CEC2_E001_S09043_L0240,39.28970816545049
CEC2_E001_S09644_L0240,65.80273157564896
CEC2_E001_S09587_L0240,35.53945975589167
CEC2_E001_S08887_L0240,10.315347297916077
CEC2_E001_S09603_L0240,36.72176763344208
CEC2_E001_S08643_L0240,86.22445647645714
CEC2_E001_S09689_L0240,10.20386566509472
CEC2_E001_S08707_L0240,38.0136450417916
CEC2_E001_S09865_L0240,30.92324700757805
CEC2_E001_S09081_L0240,11.638367916166507
CEC2_E001_S08763_L0240,38.598939237628386
CEC2_E001_S09065_L0240,20.077111383254813
CEC2_E001_S08812_L0240,10.184719010433353
CEC2_E001_S09024_L0240,28.84576949660844
CEC2_E001_S09896_L0240,16.15419874067738
CEC2_E001_S08553_L0240,10.632138585799858
CEC2_E001_S08775_L0240,58.83292669834217
CEC2_E001_S09258_L0240,82.26445694415663
CEC2_E001_S09076_L0240,10.794187659894792
CEC2_E001_S09125_L0240,11.154246363266996
CEC2_E001_S09722_L0240,9.961069449802746
CEC2_E001_S08989_L0240,12.347568963573146
CEC2_E001_S09438_L0240,10.252325716541883
CEC2_E001_S08770_L0240,25.433923199772902
CEC2_E001_S09370_L0240,46.80360996534206
CEC2_E001_S08890_L0240,30.678021981046648
CEC2_E001_S09321_L0240,10.31940411113971
CEC2_E001_S08966_L0240,10.092111300740735
CEC2_E001_S08940_L0240,32.6393597175149
CEC2_E001_S09001_L0240,44.22523646099378
CEC2_E001_S09110_L0240,10.405301888193971
CEC2_E001_S09273_L0240,10.736338201874364
CEC2_E001_S09903_L0240,11.93428690536346
CEC2_E001_S09768_L0240,10.746395725163678
CEC2_E001_S09821_L0240,24.310378809220413
CEC2_E008_S09157_L0240,40.0456445631577
CEC2_E008_S09153_L0240,61.39712868578106
CEC2_E008_S09272_L0240,56.55468535629215
CEC2_E008_S08841_L0240,56.788352513601396
CEC2_E008_S09398_L0240,60.430473950281794
CEC2_E008_S08688_L0240,47.95075890454308
CEC2_E008_S09174_L0240,53.78623702317396
CEC2_E008_S09082_L0240,36.53956333997252
CEC2_E008_S09584_L0240,44.807670284194884
CEC2_E008_S09526_L0240,68.91084230538117
CEC2_E008_S09470_L0240,62.22600052570077
CEC2_E008_S09067_L0240,24.107847111302444
CEC2_E008_S09900_L0240,11.850803707419983
CEC2_E008_S09912_L0240,83.2241635127257
CEC2_E008_S09920_L0240,87.07883972727996
CEC2_E008_S08569_L0240,44.19638947168958
CEC2_E008_S08624_L0240,29.254797491916225
CEC2_E008_S09237_L0240,73.40620533353265
CEC2_E008_S09244_L0240,12.6554024041294
CEC2_E008_S09785_L0240,60.70969742101159
CEC2_E008_S09346_L0240,88.00704867388743
CEC2_E008_S09402_L0240,41.87003899291267
CEC2_E008_S09861_L0240,34.153497229431565
CEC2_E008_S09552_L0240,79.31300712998438
CEC2_E008_S09512_L0240,15.869108318335776
CEC2_E008_S08979_L0240,29.75099055015958
CEC2_E008_S09073_L0240,34.830085770155456
CEC2_E008_S08944_L0240,69.13155329333487
CEC2_E008_S08882_L0240,40.300623338730205
CEC2_E008_S08612_L0240,84.03491629636872
CEC2_E008_S08996_L0240,20.71505642400696
CEC2_E008_S09009_L0240,35.449922183154364
CEC2_E008_S09025_L0240,33.15901942235678
CEC2_E008_S09907_L0240,89.08925479555229
CEC2_E008_S08625_L0240,12.012286022702904
CEC2_E008_S08626_L0240,14.562987798505224
CEC2_E008_S08676_L0240,12.169456128466022
CEC2_E008_S08622_L0240,77.99605213272655
CEC2_E008_S08714_L0240,16.646127365296543
CEC2_E008_S09090_L0240,88.85664222245966
CEC2_E008_S08875_L0240,85.76412094633221
CEC2_E008_S09235_L0240,85.31937568853886
CEC2_E008_S08945_L0240,34.62426164592324
CEC2_E008_S09586_L0240,86.32569781775516
CEC2_E008_S08860_L0240,87.54146888577397
CEC2_E008_S09824_L0240,12.542157345606148
CEC2_E008_S09608_L0240,16.967768732493678
CEC2_E008_S09881_L0240,82.11581593802052
CEC2_E008_S08803_L0240,85.34311706251763
CEC2_E008_S08653_L0240,83.31817807006875
CEC2_E008_S09893_L0240,83.57864611359811
CEC2_E008_S08598_L0240,34.94828179613669
CEC2_E008_S09536_L0240,87.62045520449797
CEC2_E008_S08836_L0240,87.92894647555441
CEC2_E008_S09413_L0240,48.71657327996834
CEC2_E008_S09434_L0240,70.40457281399122
CEC2_E008_S09846_L0240,39.32491512139562
CEC2_E008_S09098_L0240,88.61631801559807
CEC2_E008_S09109_L0240,26.8862574108439
CEC2_E008_S09371_L0240,46.50140153489752
CEC2_E009_S09748_L0240,84.88208305419724
CEC2_E009_S08628_L0240,88.65578835438882
CEC2_E009_S08969_L0240,87.02322248475292
CEC2_E009_S08546_L0240,86.01154372808227
CEC2_E009_S09441_L0240,88.61732844282373
CEC2_E009_S09294_L0240,88.71784357090671
CEC2_E009_S09786_L0240,88.65356089711828
CEC2_E009_S08853_L0240,85.2516572265483
CEC2_E009_S09230_L0240,86.27184343115934
CEC2_E009_S09256_L0240,86.6577507280927
CEC2_E009_S09307_L0240,88.75032506591052
CEC2_E009_S09656_L0240,88.6950503177233
CEC2_E009_S08837_L0240,88.5584342921397
CEC2_E009_S09473_L0240,88.4554503828531
CEC2_E009_S09987_L0240,88.71009416892738
CEC2_E009_S08525_L0240,88.62494233945121
CEC2_E009_S09661_L0240,88.69166311340865
CEC2_E009_S08583_L0240,88.73810925910149
CEC2_E009_S08902_L0240,88.73874111699409
CEC2_E009_S08970_L0240,88.36471561989033
CEC2_E009_S09799_L0240,88.70728035647328
CEC2_E009_S09511_L0240,88.64214584406115
CEC2_E009_S09390_L0240,88.48656839480016
CEC2_E009_S09875_L0240,88.66105370393483
CEC2_E009_S09442_L0240,87.23759608406296
CEC2_E009_S09514_L0240,74.29504588853213
CEC2_E009_S08710_L0240,88.74055793490959
CEC2_E009_S08849_L0240,88.66464663330858
CEC2_E009_S09401_L0240,88.67277602966185
CEC2_E009_S09335_L0240,88.43079212531337
CEC2_E009_S09598_L0240,88.74845377799952
CEC2_E009_S09815_L0240,88.75010275695148
CEC2_E009_S09564_L0240,88.75023431885916
CEC2_E009_S08647_L0240,88.7341369074393
CEC2_E009_S09427_L0240,88.71439280292896
CEC2_E009_S09093_L0240,88.74975368181353
CEC2_E009_S09325_L0240,88.55522993910685
CEC2_E009_S09365_L0240,88.71632289030097
CEC2_E009_S09957_L0240,88.75200597940199
CEC2_E009_S09465_L0240,88.7520080393498
CEC2_E009_S08921_L0240,88.75170547243394
CEC2_E009_S09032_L0240,88.75349813452736
CEC2_E009_S09662_L0240,88.75246396408095
CEC2_E009_S09676_L0240,88.74478237222732
CEC2_E009_S09532_L0240,88.75129566286228
CEC2_E009_S08778_L0240,88.74453370140411
CEC2_E009_S09027_L0240,88.74998940955253
CEC2_E009_S09641_L0240,88.75082572304441
CEC2_E009_S09905_L0240,88.752168152374
CEC2_E009_S09310_L0240,88.7530985251584
CEC2_E009_S09418_L0240,88.70345478469969
CEC2_E009_S09852_L0240,88.7472124657644
CEC2_E009_S09872_L0240,88.60726746437206
CEC2_E009_S08695_L0240,88.74215830956754
CEC2_E009_S08615_L0240,88.73668641305748
CEC2_E009_S09298_L0240,88.74310061421684
CEC2_E009_S09004_L0240,88.74821444518813
CEC2_E009_S08614_L0240,88.73590651066668
CEC2_E009_S09863_L0240,88.7472177751155
CEC2_E009_S08789_L0240,88.74280521424001
CEC2_E022_S08784_L0240,20.68214352208176
CEC2_E022_S09033_L0240,14.294185962217469
CEC2_E022_S09233_L0240,73.11592085333346
CEC2_E022_S09632_L0240,72.47758380209987
CEC2_E022_S09601_L0240,69.24666730336396
CEC2_E022_S08696_L0240,82.36709518846799
CEC2_E022_S08829_L0240,77.86174579329015
CEC2_E022_S09636_L0240,83.07895964044948
CEC2_E022_S09749_L0240,51.4110027482692
CEC2_E022_S09576_L0240,85.78788237028078
CEC2_E022_S09445_L0240,84.85908761331434
CEC2_E022_S09053_L0240,86.48446440240335
CEC2_E022_S09088_L0240,84.0784281018196
CEC2_E022_S08544_L0240,79.25844683791662
CEC2_E022_S09657_L0240,75.25937833799553
CEC2_E022_S09114_L0240,78.94591289711457
CEC2_E022_S09277_L0240,83.74073158498214
CEC2_E022_S09128_L0240,86.63289933715406
CEC2_E022_S08725_L0240,88.0298280674081
CEC2_E022_S08914_L0240,85.22656391003625
CEC2_E022_S08565_L0240,63.689193636153455
CEC2_E022_S09309_L0240,84.89048223951853
CEC2_E022_S08842_L0240,62.77752851331112
CEC2_E022_S09102_L0240,70.45773149341242
CEC2_E022_S09220_L0240,70.2479392945642
CEC2_E022_S09435_L0240,12.263466066951079
CEC2_E022_S09226_L0240,81.22832346715649
CEC2_E022_S08851_L0240,86.57048273983688
CEC2_E022_S09945_L0240,31.48227907320339
CEC2_E022_S09163_L0240,52.863020582234924
CEC2_E022_S08838_L0240,15.71472698243121
CEC2_E022_S09029_L0240,53.11533227277213
CEC2_E022_S09630_L0240,83.98742096496566
CEC2_E022_S08551_L0240,87.30018578613601
CEC2_E022_S09972_L0240,78.77484739016744
CEC2_E022_S09513_L0240,85.64432609510574
CEC2_E022_S09610_L0240,69.95207411448034
CEC2_E022_S09117_L0240,25.206893446830883
CEC2_E022_S09318_L0240,65.55780706932575
CEC2_E022_S08978_L0240,79.64664984773809
CEC2_E022_S09820_L0240,87.35309032824281
CEC2_E022_S09268_L0240,61.19838702922703
CEC2_E022_S09967_L0240,54.00141303138001
CEC2_E022_S09458_L0240,89.05838742567806
CEC2_E022_S08964_L0240,88.10175865287864
CEC2_E022_S08581_L0240,88.30176345408015
CEC2_E022_S09422_L0240,79.58233405171198
CEC2_E022_S09885_L0240,89.18787557156863
CEC2_E022_S08533_L0240,88.54008633503585
CEC2_E022_S09172_L0240,88.16296683947856
CEC2_E022_S09439_L0240,87.12789214387092
CEC2_E022_S08897_L0240,83.33522781266973
CEC2_E022_S09795_L0240,77.20444760163748
CEC2_E022_S09388_L0240,89.00438330007889
CEC2_E022_S09160_L0240,88.4673420138057
CEC2_E022_S09758_L0240,88.74184942323792
CEC2_E022_S09592_L0240,61.440128983523465
CEC2_E022_S09774_L0240,76.56012552629487
CEC2_E022_S09046_L0240,26.219099845359857
CEC2_E024_S09167_L0240,72.74780351614216
CEC2_E024_S09917_L0240,16.292519274653532
CEC2_E024_S09553_L0240,88.22328957492064
CEC2_E024_S08846_L0240,66.77570940447661
CEC2_E024_S09780_L0240,81.24393062460378
CEC2_E024_S08662_L0240,33.34434016573676
CEC2_E024_S09459_L0240,65.20125397213369
CEC2_E024_S09134_L0240,60.028081071427536
CEC2_E024_S09800_L0240,87.1171781729653
CEC2_E024_S09079_L0240,76.30758303387988
CEC2_E024_S09624_L0240,21.548880926416366
CEC2_E024_S09596_L0240,81.93089838884119
CEC2_E024_S09675_L0240,89.93437807263814
CEC2_E024_S09003_L0240,77.3877348814262
CEC2_E024_S09481_L0240,64.08728578623582
CEC2_E024_S08807_L0240,19.427964792302287
CEC2_E024_S08908_L0240,21.96537762404351
CEC2_E024_S08590_L0240,70.3210443540258
CEC2_E024_S08927_L0240,73.16788565174038
CEC2_E024_S08513_L0240,21.83972197172934
CEC2_E024_S08862_L0240,41.33682745780502
CEC2_E024_S08668_L0240,40.76571125747317
CEC2_E024_S08994_L0240,85.07762835618006
CEC2_E024_S09593_L0240,67.26813650828578
CEC2_E024_S08606_L0240,47.10592728449252
CEC2_E024_S09764_L0240,82.48740378773456
CEC2_E024_S08623_L0240,62.07921119709164
CEC2_E024_S09151_L0240,87.12336060301256
CEC2_E024_S08650_L0240,71.20267855118787
CEC2_E024_S09457_L0240,87.66375064721349
CEC2_E024_S09652_L0240,89.80791147622678
CEC2_E024_S09204_L0240,82.1783932033112
CEC2_E024_S09599_L0240,89.95092367020851
CEC2_E024_S09150_L0240,77.64721611580643
CEC2_E024_S08809_L0240,76.29733849554378
CEC2_E024_S09058_L0240,77.4437206403497
CEC2_E024_S08893_L0240,81.4800713707174
CEC2_E024_S09322_L0240,13.464732264881498
CEC2_E024_S08917_L0240,85.74998788364486
CEC2_E024_S08810_L0240,89.24813339592804
CEC2_E024_S09488_L0240,89.66930283908853
CEC2_E024_S08701_L0240,78.48321422888202
CEC2_E024_S09985_L0240,80.52556770559681
CEC2_E024_S08572_L0240,11.082529561410981
CEC2_E024_S08845_L0240,87.75372983292817
CEC2_E024_S08745_L0240,88.92850340388503
CEC2_E024_S09158_L0240,89.71317430822437
CEC2_E024_S09363_L0240,88.32301544330586
CEC2_E024_S09844_L0240,18.797723542633186
CEC2_E024_S08750_L0240,89.27940081487807
CEC2_E024_S09726_L0240,89.88898067756172
CEC2_E024_S09677_L0240,79.82495560385263
CEC2_E024_S08958_L0240,89.46761143549615
CEC2_E024_S09460_L0240,11.31472355003123
CEC2_E024_S09982_L0240,50.0613740418789
CEC2_E024_S09270_L0240,36.442010511797626
CEC2_E024_S08956_L0240,89.44863897512526
CEC2_E024_S09811_L0240,38.42826537679853
CEC2_E024_S09760_L0240,67.48862172012748
CEC2_E024_S09606_L0240,54.75502452034201
CEC2_E031_S09443_L0240,76.9453969967458
CEC2_E031_S09832_L0240,88.8364730489381
CEC2_E031_S08577_L0240,89.0802965455232
CEC2_E031_S09469_L0240,84.7971053422201
CEC2_E031_S09504_L0240,78.35407966480768
CEC2_E031_S09193_L0240,81.79959409475269
CEC2_E031_S08847_L0240,89.25950862376628
CEC2_E031_S08768_L0240,86.92391666538342
CEC2_E031_S08663_L0240,87.98482778364986
CEC2_E031_S08735_L0240,81.56456153094605
CEC2_E031_S09672_L0240,87.55718584677543
CEC2_E031_S09857_L0240,86.20728355696637
CEC2_E031_S09140_L0240,89.05386611500305
CEC2_E031_S08502_L0240,72.47598922436055
CEC2_E031_S08542_L0240,89.22555764460824
CEC2_E031_S08806_L0240,86.59387826371619
CEC2_E031_S09130_L0240,81.73782831887455
CEC2_E031_S09996_L0240,88.168469962445
CEC2_E031_S09663_L0240,88.83900669240238
CEC2_E031_S09984_L0240,76.0005579466536
CEC2_E031_S09296_L0240,89.22215903184046
CEC2_E031_S08652_L0240,88.53615287334327
CEC2_E031_S09671_L0240,89.16899529523047
CEC2_E031_S09392_L0240,89.2616014508534
CEC2_E031_S09456_L0240,77.82136871612595
CEC2_E031_S09645_L0240,89.2106405391975
CEC2_E031_S09403_L0240,86.44018043883534
CEC2_E031_S09271_L0240,89.25199368467776
CEC2_E031_S09817_L0240,63.70542740206333
CEC2_E031_S09979_L0240,84.6137091139295
CEC2_E031_S09156_L0240,89.23326560225279
CEC2_E031_S08597_L0240,89.26963322715446
CEC2_E031_S09455_L0240,89.20884376102057
CEC2_E031_S08855_L0240,84.32296205506951
CEC2_E031_S09308_L0240,88.50095441605609
CEC2_E031_S09838_L0240,89.25314195300616
CEC2_E031_S08519_L0240,87.59173246875902
CEC2_E031_S09515_L0240,89.1483284823359
CEC2_E031_S09686_L0240,89.18557884119264
CEC2_E031_S09332_L0240,89.1967396408524
CEC2_E031_S09913_L0240,89.27310670447797
CEC2_E031_S09842_L0240,87.74362567657082
CEC2_E031_S09991_L0240,89.27571523897903
CEC2_E031_S09188_L0240,89.2094420940324
CEC2_E031_S09929_L0240,89.15847046289379
CEC2_E031_S08801_L0240,83.61423147332185
CEC2_E031_S09600_L0240,89.02235624671043
CEC2_E031_S09541_L0240,17.559156333352416
CEC2_E031_S09039_L0240,88.85455944024248
CEC2_E031_S08677_L0240,89.02331344130717
CEC2_E031_S09971_L0240,89.00747249168062
CEC2_E031_S08574_L0240,88.75676539254039
CEC2_E031_S09808_L0240,89.13221363768832
CEC2_E031_S09078_L0240,89.02523130660019
CEC2_E031_S09287_L0240,88.92434464045418
CEC2_E031_S09612_L0240,88.84682292373105
CEC2_E031_S08947_L0240,88.68460689965559
CEC2_E031_S08555_L0240,89.10129766640154
CEC2_E031_S09884_L0240,89.23668523764941
CEC2_E031_S09594_L0240,82.10394643436226
CEC2_E032_S09314_L0240,14.766873631174223
CEC2_E032_S08607_L0240,65.47809261088359
CEC2_E032_S08637_L0240,75.13167942530295
CEC2_E032_S09096_L0240,29.403851702167255
CEC2_E032_S09725_L0240,65.63833843894083
CEC2_E032_S09112_L0240,47.656548509074916
CEC2_E032_S08505_L0240,11.635354602226455
CEC2_E032_S09709_L0240,31.32123805315091
CEC2_E032_S09997_L0240,14.026848166683067
CEC2_E032_S09194_L0240,69.51337832252128
CEC2_E032_S09928_L0240,85.56258415326184
CEC2_E032_S09897_L0240,40.84920143346664
CEC2_E032_S09841_L0240,44.6943790502332
CEC2_E032_S08721_L0240,48.39997612233143
CEC2_E032_S09730_L0240,55.10447658120227
CEC2_E032_S09777_L0240,45.877726660448495
CEC2_E032_S08736_L0240,84.9766506637936
CEC2_E032_S09213_L0240,54.06110609770792
CEC2_E032_S08556_L0240,84.9215557093111
CEC2_E032_S09373_L0240,76.86406548880588
CEC2_E032_S09898_L0240,70.60377284569539
CEC2_E032_S09638_L0240,48.27616479520299
CEC2_E032_S08804_L0240,80.67899486507847
CEC2_E032_S08651_L0240,78.37873418973531
CEC2_E032_S09057_L0240,76.50444668930486
CEC2_E032_S08844_L0240,42.003886820204464
CEC2_E032_S08671_L0240,77.38513456222405
CEC2_E032_S09850_L0240,88.54627491289187
CEC2_E032_S08503_L0240,76.01215863664052
CEC2_E032_S09280_L0240,41.876736804679666
CEC2_E032_S09930_L0240,53.55790574176571
CEC2_E032_S09955_L0240,15.782849379708088
CEC2_E032_S08702_L0240,63.08203384599269
CEC2_E032_S09534_L0240,82.0398255576384
CEC2_E032_S09637_L0240,39.89924610478552
CEC2_E032_S09106_L0240,84.64795915773776
CEC2_E032_S08920_L0240,11.947529487033046
CEC2_E032_S09762_L0240,39.58475418235838
CEC2_E032_S08959_L0240,48.671324411584855
CEC2_E032_S08840_L0240,12.260208757901536
CEC2_E032_S09813_L0240,65.45350663391456
CEC2_E032_S08776_L0240,12.807439753690478
CEC2_E032_S09653_L0240,84.9256887194263
CEC2_E032_S09048_L0240,16.134658925361162
CEC2_E032_S08910_L0240,80.37990339709191
CEC2_E032_S09782_L0240,56.88615148994717
CEC2_E032_S09880_L0240,85.6103884359049
CEC2_E032_S08501_L0240,83.1305078227579
CEC2_E032_S08759_L0240,85.369770482524
CEC2_E032_S09016_L0240,13.955795587858622
CEC2_E032_S08576_L0240,85.87328041293895
CEC2_E032_S08690_L0240,22.957264744653457
CEC2_E032_S09006_L0240,46.696697648384934
CEC2_E032_S09582_L0240,64.9521861003677
CEC2_E032_S09338_L0240,86.75148077559074
CEC2_E032_S09697_L0240,16.412381031670385
CEC2_E032_S09284_L0240,25.70909939113481
CEC2_E032_S09660_L0240,38.84257527568428
CEC2_E032_S09080_L0240,88.99625665844952
CEC2_E032_S08535_L0240,61.02541273583569
CEC2_E036_S08826_L0240,63.22304767544669
CEC2_E036_S09685_L0240,68.25463322938697
CEC2_E036_S09489_L0240,67.92548918523818
CEC2_E036_S09121_L0240,78.03532412018012
CEC2_E036_S09171_L0240,51.623478013572765
CEC2_E036_S09159_L0240,75.97003200157006
CEC2_E036_S09393_L0240,64.26384423043902
CEC2_E036_S08704_L0240,47.016522646354474
CEC2_E036_S09605_L0240,68.433689625537
CEC2_E036_S09835_L0240,62.920196061840386
CEC2_E036_S08635_L0240,52.25630848256032
CEC2_E036_S08984_L0240,74.76507494166854
CEC2_E036_S09837_L0240,72.64745112061972
CEC2_E036_S09341_L0240,56.7161905893088
CEC2_E036_S09966_L0240,77.08563212169332
CEC2_E036_S09883_L0240,37.88807490367345
CEC2_E036_S09763_L0240,65.76848918859282
CEC2_E036_S09225_L0240,11.297967707125222
CEC2_E036_S08874_L0240,76.50355158194941
CEC2_E036_S09607_L0240,75.99698293053936
CEC2_E036_S08743_L0240,39.29823886618475
CEC2_E036_S09336_L0240,69.80036704449033
CEC2_E036_S09210_L0240,75.6159574323112
CEC2_E036_S09497_L0240,87.43348851681354
CEC2_E036_S09364_L0240,68.94829661478306
CEC2_E036_S08931_L0240,82.72055561699774
CEC2_E036_S08926_L0240,17.068266659337286
CEC2_E036_S09555_L0240,61.96111994774533
CEC2_E036_S09376_L0240,80.59650402545122
CEC2_E036_S09245_L0240,60.25885329862112
CEC2_E036_S09144_L0240,82.81657484110355
CEC2_E036_S08782_L0240,71.12001953604906
CEC2_E036_S08585_L0240,14.790283322362564
CEC2_E036_S09976_L0240,68.54373834605785
CEC2_E036_S09425_L0240,80.14504063631952
CEC2_E036_S09629_L0240,88.92586238373866
CEC2_E036_S09508_L0240,75.85796665015212
CEC2_E036_S09099_L0240,43.4738629382802
CEC2_E036_S09754_L0240,59.54740759205543
CEC2_E036_S09052_L0240,65.31316769296225
CEC2_E036_S09789_L0240,81.96142201302969
CEC2_E036_S08526_L0240,38.52306204180394
CEC2_E036_S08627_L0240,87.6062109024129
CEC2_E036_S09826_L0240,23.74184367303168
CEC2_E036_S09430_L0240,87.79798960607971
CEC2_E036_S09101_L0240,19.713698345425357
CEC2_E036_S09221_L0240,73.59311505818438
CEC2_E036_S08998_L0240,73.36723725852688
CEC2_E036_S09719_L0240,78.09929736162071
CEC2_E036_S09118_L0240,89.45660435415381
CEC2_E036_S08753_L0240,86.16698394095276
CEC2_E036_S09734_L0240,34.191706541477565
CEC2_E036_S08788_L0240,22.288313125621862
CEC2_E036_S09357_L0240,62.75563525669303
CEC2_E036_S09949_L0240,80.22629222652118
CEC2_E036_S09889_L0240,14.747344411481189
CEC2_E036_S09908_L0240,85.91922939743876
CEC2_E036_S09547_L0240,70.33434231961402
CEC2_E036_S08530_L0240,20.93511450413132
CEC2_E036_S09986_L0240,82.86944830306803
CEC2_E037_S09648_L0240,18.351817172605855
CEC2_E037_S08744_L0240,77.77787630055231
CEC2_E037_S09778_L0240,27.26372600731856
CEC2_E037_S08561_L0240,67.07825548489745
CEC2_E037_S08764_L0240,82.10512397457602
CEC2_E037_S09932_L0240,82.07302494651293
CEC2_E037_S09326_L0240,87.69133089042451
CEC2_E037_S09327_L0240,77.2558639549475
CEC2_E037_S09620_L0240,70.02165062869264
CEC2_E037_S08584_L0240,88.60005672985952
CEC2_E037_S09816_L0240,69.88974245003278
CEC2_E037_S09535_L0240,51.994243565659424
CEC2_E037_S09989_L0240,56.15896538873733
CEC2_E037_S09712_L0240,82.95558927119863
CEC2_E037_S09743_L0240,88.40474731956478
CEC2_E037_S09678_L0240,87.25041525725618
CEC2_E037_S08850_L0240,88.8810888926046
CEC2_E037_S09285_L0240,79.38192737597215
CEC2_E037_S09853_L0240,85.99347538617836
CEC2_E037_S09646_L0240,87.47853833821134
CEC2_E037_S08610_L0240,68.42964830269989
CEC2_E037_S09870_L0240,74.75345727582953
CEC2_E037_S09248_L0240,72.6593805213554
CEC2_E037_S08746_L0240,58.00197671962862
CEC2_E037_S09720_L0240,10.731811343445838
CEC2_E037_S09570_L0240,51.019824615466504
CEC2_E037_S09761_L0240,84.36403990862732
CEC2_E037_S09091_L0240,87.36046990760677
CEC2_E037_S09759_L0240,83.97455720154483
CEC2_E037_S09339_L0240,68.67885055400484
CEC2_E037_S09361_L0240,62.642702559921354
CEC2_E037_S08567_L0240,19.522996800527036
CEC2_E037_S09877_L0240,19.571565978473668
CEC2_E037_S09501_L0240,71.18391065479281
CEC2_E037_S09205_L0240,87.76831786251867
CEC2_E037_S09856_L0240,80.38200430476249
CEC2_E037_S09449_L0240,81.9263826439247
CEC2_E037_S09836_L0240,71.04322688287233
CEC2_E037_S09650_L0240,88.76110518068565
CEC2_E037_S09933_L0240,85.34696491829489
CEC2_E037_S08923_L0240,22.570214421869824
CEC2_E037_S08731_L0240,79.19447976500437
CEC2_E037_S09567_L0240,84.03461980914983
CEC2_E037_S09041_L0240,84.85219885925908
CEC2_E037_S08730_L0240,88.39820870951185
CEC2_E037_S09557_L0240,81.54611772672503
CEC2_E037_S09275_L0240,86.77839922241661
CEC2_E037_S09352_L0240,87.88951993219851
CEC2_E037_S08726_L0240,88.29047470233581
CEC2_E037_S08785_L0240,87.46695479898165
CEC2_E037_S08636_L0240,88.13398947370999
CEC2_E037_S08997_L0240,82.11934758467086
CEC2_E037_S08787_L0240,76.99324939331002
CEC2_E037_S09089_L0240,82.31274585743554
CEC2_E037_S08514_L0240,87.64566674799676
CEC2_E037_S08835_L0240,88.10833630324359
CEC2_E037_S09478_L0240,85.98155884680715
CEC2_E037_S09069_L0240,85.21877090777758
CEC2_E037_S09944_L0240,22.670588471614522
CEC2_E037_S08631_L0240,85.6822738792506
CEC2_E038_S08673_L0240,13.524684688699251
CEC2_E038_S09191_L0240,81.56718707205559
CEC2_E038_S09819_L0240,83.05586714233192
CEC2_E038_S09353_L0240,27.229777771469685
CEC2_E038_S09517_L0240,13.358842659723182
CEC2_E038_S08857_L0240,13.563361774526276
CEC2_E038_S09891_L0240,72.9744307836008
CEC2_E038_S09461_L0240,33.02210934087773
CEC2_E038_S08879_L0240,60.548323609237045
CEC2_E038_S08703_L0240,16.326776195362946
CEC2_E038_S08825_L0240,28.674332177775916
CEC2_E038_S09148_L0240,51.649583318398754
CEC2_E038_S09804_L0240,61.669577175543836
CEC2_E038_S09683_L0240,69.61970506036346
CEC2_E038_S08618_L0240,30.716775252646695
CEC2_E038_S08864_L0240,79.5367748508913
CEC2_E038_S08509_L0240,65.24926837623141
CEC2_E038_S09502_L0240,59.70093122151935
CEC2_E038_S09668_L0240,76.30814394876347
CEC2_E038_S09097_L0240,77.22904534892157
CEC2_E038_S08999_L0240,84.33629467490081
CEC2_E038_S09095_L0240,11.401334334514138
CEC2_E038_S09301_L0240,87.10375695299336
CEC2_E038_S08973_L0240,80.84045100930372
CEC2_E038_S09421_L0240,79.63512285816842
CEC2_E038_S08715_L0240,73.7937724101836
CEC2_E038_S09867_L0240,55.0677175710804
CEC2_E038_S09200_L0240,81.19456910357916
CEC2_E038_S08617_L0240,18.760073508073017
CEC2_E038_S09168_L0240,61.33789950258234
CEC2_E038_S09999_L0240,41.31662096880829
CEC2_E038_S09407_L0240,63.29169617174304
CEC2_E038_S08919_L0240,64.44011506678079
CEC2_E038_S09882_L0240,11.21340972992356
CEC2_E038_S09692_L0240,51.80396321418962
CEC2_E038_S09247_L0240,71.30197421705654
CEC2_E038_S09737_L0240,54.66224534055465
CEC2_E038_S09822_L0240,13.513972514669282
CEC2_E038_S08537_L0240,88.11323323170042
CEC2_E038_S09585_L0240,53.28683315996896
CEC2_E038_S08817_L0240,11.213911316559747
CEC2_E038_S09143_L0240,13.273612098991032
CEC2_E038_S09736_L0240,20.990715205385555
CEC2_E038_S08639_L0240,33.08014239557491
CEC2_E038_S09177_L0240,41.22230725193418
CEC2_E038_S08991_L0240,11.192517058133271
CEC2_E038_S09289_L0240,81.0173197460851
CEC2_E038_S09440_L0240,82.13143821818693
CEC2_E038_S09236_L0240,86.10022148601617
CEC2_E038_S09694_L0240,88.0017391919614
CEC2_E038_S09565_L0240,68.29887274384477
CEC2_E038_S09132_L0240,23.410587759488383
CEC2_E038_S08580_L0240,88.88087261268836
CEC2_E038_S08832_L0240,79.7997955321926
CEC2_E038_S08575_L0240,25.688977647617946
CEC2_E038_S09108_L0240,12.738540944566065
CEC2_E038_S09750_L0240,88.45221348849775
CEC2_E038_S08866_L0240,87.86551263441503
CEC2_E038_S09611_L0240,88.29747790689225
CEC2_E001_S09526_L0242,45.44443505087599
CEC2_E001_S09082_L0242,10.836741956046087
CEC2_E001_S09398_L0242,10.584945816763495
CEC2_E001_S09157_L0242,10.156834370020366
CEC2_E001_S09153_L0242,18.934471754519535
CEC2_E001_S09584_L0242,13.096753684417115
CEC2_E001_S08688_L0242,11.48465453418506
CEC2_E001_S08841_L0242,18.25104965207192
CEC2_E001_S09272_L0242,11.173010358380825
CEC2_E001_S09174_L0242,26.350482079050355
CEC2_E001_S09900_L0242,10.235120157225822
CEC2_E001_S09067_L0242,12.718655200063408
CEC2_E001_S09237_L0242,30.218674438101083
CEC2_E001_S08569_L0242,21.307544915585858
CEC2_E001_S09470_L0242,18.70492989445375
CEC2_E001_S08624_L0242,9.949207439078204
CEC2_E001_S09912_L0242,58.18867488157638
CEC2_E001_S09920_L0242,21.11514257160604
CEC2_E001_S09244_L0242,10.18847220552008
CEC2_E001_S09785_L0242,10.258217089705616
CEC2_E001_S08944_L0242,10.505991788989151
CEC2_E001_S09861_L0242,14.243288937768352
CEC2_E001_S09402_L0242,10.556051933482475
CEC2_E001_S08882_L0242,10.207914678229468
CEC2_E001_S09512_L0242,11.831282949896256
CEC2_E001_S08979_L0242,17.93704671224975
CEC2_E001_S09073_L0242,9.983903014487465
CEC2_E001_S09552_L0242,31.815870667809406
CEC2_E001_S09346_L0242,86.06139638480036
CEC2_E001_S08612_L0242,15.638655118647554
CEC2_E001_S08996_L0242,19.72338369975116
CEC2_E001_S08626_L0242,10.763780760215386
CEC2_E001_S08625_L0242,14.67938935164266
CEC2_E001_S08622_L0242,21.799985974963388
CEC2_E001_S09090_L0242,88.8687797343123
CEC2_E001_S09009_L0242,12.4437279001471
CEC2_E001_S08676_L0242,10.219607938882648
CEC2_E001_S09025_L0242,22.328223978672185
CEC2_E001_S08714_L0242,10.056973445649492
CEC2_E001_S09881_L0242,9.975043369086018
CEC2_E001_S08653_L0242,81.47327742010992
CEC2_E001_S08860_L0242,11.40108184755446
CEC2_E001_S09824_L0242,10.081765140936103
CEC2_E001_S08945_L0242,9.909431234699753
CEC2_E001_S09608_L0242,10.47709713249772
CEC2_E001_S09586_L0242,18.794851330173213
CEC2_E001_S09235_L0242,69.41056631553381
CEC2_E001_S08803_L0242,37.71587641588775
CEC2_E001_S08875_L0242,59.274048111971794
CEC2_E001_S09434_L0242,11.835858416896484
CEC2_E001_S09536_L0242,11.281717743004581
CEC2_E001_S09371_L0242,9.86429399308043
CEC2_E001_S09893_L0242,68.12128195924952
CEC2_E001_S09098_L0242,16.65876486859698
CEC2_E001_S09109_L0242,10.132304912826077
CEC2_E001_S09413_L0242,33.85856122404776
CEC2_E001_S08598_L0242,12.578815390484808
CEC2_E001_S08836_L0242,85.08225766741373
CEC2_E001_S09846_L0242,10.3187488353296
CEC2_E008_S08628_L0242,29.612144344898184
CEC2_E008_S09786_L0242,45.960927935543054
CEC2_E008_S09230_L0242,16.01393157130666
CEC2_E008_S09441_L0242,64.456688375088
CEC2_E008_S08853_L0242,63.512675698503344
CEC2_E008_S09294_L0242,78.91319936573058
CEC2_E008_S08546_L0242,63.966365857205744
CEC2_E008_S08969_L0242,33.241100584621385
CEC2_E008_S09256_L0242,57.792495369117745
CEC2_E008_S09748_L0242,11.450906830908677
CEC2_E008_S09661_L0242,69.57548360689202
CEC2_E008_S08837_L0242,84.24540270130657
CEC2_E008_S08525_L0242,31.94493058707501
CEC2_E008_S08583_L0242,74.83821711102924
CEC2_E008_S09307_L0242,87.02839418710393
CEC2_E008_S08970_L0242,56.76475977110693
CEC2_E008_S09656_L0242,37.53303140374292
CEC2_E008_S09473_L0242,69.50943941418862
CEC2_E008_S09987_L0242,21.29751334932453
CEC2_E008_S08902_L0242,86.81225687305847
CEC2_E008_S09511_L0242,78.23416055102477
CEC2_E008_S09875_L0242,34.104460435398266
CEC2_E008_S09335_L0242,62.16528624007409
CEC2_E008_S09442_L0242,63.986005785415735
CEC2_E008_S09514_L0242,21.32324551650473
CEC2_E008_S09401_L0242,80.78614247405531
CEC2_E008_S09799_L0242,41.412822733854874
CEC2_E008_S08710_L0242,84.19992116177404
CEC2_E008_S08849_L0242,59.80560936138309
CEC2_E008_S09390_L0242,81.41870043854841
CEC2_E008_S09325_L0242,26.265746847781983
CEC2_E008_S09957_L0242,43.68497698260507
CEC2_E008_S09427_L0242,14.891310687265845
CEC2_E008_S09093_L0242,88.06283333557474
CEC2_E008_S09598_L0242,74.08747151284241
CEC2_E008_S08647_L0242,49.14873065345679
CEC2_E008_S09815_L0242,47.31223095696724
CEC2_E008_S09365_L0242,24.729509877772774
CEC2_E008_S09465_L0242,86.50710048864094
CEC2_E008_S09564_L0242,62.32014459380371
CEC2_E008_S09641_L0242,85.13141615220137
CEC2_E008_S09532_L0242,86.1548989647737
CEC2_E008_S08921_L0242,78.86035169020508
CEC2_E008_S08778_L0242,51.97875019890118
CEC2_E008_S09310_L0242,88.8733412217538
CEC2_E008_S09662_L0242,89.38202851219967
CEC2_E008_S09676_L0242,12.093163802799085
CEC2_E008_S09905_L0242,63.92114345165276
CEC2_E008_S09032_L0242,15.905947013260773
CEC2_E008_S09027_L0242,21.843551340916125
CEC2_E008_S09852_L0242,83.9159508247246
CEC2_E008_S09872_L0242,50.71893593059094
CEC2_E008_S08789_L0242,78.09750617119792
CEC2_E008_S08615_L0242,56.92552283218555
CEC2_E008_S09298_L0242,63.585271701942915
CEC2_E008_S09004_L0242,82.53515428110767
CEC2_E008_S08614_L0242,57.061124932636446
CEC2_E008_S09418_L0242,70.25233974521899
CEC2_E008_S08695_L0242,23.664129982637053
CEC2_E008_S09863_L0242,36.818726548645884
CEC2_E009_S09632_L0242,88.9810013040229
CEC2_E009_S08696_L0242,88.72174410110564
CEC2_E009_S09601_L0242,88.657128431198
CEC2_E009_S08784_L0242,88.97343028885525
CEC2_E009_S09233_L0242,87.55125568462238
CEC2_E009_S09749_L0242,88.41243558094891
CEC2_E009_S08649_L0242,89.01421284705421
CEC2_E009_S08829_L0242,88.79292784577538
CEC2_E009_S09033_L0242,88.86256854115345
CEC2_E009_S09636_L0242,88.78323579084474
CEC2_E009_S09053_L0242,88.75214085262525
CEC2_E009_S08544_L0242,88.67623559025826
CEC2_E009_S09576_L0242,88.82829179704115
CEC2_E009_S08725_L0242,88.99598728983622
CEC2_E009_S09088_L0242,88.78936611084698
CEC2_E009_S09114_L0242,88.8887223018296
CEC2_E009_S09445_L0242,88.60878456429381
CEC2_E009_S09657_L0242,88.91102676650863
CEC2_E009_S09277_L0242,89.01489455102728
CEC2_E009_S09128_L0242,88.21363325355837
CEC2_E009_S09309_L0242,88.95859339702078
CEC2_E009_S09102_L0242,88.39866503456493
CEC2_E009_S09220_L0242,88.90999044149935
CEC2_E009_S09435_L0242,80.94959120886148
CEC2_E009_S08851_L0242,88.78216372511213
CEC2_E009_S08914_L0242,88.7081096863692
CEC2_E009_S09945_L0242,81.82915250256062
CEC2_E009_S09226_L0242,87.13095117807501
CEC2_E009_S08842_L0242,88.96993336630082
CEC2_E009_S08565_L0242,88.94139472244957
CEC2_E009_S08838_L0242,88.93638265522945
CEC2_E009_S08551_L0242,89.0244371735709
CEC2_E009_S09318_L0242,88.98263679796668
CEC2_E009_S09029_L0242,89.01643426165435
CEC2_E009_S09117_L0242,88.8584412175121
CEC2_E009_S09972_L0242,89.02070525223768
CEC2_E009_S09163_L0242,89.01942547702525
CEC2_E009_S09610_L0242,89.00480575257305
CEC2_E009_S09513_L0242,89.00139819209348
CEC2_E009_S09630_L0242,89.010655222397
CEC2_E009_S09820_L0242,89.02574253827581
CEC2_E009_S08533_L0242,89.02031372057886
CEC2_E009_S08581_L0242,89.01219404498357
CEC2_E009_S08978_L0242,89.02012424027201
CEC2_E009_S09885_L0242,89.02670247206665
CEC2_E009_S09458_L0242,88.97656050082192
CEC2_E009_S09422_L0242,88.99736363114167
CEC2_E009_S09967_L0242,88.93989463129076
CEC2_E009_S09268_L0242,88.77207129923633
CEC2_E009_S08964_L0242,89.0244561904603
CEC2_E009_S09439_L0242,88.92929431298457
CEC2_E009_S09758_L0242,88.96460820761877
CEC2_E009_S09774_L0242,89.00986355011922
CEC2_E009_S08897_L0242,88.97807091791265
CEC2_E009_S09592_L0242,89.01996773987787
CEC2_E009_S09160_L0242,89.02330754167129
CEC2_E009_S09172_L0242,88.99584928869378
CEC2_E009_S09388_L0242,89.00840796008964
CEC2_E009_S09046_L0242,88.08548313811593
CEC2_E009_S09795_L0242,88.93156966906345
CEC2_E022_S09326_L0242,88.63897627440711
CEC2_E022_S08584_L0242,88.95121209573688
CEC2_E022_S08561_L0242,80.01697646771387
CEC2_E022_S08744_L0242,67.54446112238308
CEC2_E022_S09932_L0242,86.94503141797597
CEC2_E022_S09648_L0242,16.158081016316142
CEC2_E022_S09620_L0242,70.02568755392707
CEC2_E022_S09327_L0242,76.10963285466273
CEC2_E022_S08764_L0242,84.84597059023484
CEC2_E022_S09778_L0242,28.00896282893535
CEC2_E022_S09712_L0242,86.53698058800101
CEC2_E022_S09646_L0242,82.65230548186904
CEC2_E022_S09853_L0242,86.7744572610001
CEC2_E022_S09678_L0242,84.24537810536151
CEC2_E022_S09535_L0242,60.21534682558936
CEC2_E022_S09743_L0242,88.33149744903741
CEC2_E022_S09989_L0242,63.60828413377189
CEC2_E022_S09285_L0242,81.56364083972642
CEC2_E022_S08850_L0242,89.36251516455522
CEC2_E022_S09816_L0242,55.456469650118514
CEC2_E022_S09248_L0242,68.09199063600556
CEC2_E022_S08610_L0242,81.0571673980329
CEC2_E022_S09870_L0242,66.86223843365023
CEC2_E022_S09720_L0242,11.355638654429457
CEC2_E022_S08746_L0242,54.56189897709314
CEC2_E022_S09339_L0242,65.40237699172525
CEC2_E022_S09759_L0242,88.49803009014308
CEC2_E022_S09761_L0242,85.25993145575686
CEC2_E022_S09570_L0242,64.33598287543894
CEC2_E022_S09091_L0242,86.8557171445635
CEC2_E022_S09856_L0242,82.98023103020856
CEC2_E022_S09361_L0242,21.07740377565916
CEC2_E022_S09205_L0242,77.65363007576813
CEC2_E022_S09933_L0242,77.48380377779111
CEC2_E022_S09877_L0242,15.369536381457923
CEC2_E022_S09449_L0242,85.95210393574268
CEC2_E022_S09836_L0242,77.33165350465373
CEC2_E022_S09501_L0242,67.02620815968501
CEC2_E022_S08567_L0242,20.67102965282762
CEC2_E022_S09650_L0242,88.95769544330582
CEC2_E022_S08726_L0242,88.87344486489411
CEC2_E022_S09352_L0242,88.87304403082405
CEC2_E022_S08730_L0242,81.26421433476185
CEC2_E022_S09041_L0242,86.17656977480755
CEC2_E022_S09557_L0242,70.5858540854155
CEC2_E022_S08923_L0242,14.597925327468339
CEC2_E022_S09275_L0242,85.0600537976074
CEC2_E022_S08731_L0242,85.93936435759191
CEC2_E022_S09567_L0242,86.03157605944571
CEC2_E022_S08785_L0242,78.78659135116195
CEC2_E022_S09069_L0242,88.09075914496493
CEC2_E022_S09089_L0242,41.59907817587815
CEC2_E022_S08835_L0242,83.31144909781848
CEC2_E022_S08514_L0242,84.82983129824557
CEC2_E022_S08787_L0242,67.77471767454405
CEC2_E022_S09944_L0242,18.388340464405385
CEC2_E022_S08997_L0242,82.8137924991282
CEC2_E022_S08631_L0242,20.497489540849372
CEC2_E022_S08636_L0242,88.31035119137617
CEC2_E022_S09478_L0242,83.37760719730649
CEC2_E024_S09832_L0242,88.12065896043602
CEC2_E024_S08663_L0242,84.99620856273212
CEC2_E024_S08735_L0242,71.08152327712368
CEC2_E024_S09469_L0242,75.41734811850833
CEC2_E024_S08768_L0242,72.32901267698321
CEC2_E024_S09504_L0242,11.584577168275928
CEC2_E024_S08577_L0242,84.76352688294548
CEC2_E024_S09443_L0242,44.0298261148895
CEC2_E024_S09193_L0242,68.66383970461187
CEC2_E024_S08847_L0242,88.30472148642787
CEC2_E024_S08542_L0242,55.033331362175694
CEC2_E024_S09857_L0242,61.14760381390042
CEC2_E024_S08502_L0242,13.654749869585979
CEC2_E024_S09663_L0242,17.424258568262374
CEC2_E024_S09130_L0242,77.87207491838241
CEC2_E024_S08806_L0242,75.11235252068336
CEC2_E024_S09996_L0242,71.89377960637864
CEC2_E024_S09672_L0242,73.42269674048583
CEC2_E024_S09140_L0242,60.5251707779952
CEC2_E024_S09984_L0242,83.35031141587841
CEC2_E024_S09403_L0242,76.32251672484867
CEC2_E024_S09392_L0242,63.99269669760666
CEC2_E024_S09645_L0242,75.95020442306317
CEC2_E024_S09817_L0242,14.483236966912026
CEC2_E024_S09979_L0242,16.561758942676853
CEC2_E024_S08652_L0242,72.23500409817937
CEC2_E024_S09456_L0242,59.595862504353384
CEC2_E024_S09271_L0242,83.18905834473044
CEC2_E024_S09296_L0242,87.85367235290356
CEC2_E024_S09671_L0242,66.58492417552097
CEC2_E024_S08519_L0242,11.783516057289848
CEC2_E024_S09455_L0242,80.95343802218909
CEC2_E024_S08597_L0242,89.65648968740231
CEC2_E024_S09332_L0242,88.54722693978407
CEC2_E024_S09515_L0242,65.5993821209344
CEC2_E024_S08855_L0242,73.59955932492984
CEC2_E024_S09308_L0242,83.98690310674563
CEC2_E024_S09838_L0242,86.06788815761334
CEC2_E024_S09156_L0242,88.20710425610955
CEC2_E024_S09686_L0242,88.23378716659293
CEC2_E024_S09039_L0242,12.313075438591598
CEC2_E024_S09541_L0242,12.48030131939562
CEC2_E024_S09913_L0242,89.75685277996283
CEC2_E024_S09929_L0242,72.85926412185366
CEC2_E024_S08677_L0242,89.73510999313545
CEC2_E024_S09600_L0242,70.74742405584547
CEC2_E024_S08801_L0242,19.0057133415138
CEC2_E024_S09188_L0242,39.66556666334565
CEC2_E024_S09842_L0242,61.601991618357864
CEC2_E024_S09991_L0242,89.67873897602833
CEC2_E024_S08574_L0242,75.94806749594605
CEC2_E024_S09612_L0242,29.980868584873402
CEC2_E024_S09808_L0242,81.68679005273812
CEC2_E024_S08947_L0242,84.13491329577992
CEC2_E024_S09594_L0242,60.97963062592895
CEC2_E024_S09884_L0242,86.23205380508652
CEC2_E024_S09971_L0242,60.01985824528746
CEC2_E024_S08555_L0242,81.10731020717489
CEC2_E024_S09078_L0242,75.19345241987244
CEC2_E024_S09287_L0242,60.012368664061704
CEC2_E031_S08637_L0242,81.48794334492517
CEC2_E031_S09314_L0242,32.95747145285103
CEC2_E031_S08505_L0242,40.2187199799613
CEC2_E031_S09112_L0242,62.702738822147914
CEC2_E031_S09997_L0242,84.80437341290822
CEC2_E031_S09096_L0242,68.44435309709674
CEC2_E031_S08607_L0242,73.64250202102984
CEC2_E031_S09194_L0242,89.26948241656038
CEC2_E031_S09709_L0242,79.38508665422754
CEC2_E031_S09725_L0242,69.0586226917046
CEC2_E031_S09730_L0242,85.35298136571872
CEC2_E031_S08736_L0242,88.80012365838033
CEC2_E031_S09928_L0242,77.69309789491656
CEC2_E031_S09213_L0242,79.6132555164195
CEC2_E031_S09841_L0242,61.76236382796314
CEC2_E031_S08556_L0242,82.48964267245034
CEC2_E031_S08721_L0242,88.69313236408017
CEC2_E031_S09373_L0242,81.38605966191777
CEC2_E031_S09777_L0242,57.729560304175955
CEC2_E031_S09897_L0242,75.32053602531438
CEC2_E031_S08844_L0242,87.75139370183716
CEC2_E031_S08503_L0242,74.10044128280528
CEC2_E031_S08671_L0242,85.59807510655105
CEC2_E031_S08804_L0242,73.8420217129401
CEC2_E031_S09898_L0242,82.52307205158407
CEC2_E031_S09638_L0242,82.43126237971354
CEC2_E031_S09280_L0242,87.34517276499405
CEC2_E031_S09850_L0242,89.28079407441535
CEC2_E031_S08651_L0242,70.57254810033423
CEC2_E031_S09057_L0242,87.04173555261963
CEC2_E031_S09637_L0242,89.34249330606734
CEC2_E031_S09930_L0242,88.50985185503129
CEC2_E031_S09955_L0242,88.40821426341257
CEC2_E031_S08840_L0242,87.74597390583521
CEC2_E031_S08959_L0242,86.09892316000294
CEC2_E031_S09534_L0242,89.19382071830326
CEC2_E031_S09106_L0242,89.37109668779497
CEC2_E031_S08920_L0242,85.7173195580231
CEC2_E031_S09762_L0242,88.21019411749059
CEC2_E031_S08702_L0242,89.43228715641621
CEC2_E031_S09782_L0242,88.84394576816274
CEC2_E031_S09016_L0242,81.41821653731945
CEC2_E031_S08759_L0242,89.49470130343975
CEC2_E031_S09048_L0242,87.02531569991808
CEC2_E031_S09813_L0242,88.66124061613722
CEC2_E031_S09653_L0242,87.43813048972169
CEC2_E031_S09880_L0242,89.4327241367166
CEC2_E031_S08501_L0242,89.37864076595984
CEC2_E031_S08910_L0242,89.53776771642582
CEC2_E031_S08776_L0242,65.69604877062561
CEC2_E031_S09582_L0242,89.10766735309048
CEC2_E031_S09660_L0242,89.22761209339177
CEC2_E031_S08690_L0242,88.78306840619686
CEC2_E031_S09338_L0242,88.26562465432042
CEC2_E031_S08535_L0242,87.53715663398927
CEC2_E031_S09006_L0242,85.36612259265145
CEC2_E031_S09697_L0242,87.71686879583673
CEC2_E031_S09080_L0242,89.53528286094561
CEC2_E031_S08576_L0242,89.48793303895779
CEC2_E031_S09284_L0242,88.62535350803725
CEC2_E032_S09171_L0242,57.91982116762751
CEC2_E032_S09489_L0242,25.93482977419623
CEC2_E032_S09159_L0242,40.015129768199
CEC2_E032_S09685_L0242,45.279880023851355
CEC2_E032_S09121_L0242,64.3033629563208
CEC2_E032_S08704_L0242,27.885595571162693
CEC2_E032_S09835_L0242,75.3001293860779
CEC2_E032_S09605_L0242,76.5859436201555
CEC2_E032_S08826_L0242,27.57069302272261
CEC2_E032_S09393_L0242,51.7726752000582
CEC2_E032_S09763_L0242,67.05664752498139
CEC2_E032_S09883_L0242,34.4705235222107
CEC2_E032_S09837_L0242,45.54832843035337
CEC2_E032_S09341_L0242,67.54664805991578
CEC2_E032_S09966_L0242,29.423665929954552
CEC2_E032_S08984_L0242,68.82663843631653
CEC2_E032_S08635_L0242,15.02342209912802
CEC2_E032_S08874_L0242,58.21103987447425
CEC2_E032_S09607_L0242,83.82722962814701
CEC2_E032_S09225_L0242,11.537989517404586
CEC2_E032_S09376_L0242,80.48568778476046
CEC2_E032_S09555_L0242,27.06858579554382
CEC2_E032_S09245_L0242,48.29272594486617
CEC2_E032_S09210_L0242,68.33215950920219
CEC2_E032_S08926_L0242,11.820874929856076
CEC2_E032_S09364_L0242,74.93078320490572
CEC2_E032_S08743_L0242,39.42898590216882
CEC2_E032_S08931_L0242,88.57352597766486
CEC2_E032_S09497_L0242,86.99471166163045
CEC2_E032_S09336_L0242,66.39252155353905
CEC2_E032_S09629_L0242,45.626644819801804
CEC2_E032_S08782_L0242,84.38961372616735
CEC2_E032_S09099_L0242,41.390261466669216
CEC2_E032_S09144_L0242,85.74400649889164
CEC2_E032_S09508_L0242,76.19133773632501
CEC2_E032_S08585_L0242,34.89441725471962
CEC2_E032_S09754_L0242,88.64424560488831
CEC2_E032_S09976_L0242,61.7859710322999
CEC2_E032_S09052_L0242,50.48509124461481
CEC2_E032_S09425_L0242,85.83561054876631
CEC2_E032_S09789_L0242,33.21195594958815
CEC2_E032_S09719_L0242,70.12263042519274
CEC2_E032_S09221_L0242,12.59658936456204
CEC2_E032_S08526_L0242,14.211971564963399
CEC2_E032_S08627_L0242,30.220219941359925
CEC2_E032_S09101_L0242,11.668679445241304
CEC2_E032_S09826_L0242,12.879185046265862
CEC2_E032_S09430_L0242,57.05586126342764
CEC2_E032_S08998_L0242,73.67447895090766
CEC2_E032_S09118_L0242,88.85598296135655
CEC2_E032_S09734_L0242,13.750953040150602
CEC2_E032_S09889_L0242,11.588476599200822
CEC2_E032_S09357_L0242,34.66731906282679
CEC2_E032_S09986_L0242,79.96586544977986
CEC2_E032_S08530_L0242,18.496644751688926
CEC2_E032_S09949_L0242,58.945936084923694
CEC2_E032_S08753_L0242,79.85504144538767
CEC2_E032_S09547_L0242,68.39114166970361
CEC2_E032_S08788_L0242,13.581894930925417
CEC2_E032_S09908_L0242,87.25798294766736
CEC2_E036_S09591_L0242,42.76497032348192
CEC2_E036_S08673_L0242,44.59490632992651
CEC2_E036_S08857_L0242,49.55655368481719
CEC2_E036_S09191_L0242,67.41686086521742
CEC2_E036_S09461_L0242,18.735882150324265
CEC2_E036_S09819_L0242,69.0725033424329
CEC2_E036_S09517_L0242,76.74796162162221
CEC2_E036_S08879_L0242,77.44219687322905
CEC2_E036_S09891_L0242,66.21342149003263
CEC2_E036_S09353_L0242,56.271600484654584
CEC2_E036_S09668_L0242,77.79653908948798
CEC2_E036_S09502_L0242,59.707435649608954
CEC2_E036_S09148_L0242,54.45350193706394
CEC2_E036_S08864_L0242,69.17746603512902
CEC2_E036_S08509_L0242,65.0642889391859
CEC2_E036_S09683_L0242,70.59523922168057
CEC2_E036_S08825_L0242,62.92510310922336
CEC2_E036_S09804_L0242,77.0261781556185
CEC2_E036_S08618_L0242,36.35262629196293
CEC2_E036_S08703_L0242,37.30462008700463
CEC2_E036_S08617_L0242,48.29677172820976
CEC2_E036_S09301_L0242,74.81551796654247
CEC2_E036_S09097_L0242,71.31145618114189
CEC2_E036_S08973_L0242,84.3310091107215
CEC2_E036_S09867_L0242,56.02363685992913
CEC2_E036_S09200_L0242,69.67264195318862
CEC2_E036_S08999_L0242,80.99633282648355
CEC2_E036_S09421_L0242,82.82694149335443
CEC2_E036_S09095_L0242,22.35338878863379
CEC2_E036_S08715_L0242,73.21189332955257
CEC2_E036_S09407_L0242,77.325777044042
CEC2_E036_S09247_L0242,68.29674774663599
CEC2_E036_S09737_L0242,58.837097978191125
CEC2_E036_S09692_L0242,62.60400355642481
CEC2_E036_S09999_L0242,86.21577951418566
CEC2_E036_S09822_L0242,59.50126799021371
CEC2_E036_S09882_L0242,45.08289446725838
CEC2_E036_S08537_L0242,82.5606342632278
CEC2_E036_S09168_L0242,66.39959609930503
CEC2_E036_S08919_L0242,84.75550608857255
CEC2_E036_S09236_L0242,68.31791258775324
CEC2_E036_S09289_L0242,45.591453231754514
CEC2_E036_S09585_L0242,66.23972430999686
CEC2_E036_S08991_L0242,11.566888352494503
CEC2_E036_S09177_L0242,72.1593126891042
CEC2_E036_S09143_L0242,37.134271925397
CEC2_E036_S09440_L0242,86.54522195563358
CEC2_E036_S09736_L0242,70.17463881853612
CEC2_E036_S08639_L0242,55.93290724453687
CEC2_E036_S08817_L0242,29.926705024785562
CEC2_E036_S09694_L0242,89.63954961015135
CEC2_E036_S09108_L0242,14.417978945153052
CEC2_E036_S08832_L0242,86.74153383667863
CEC2_E036_S09611_L0242,74.05143394859677
CEC2_E036_S09132_L0242,53.8474637996875
CEC2_E036_S09750_L0242,67.03629269499491
CEC2_E036_S09565_L0242,73.21090943401528
CEC2_E036_S08575_L0242,78.57460511204962
CEC2_E036_S08866_L0242,86.63521213701898
CEC2_E036_S08580_L0242,84.814628577995
CEC2_E037_S09553_L0242,85.20198511322425
CEC2_E037_S08846_L0242,87.89006107400948
CEC2_E037_S08662_L0242,19.740428009058245
CEC2_E037_S09459_L0242,67.72823527547783
CEC2_E037_S09167_L0242,78.53135533230767
CEC2_E037_S09780_L0242,79.50317300102499
CEC2_E037_S09800_L0242,86.40145212879737
CEC2_E037_S09917_L0242,74.83532083101764
CEC2_E037_S09079_L0242,81.50315021779828
CEC2_E037_S09134_L0242,55.90221789231208
CEC2_E037_S09624_L0242,64.25759927832725
CEC2_E037_S09481_L0242,62.416833764324586
CEC2_E037_S08927_L0242,79.95706263281025
CEC2_E037_S08807_L0242,81.61928795007263
CEC2_E037_S08513_L0242,61.65745041548436
CEC2_E037_S08908_L0242,50.045494388175044
CEC2_E037_S09596_L0242,74.987144463429
CEC2_E037_S09003_L0242,69.40765262484342
CEC2_E037_S08590_L0242,86.74434833230536
CEC2_E037_S09675_L0242,89.13428013558278
CEC2_E037_S08668_L0242,13.460709518978055
CEC2_E037_S08650_L0242,76.84220346559218
CEC2_E037_S09457_L0242,83.6298734306601
CEC2_E037_S09151_L0242,79.99146544387602
CEC2_E037_S08623_L0242,81.15338700254668
CEC2_E037_S09764_L0242,78.55696357185337
CEC2_E037_S08994_L0242,80.260376461386
CEC2_E037_S09593_L0242,71.72898730978368
CEC2_E037_S08862_L0242,60.35915453968028
CEC2_E037_S08606_L0242,46.61981837212154
CEC2_E037_S09204_L0242,88.19889470258543
CEC2_E037_S09599_L0242,89.1084189781198
CEC2_E037_S08809_L0242,44.18878774295577
CEC2_E037_S09652_L0242,87.00423366110219
CEC2_E037_S08810_L0242,71.41378412034227
CEC2_E037_S08917_L0242,79.03493944835643
CEC2_E037_S09150_L0242,88.08398949318818
CEC2_E037_S09322_L0242,35.04319342586511
CEC2_E037_S08893_L0242,68.90111168590353
CEC2_E037_S09058_L0242,73.32815655188536
CEC2_E037_S09158_L0242,45.58583838592551
CEC2_E037_S09844_L0242,30.48459541999976
CEC2_E037_S08572_L0242,13.428087518280915
CEC2_E037_S08701_L0242,86.02255109342728
CEC2_E037_S08750_L0242,86.16500795129399
CEC2_E037_S09985_L0242,78.37982889690957
CEC2_E037_S08845_L0242,75.54226341501366
CEC2_E037_S09488_L0242,87.54136664612699
CEC2_E037_S08745_L0242,84.35412005177719
CEC2_E037_S09363_L0242,41.33177841929448
CEC2_E037_S09677_L0242,84.51745330111612
CEC2_E037_S09726_L0242,87.71127358474862
CEC2_E037_S09460_L0242,30.108856393472696
CEC2_E037_S09982_L0242,85.47887507749812
CEC2_E037_S09606_L0242,86.18837424087707
CEC2_E037_S09811_L0242,74.31959717464349
CEC2_E037_S08958_L0242,86.67968975792742
CEC2_E037_S09270_L0242,27.04842435828504
CEC2_E037_S09760_L0242,61.22791679491806
CEC2_E037_S08956_L0242,88.96148568269035
CEC2_E038_S09161_L0242,67.96364703314657
CEC2_E038_S09432_L0242,33.21110072245615
CEC2_E038_S09377_L0242,23.89248116615684
CEC2_E038_S09705_L0242,31.506445739470514
CEC2_E038_S09866_L0242,33.89584790589077
CEC2_E038_S09354_L0242,57.447134139595406
CEC2_E038_S08892_L0242,63.70138284979265
CEC2_E038_S08570_L0242,12.743582125512834
CEC2_E038_S09951_L0242,65.26734211974478
CEC2_E038_S08792_L0242,69.94020299015311
CEC2_E038_S08528_L0242,74.52034578877881
CEC2_E038_S09834_L0242,45.916559177062986
CEC2_E038_S08793_L0242,79.45882151884815
CEC2_E038_S09667_L0242,11.57193842069618
CEC2_E038_S09707_L0242,25.986925934103606
CEC2_E038_S08727_L0242,57.40964214220889
CEC2_E038_S09537_L0242,45.576118600001294
CEC2_E038_S09640_L0242,40.491178815613196
CEC2_E038_S09342_L0242,28.137742988360003
CEC2_E038_S09981_L0242,84.09664149037138
CEC2_E038_S08854_L0242,70.72280985938087
CEC2_E038_S09587_L0242,27.1335490312212
CEC2_E038_S09510_L0242,33.741491763406145
CEC2_E038_S09644_L0242,81.56692502617129
CEC2_E038_S09477_L0242,15.95761331946674
CEC2_E038_S09519_L0242,48.99098902295368
CEC2_E038_S09603_L0242,71.38389738557917
CEC2_E038_S08887_L0242,14.933951016273383
CEC2_E038_S09043_L0242,64.44999329091542
CEC2_E038_S09523_L0242,32.98249555300079
CEC2_E038_S09024_L0242,66.8379361259576
CEC2_E038_S08812_L0242,11.978457485867935
CEC2_E038_S09896_L0242,63.006500194805696
CEC2_E038_S08763_L0242,76.60805339681497
CEC2_E038_S09689_L0242,11.46352082434491
CEC2_E038_S08643_L0242,87.26312902419087
CEC2_E038_S09065_L0242,26.24477067982393
CEC2_E038_S09865_L0242,62.49264642967403
CEC2_E038_S08707_L0242,88.97332399864457
CEC2_E038_S09081_L0242,20.501379299526963
CEC2_E038_S08553_L0242,16.037444965822182
CEC2_E038_S09258_L0242,87.79206283964247
CEC2_E038_S09370_L0242,80.6459356733044
CEC2_E038_S09076_L0242,14.61188681408071
CEC2_E038_S08989_L0242,63.08688943992358
CEC2_E038_S08775_L0242,85.55711178072558
CEC2_E038_S09125_L0242,28.112892505946245
CEC2_E038_S09722_L0242,11.409104748277445
CEC2_E038_S09438_L0242,38.1492334017498
CEC2_E038_S08770_L0242,88.86578613578735
CEC2_E038_S09110_L0242,76.87663115687906
CEC2_E038_S09821_L0242,71.72077585041593
CEC2_E038_S08940_L0242,87.40876083567801
CEC2_E038_S09903_L0242,84.60497726556189
CEC2_E038_S09321_L0242,12.460292984617515
CEC2_E038_S09273_L0242,57.27024396208582
CEC2_E038_S08966_L0242,11.594934938056394
CEC2_E038_S09001_L0242,59.23813129251807
CEC2_E038_S08890_L0242,88.38819981227434
CEC2_E038_S09768_L0242,16.724551150089972
CEC2_E001_S09294_L0243,38.44096207846446
CEC2_E001_S08969_L0243,11.232046802138063
CEC2_E001_S09748_L0243,10.609750488242929
CEC2_E001_S08853_L0243,20.87173136713024
CEC2_E001_S08546_L0243,21.14947978924582
CEC2_E001_S09441_L0243,12.273981726076288
CEC2_E001_S08628_L0243,10.15680718517822
CEC2_E001_S09256_L0243,40.45997990118976
CEC2_E001_S09230_L0243,10.10968065991737
CEC2_E001_S09786_L0243,11.555027629596516
CEC2_E001_S08837_L0243,32.721539098005714
CEC2_E001_S09661_L0243,45.77003828151796
CEC2_E001_S08970_L0243,25.88080295361184
CEC2_E001_S08525_L0243,15.938290363850582
CEC2_E001_S09473_L0243,10.130822730255376
CEC2_E001_S09307_L0243,81.99430434504397
CEC2_E001_S08902_L0243,28.294394304474935
CEC2_E001_S08583_L0243,65.17639068231902
CEC2_E001_S09987_L0243,16.49199281013889
CEC2_E001_S09656_L0243,23.70667514482831
CEC2_E001_S09335_L0243,22.757950219552274
CEC2_E001_S09875_L0243,10.227856815423557
CEC2_E001_S08710_L0243,34.35707144100066
CEC2_E001_S09442_L0243,16.903371889176203
CEC2_E001_S09799_L0243,15.603579154071143
CEC2_E001_S09514_L0243,10.168472674139789
CEC2_E001_S08849_L0243,24.244137551953315
CEC2_E001_S09401_L0243,9.97985928479389
CEC2_E001_S09390_L0243,44.424896825785595
CEC2_E001_S09511_L0243,69.39888873595616
CEC2_E001_S09957_L0243,10.188698831217941
CEC2_E001_S09598_L0243,29.591809094742565
CEC2_E001_S09564_L0243,13.559176133760444
CEC2_E001_S09365_L0243,10.45698747988124
CEC2_E001_S09815_L0243,26.53717807832529
CEC2_E001_S08647_L0243,14.940017396407741
CEC2_E001_S09093_L0243,60.17542101355827
CEC2_E001_S09427_L0243,10.075092526836011
CEC2_E001_S09325_L0243,13.331308936973347
CEC2_E001_S09465_L0243,86.34386839665284
CEC2_E001_S09027_L0243,50.913825708768435
CEC2_E001_S08778_L0243,31.944499764718202
CEC2_E001_S09032_L0243,9.998038065314978
CEC2_E001_S09532_L0243,34.30774527639569
CEC2_E001_S09905_L0243,15.8532788492773
CEC2_E001_S09310_L0243,31.304595857377155
CEC2_E001_S09641_L0243,68.68297091990502
CEC2_E001_S09676_L0243,10.227012571571219
CEC2_E001_S08921_L0243,10.314780561472517
CEC2_E001_S09662_L0243,63.747933231919475
CEC2_E001_S09852_L0243,56.31748315317848
CEC2_E001_S08789_L0243,46.29684748902592
CEC2_E001_S09863_L0243,10.3338974397593
CEC2_E001_S08695_L0243,10.42676348876886
CEC2_E001_S09418_L0243,11.70459381125318
CEC2_E001_S08615_L0243,10.144064842222534
CEC2_E001_S08614_L0243,10.28714093685998
CEC2_E001_S09004_L0243,18.62140747071577
CEC2_E001_S09298_L0243,11.256338187411632
CEC2_E001_S09872_L0243,10.236147727160892
CEC2_E008_S08696_L0243,53.453113376104874
CEC2_E008_S09601_L0243,41.017277283150904
CEC2_E008_S09632_L0243,84.44568795762898
CEC2_E008_S09636_L0243,68.1507827326847
CEC2_E008_S08829_L0243,55.56010584406908
CEC2_E008_S09033_L0243,15.648951086300055
CEC2_E008_S08784_L0243,12.68905149875001
CEC2_E008_S08649_L0243,86.66098556347148
CEC2_E008_S09233_L0243,30.19636335985381
CEC2_E008_S09749_L0243,35.18011984158439
CEC2_E008_S09277_L0243,64.9102000987694
CEC2_E008_S09128_L0243,13.607787393259706
CEC2_E008_S09445_L0243,58.40985829298171
CEC2_E008_S08544_L0243,24.65471646797326
CEC2_E008_S08725_L0243,86.50373435779314
CEC2_E008_S09053_L0243,84.287875776405
CEC2_E008_S09657_L0243,75.06598981590159
CEC2_E008_S09576_L0243,13.679429387288357
CEC2_E008_S09088_L0243,24.463490913826906
CEC2_E008_S09114_L0243,51.26724351287093
CEC2_E008_S09220_L0243,61.630641251782315
CEC2_E008_S09226_L0243,85.30676807820282
CEC2_E008_S09102_L0243,55.78693604046531
CEC2_E008_S09435_L0243,11.062543290144584
CEC2_E008_S08851_L0243,85.7127917346117
CEC2_E008_S09309_L0243,86.25792470892648
CEC2_E008_S09945_L0243,22.484251363934195
CEC2_E008_S08565_L0243,19.60980641414167
CEC2_E008_S08842_L0243,69.03846807447702
CEC2_E008_S08914_L0243,49.86328597475654
CEC2_E008_S08551_L0243,60.84902659142872
CEC2_E008_S09630_L0243,77.7412049314461
CEC2_E008_S09610_L0243,51.53690079967322
CEC2_E008_S08838_L0243,19.846625069744245
CEC2_E008_S09972_L0243,75.74458998924668
CEC2_E008_S09163_L0243,45.84662696338878
CEC2_E008_S09318_L0243,23.248942065178497
CEC2_E008_S09117_L0243,14.055634605563936
CEC2_E008_S09029_L0243,49.688287321750515
CEC2_E008_S09513_L0243,84.81314951144988
CEC2_E008_S08964_L0243,52.57796981216207
CEC2_E008_S09885_L0243,88.03335763346064
CEC2_E008_S09820_L0243,20.634735070787077
CEC2_E008_S08581_L0243,87.67175062987016
CEC2_E008_S09967_L0243,13.00783249941445
CEC2_E008_S09422_L0243,11.674373517095189
CEC2_E008_S09268_L0243,11.494037483563758
CEC2_E008_S09458_L0243,74.6519837844905
CEC2_E008_S08533_L0243,79.03194111867496
CEC2_E008_S08978_L0243,68.83089808234216
CEC2_E008_S08897_L0243,74.5694089396701
CEC2_E008_S09774_L0243,62.33387624912206
CEC2_E008_S09758_L0243,62.569805390681495
CEC2_E008_S09172_L0243,88.27210133884196
CEC2_E008_S09592_L0243,40.24170657212445
CEC2_E008_S09046_L0243,27.650606720067923
CEC2_E008_S09388_L0243,88.60216183083075
CEC2_E008_S09439_L0243,88.15994853898654
CEC2_E008_S09795_L0243,12.774152029665318
CEC2_E008_S09160_L0243,82.39215598829847
CEC2_E009_S09327_L0243,88.5420550084642
CEC2_E009_S09620_L0243,88.62326993413474
CEC2_E009_S09326_L0243,88.67461252977124
CEC2_E009_S09778_L0243,88.04952093496648
CEC2_E009_S09648_L0243,83.77452850719634
CEC2_E009_S08744_L0243,82.96698137671613
CEC2_E009_S09932_L0243,88.57743281172394
CEC2_E009_S08584_L0243,88.54238978499961
CEC2_E009_S08561_L0243,88.51996172954607
CEC2_E009_S08764_L0243,88.66118631294127
CEC2_E009_S09535_L0243,86.82415986269916
CEC2_E009_S09853_L0243,88.61426884286956
CEC2_E009_S08850_L0243,88.64930104044443
CEC2_E009_S09646_L0243,88.67292121700854
CEC2_E009_S09989_L0243,88.66602546798207
CEC2_E009_S09285_L0243,88.54178298118815
CEC2_E009_S09678_L0243,88.55508631162915
CEC2_E009_S09743_L0243,88.6649855025364
CEC2_E009_S09816_L0243,88.5004241203299
CEC2_E009_S09712_L0243,88.41130841764773
CEC2_E009_S09091_L0243,88.65870606046238
CEC2_E009_S09570_L0243,88.17135789055791
CEC2_E009_S09248_L0243,88.51281332749964
CEC2_E009_S09339_L0243,88.41675254294013
CEC2_E009_S09720_L0243,81.61261868459748
CEC2_E009_S09761_L0243,88.47555785293596
CEC2_E009_S08746_L0243,88.37092645323938
CEC2_E009_S09870_L0243,88.10738332652771
CEC2_E009_S08610_L0243,88.16065933321232
CEC2_E009_S09759_L0243,88.6609166050338
CEC2_E009_S09650_L0243,88.6774986097843
CEC2_E009_S09361_L0243,88.61731694882663
CEC2_E009_S09877_L0243,88.65959243137051
CEC2_E009_S09501_L0243,88.6808060144111
CEC2_E009_S08567_L0243,88.57541927125956
CEC2_E009_S09933_L0243,88.66797154060878
CEC2_E009_S09449_L0243,88.67926653602319
CEC2_E009_S09836_L0243,88.67564142490195
CEC2_E009_S09856_L0243,88.6329439498404
CEC2_E009_S09205_L0243,88.67404089441553
CEC2_E009_S09041_L0243,88.68065764155878
CEC2_E009_S09275_L0243,88.67848286908922
CEC2_E009_S08726_L0243,88.66827360647291
CEC2_E009_S08923_L0243,83.04884760280048
CEC2_E009_S08731_L0243,88.62787328760265
CEC2_E009_S08785_L0243,88.6780086882713
CEC2_E009_S09567_L0243,88.66143098117101
CEC2_E009_S09557_L0243,88.67082420439714
CEC2_E009_S08730_L0243,88.67071025787743
CEC2_E009_S09352_L0243,88.6804186422169
CEC2_E009_S08787_L0243,88.44015247040906
CEC2_E009_S08631_L0243,88.57757757545072
CEC2_E009_S09069_L0243,88.66541396444076
CEC2_E009_S08835_L0243,88.65902207891041
CEC2_E009_S08636_L0243,88.68261772475459
CEC2_E009_S08514_L0243,88.61901581395175
CEC2_E009_S09089_L0243,88.56696966603495
CEC2_E009_S08997_L0243,88.61574460077593
CEC2_E009_S09944_L0243,88.59621974839938
CEC2_E009_S09478_L0243,88.67141810389334
CEC2_E022_S09800_L0243,77.61823046979335
CEC2_E022_S09917_L0243,66.20350518813348
CEC2_E022_S09079_L0243,83.74991782659228
CEC2_E022_S09167_L0243,79.19478496949046
CEC2_E022_S08846_L0243,88.62231664624674
CEC2_E022_S09780_L0243,79.1332480676059
CEC2_E022_S08662_L0243,16.70499219435709
CEC2_E022_S09134_L0243,60.84965659235964
CEC2_E022_S09459_L0243,69.48061511279163
CEC2_E022_S09553_L0243,78.53321632193092
CEC2_E022_S08513_L0243,78.2909539716753
CEC2_E022_S09003_L0243,67.30999397297643
CEC2_E022_S08908_L0243,62.06849109915845
CEC2_E022_S09675_L0243,88.95876918848339
CEC2_E022_S09624_L0243,60.06371350711259
CEC2_E022_S08590_L0243,87.43959563473516
CEC2_E022_S08807_L0243,82.68343276324902
CEC2_E022_S08927_L0243,81.7192043921901
CEC2_E022_S09481_L0243,71.52418775302056
CEC2_E022_S09596_L0243,85.38496888989073
CEC2_E022_S08606_L0243,45.049135853581156
CEC2_E022_S08650_L0243,80.77516343848326
CEC2_E022_S08862_L0243,69.09832050093878
CEC2_E022_S09151_L0243,62.2261622427121
CEC2_E022_S09457_L0243,86.90526967083876
CEC2_E022_S08623_L0243,77.89149801550674
CEC2_E022_S09764_L0243,78.20245034099497
CEC2_E022_S09593_L0243,77.28214676186433
CEC2_E022_S08668_L0243,19.397567083343965
CEC2_E022_S08994_L0243,82.41948372028712
CEC2_E022_S09204_L0243,87.78906664206347
CEC2_E022_S09150_L0243,87.10842695992841
CEC2_E022_S09322_L0243,23.86584315006233
CEC2_E022_S08809_L0243,76.29483795320841
CEC2_E022_S09058_L0243,78.74771365332121
CEC2_E022_S09652_L0243,87.24418225542004
CEC2_E022_S09599_L0243,88.98224195858661
CEC2_E022_S08810_L0243,78.63029768366505
CEC2_E022_S08893_L0243,79.53941531904496
CEC2_E022_S08917_L0243,75.23531604838867
CEC2_E022_S08701_L0243,85.21593798548832
CEC2_E022_S09158_L0243,87.96037470260136
CEC2_E022_S09844_L0243,56.98690954562516
CEC2_E022_S08845_L0243,82.30865597488119
CEC2_E022_S08572_L0243,14.930801753308835
CEC2_E022_S08750_L0243,88.8950673211599
CEC2_E022_S09985_L0243,63.857859864327864
CEC2_E022_S08745_L0243,88.88820269123735
CEC2_E022_S09488_L0243,86.99031098773924
CEC2_E022_S09363_L0243,87.64654188213271
CEC2_E022_S09982_L0243,87.2689488558044
CEC2_E022_S09270_L0243,63.25448510028399
CEC2_E022_S09460_L0243,14.152163417222358
CEC2_E022_S09606_L0243,87.45164041855973
CEC2_E022_S09760_L0243,78.81686525483119
CEC2_E022_S08958_L0243,81.84553918774475
CEC2_E022_S09726_L0243,88.72206276214641
CEC2_E022_S08956_L0243,89.1235064577844
CEC2_E022_S09677_L0243,83.88184303019233
CEC2_E022_S09811_L0243,79.04532177203113
CEC2_E024_S08607_L0243,64.52544143565731
CEC2_E024_S09709_L0243,56.18527878662785
CEC2_E024_S09725_L0243,65.49058133325433
CEC2_E024_S08637_L0243,42.38736438048051
CEC2_E024_S09112_L0243,55.36958691887043
CEC2_E024_S09096_L0243,67.68500740172085
CEC2_E024_S09997_L0243,73.03108672125282
CEC2_E024_S09194_L0243,87.34010212476589
CEC2_E024_S09314_L0243,47.59047547620133
CEC2_E024_S08505_L0243,13.070574422592397
CEC2_E024_S08721_L0243,86.86452432946726
CEC2_E024_S09730_L0243,36.97489293160518
CEC2_E024_S08556_L0243,86.54780581570792
CEC2_E024_S09373_L0243,86.67358817335351
CEC2_E024_S09213_L0243,70.60188758192594
CEC2_E024_S09841_L0243,65.03876162045313
CEC2_E024_S09777_L0243,50.71679286896373
CEC2_E024_S09928_L0243,75.38460750786426
CEC2_E024_S09897_L0243,55.31785989672179
CEC2_E024_S08736_L0243,86.77065704024645
CEC2_E024_S08804_L0243,62.33558745551906
CEC2_E024_S09850_L0243,84.57907187144363
CEC2_E024_S09898_L0243,53.8219718124709
CEC2_E024_S08503_L0243,73.57729991718014
CEC2_E024_S09280_L0243,57.59473033367855
CEC2_E024_S09638_L0243,13.400482646285248
CEC2_E024_S09057_L0243,73.35275970533218
CEC2_E024_S08651_L0243,82.73421296039382
CEC2_E024_S08671_L0243,69.03048720615476
CEC2_E024_S08844_L0243,75.13791323336102
CEC2_E024_S08959_L0243,81.96979770750455
CEC2_E024_S09106_L0243,89.53472341725546
CEC2_E024_S09955_L0243,82.05487086856225
CEC2_E024_S09930_L0243,87.82160981528273
CEC2_E024_S08920_L0243,40.60081659369685
CEC2_E024_S09637_L0243,86.96474918011293
CEC2_E024_S08840_L0243,41.51749048502483
CEC2_E024_S08702_L0243,89.38653750861371
CEC2_E024_S09534_L0243,80.82574915755043
CEC2_E024_S09762_L0243,45.1567524403767
CEC2_E024_S09653_L0243,88.88007565321345
CEC2_E024_S08759_L0243,89.72005857026069
CEC2_E024_S09880_L0243,89.39200172658575
CEC2_E024_S09782_L0243,87.38427106708545
CEC2_E024_S09048_L0243,85.55205297893697
CEC2_E024_S09813_L0243,82.71245375415313
CEC2_E024_S08910_L0243,89.686299321278
CEC2_E024_S08501_L0243,89.83955514235257
CEC2_E024_S08776_L0243,13.915957360333506
CEC2_E024_S09016_L0243,46.35995859770826
CEC2_E024_S09660_L0243,37.894372580165886
CEC2_E024_S08576_L0243,87.60015056089107
CEC2_E024_S08535_L0243,46.56223357014095
CEC2_E024_S09697_L0243,53.14994699119419
CEC2_E024_S09582_L0243,89.32466016919109
CEC2_E024_S09006_L0243,58.932011981924155
CEC2_E024_S08690_L0243,81.04146072359339
CEC2_E024_S09338_L0243,86.93002067023397
CEC2_E024_S09284_L0243,17.742800120689882
CEC2_E024_S09080_L0243,89.55012431688812
CEC2_E031_S09489_L0243,79.11383128652625
CEC2_E031_S09159_L0243,72.80093734219987
CEC2_E031_S08826_L0243,88.70170683735445
CEC2_E031_S09685_L0243,88.46544681318242
CEC2_E031_S09171_L0243,88.59674921076294
CEC2_E031_S09835_L0243,89.02370290835711
CEC2_E031_S09605_L0243,88.59541095508406
CEC2_E031_S09393_L0243,88.584419171219
CEC2_E031_S08704_L0243,67.5237822623848
CEC2_E031_S09121_L0243,89.01833224034402
CEC2_E031_S09966_L0243,83.53044668012173
CEC2_E031_S09883_L0243,87.67562647853718
CEC2_E031_S09225_L0243,10.883827648307827
CEC2_E031_S09763_L0243,88.90617854458438
CEC2_E031_S09341_L0243,85.98796756732851
CEC2_E031_S08874_L0243,88.86494246012879
CEC2_E031_S09607_L0243,89.12349753762808
CEC2_E031_S08635_L0243,87.34474843937694
CEC2_E031_S08984_L0243,89.14530415610717
CEC2_E031_S09837_L0243,86.37818302036254
CEC2_E031_S09245_L0243,87.30192189958981
CEC2_E031_S08743_L0243,87.5865556408367
CEC2_E031_S09376_L0243,89.10054769351818
CEC2_E031_S09336_L0243,87.08673444882605
CEC2_E031_S09497_L0243,89.14722984780981
CEC2_E031_S08926_L0243,48.95628288749036
CEC2_E031_S09555_L0243,88.04237428293443
CEC2_E031_S08931_L0243,89.15523487322307
CEC2_E031_S09210_L0243,87.71225726826763
CEC2_E031_S09364_L0243,74.67456139841406
CEC2_E031_S09052_L0243,89.18038847637946
CEC2_E031_S09144_L0243,89.19181810120344
CEC2_E031_S09425_L0243,89.14170824436063
CEC2_E031_S09099_L0243,88.88559110399903
CEC2_E031_S09629_L0243,89.20559111035972
CEC2_E031_S09754_L0243,89.18787902003322
CEC2_E031_S08782_L0243,89.20130163086993
CEC2_E031_S09508_L0243,89.14968621765118
CEC2_E031_S08585_L0243,87.43304828980143
CEC2_E031_S09976_L0243,87.94273082822431
CEC2_E031_S09221_L0243,88.27734071447085
CEC2_E031_S09118_L0243,89.20729003589292
CEC2_E031_S09719_L0243,89.16036898486732
CEC2_E031_S09789_L0243,89.08399190355264
CEC2_E031_S09826_L0243,88.95874986770998
CEC2_E031_S09101_L0243,23.49936633616485
CEC2_E031_S08998_L0243,89.18977842068993
CEC2_E031_S08627_L0243,89.20683406489778
CEC2_E031_S09430_L0243,89.13792408707177
CEC2_E031_S08526_L0243,83.66653646747781
CEC2_E031_S09889_L0243,28.53452390814203
CEC2_E031_S08530_L0243,85.33482381396328
CEC2_E031_S08753_L0243,89.16911164284244
CEC2_E031_S09357_L0243,89.10701331585658
CEC2_E031_S09986_L0243,89.16738478127169
CEC2_E031_S09547_L0243,89.15382176156942
CEC2_E031_S09734_L0243,87.828826450279
CEC2_E031_S09949_L0243,89.12938202709842
CEC2_E031_S08788_L0243,48.58560336308427
CEC2_E031_S09908_L0243,88.95138450516
CEC2_E032_S09819_L0243,79.90924914242225
CEC2_E032_S09353_L0243,47.38189357476218
CEC2_E032_S09517_L0243,17.413896344070466
CEC2_E032_S09461_L0243,38.27506238757575
CEC2_E032_S09591_L0243,60.77306278952038
CEC2_E032_S08879_L0243,64.83908504964083
CEC2_E032_S08673_L0243,13.252837265375769
CEC2_E032_S09191_L0243,56.450994667061295
CEC2_E032_S09891_L0243,65.60564698003742
CEC2_E032_S08857_L0243,11.602442894932267
CEC2_E032_S08864_L0243,50.841513301716546
CEC2_E032_S09148_L0243,18.62868298666529
CEC2_E032_S09502_L0243,28.815838601832702
CEC2_E032_S09683_L0243,60.425386873181765
CEC2_E032_S08618_L0243,28.754415263146832
CEC2_E032_S09668_L0243,79.15958546324049
CEC2_E032_S09804_L0243,58.73412337620001
CEC2_E032_S08825_L0243,59.765497502458636
CEC2_E032_S08703_L0243,13.163732594518232
CEC2_E032_S08509_L0243,57.9726428216773
CEC2_E032_S08973_L0243,16.013449673400512
CEC2_E032_S09097_L0243,67.35179148854002
CEC2_E032_S08617_L0243,63.85031365719666
CEC2_E032_S09867_L0243,13.07107122512067
CEC2_E032_S09421_L0243,37.74789663513752
CEC2_E032_S09095_L0243,11.88785598948682
CEC2_E032_S09200_L0243,74.02921430185141
CEC2_E032_S08715_L0243,78.63634962190551
CEC2_E032_S09301_L0243,71.69422187223006
CEC2_E032_S08999_L0243,80.38174344159042
CEC2_E032_S08537_L0243,84.55880459891262
CEC2_E032_S09692_L0243,50.57924794520073
CEC2_E032_S09168_L0243,15.921563363675396
CEC2_E032_S08919_L0243,68.75082335801022
CEC2_E032_S09822_L0243,19.953401626506363
CEC2_E032_S09999_L0243,80.21068516127316
CEC2_E032_S09882_L0243,12.402993187441057
CEC2_E032_S09737_L0243,31.196940728031368
CEC2_E032_S09247_L0243,64.10016004166071
CEC2_E032_S09407_L0243,53.20050259596635
CEC2_E032_S09236_L0243,75.63597831461846
CEC2_E032_S09143_L0243,17.233759969968794
CEC2_E032_S09736_L0243,14.914422319594712
CEC2_E032_S09289_L0243,13.682242144090816
CEC2_E032_S08991_L0243,11.620008802729595
CEC2_E032_S09585_L0243,57.267787157968556
CEC2_E032_S09177_L0243,20.556554073192117
CEC2_E032_S09440_L0243,86.93034789785422
CEC2_E032_S08639_L0243,33.36548083560332
CEC2_E032_S08817_L0243,11.953765496210488
CEC2_E032_S09694_L0243,80.52652016041837
CEC2_E032_S09132_L0243,18.83137242387885
CEC2_E032_S08866_L0243,76.26032577602312
CEC2_E032_S09611_L0243,81.1351078600892
CEC2_E032_S08832_L0243,38.847468000784126
CEC2_E032_S09565_L0243,68.60389587288932
CEC2_E032_S08575_L0243,54.227383055334776
CEC2_E032_S08580_L0243,75.24087710270643
CEC2_E032_S09108_L0243,13.193765702896012
CEC2_E032_S09750_L0243,82.95300009341986
CEC2_E036_S09432_L0243,14.677820278179354
CEC2_E036_S09377_L0243,48.34614230532519
CEC2_E036_S09354_L0243,57.21748423496275
CEC2_E036_S09951_L0243,65.84334958907353
CEC2_E036_S08570_L0243,49.209983628950454
CEC2_E036_S08792_L0243,66.59919876025377
CEC2_E036_S09866_L0243,58.576656979611286
CEC2_E036_S09705_L0243,87.8302995187932
CEC2_E036_S09161_L0243,61.1760652116014
CEC2_E036_S08892_L0243,42.42865582274473
CEC2_E036_S09537_L0243,16.959865683468074
CEC2_E036_S09342_L0243,47.92838072055854
CEC2_E036_S09981_L0243,69.58898296756898
CEC2_E036_S09834_L0243,73.66475793243416
CEC2_E036_S09707_L0243,83.7623774952097
CEC2_E036_S08528_L0243,88.4478952692135
CEC2_E036_S09667_L0243,22.230653003209387
CEC2_E036_S09640_L0243,73.13188271912263
CEC2_E036_S08793_L0243,76.66655853707707
CEC2_E036_S08727_L0243,51.23723675657328
CEC2_E036_S09587_L0243,80.26393041258592
CEC2_E036_S09644_L0243,73.4426564379196
CEC2_E036_S08887_L0243,62.019971257382934
CEC2_E036_S08854_L0243,66.7952584363468
CEC2_E036_S09510_L0243,50.096860248154634
CEC2_E036_S09519_L0243,81.06613374869993
CEC2_E036_S09603_L0243,69.75679950937246
CEC2_E036_S09523_L0243,56.56163150223017
CEC2_E036_S09477_L0243,39.524489685696004
CEC2_E036_S09043_L0243,72.75267585964919
CEC2_E036_S08707_L0243,86.9179597432791
CEC2_E036_S09065_L0243,68.77135120929735
CEC2_E036_S08643_L0243,87.20383762555521
CEC2_E036_S09896_L0243,72.44889319035423
CEC2_E036_S08763_L0243,66.56302436224041
CEC2_E036_S09081_L0243,64.74871731811544
CEC2_E036_S08812_L0243,65.85158963600641
CEC2_E036_S09689_L0243,56.237474135416036
CEC2_E036_S09024_L0243,85.70699994192842
CEC2_E036_S09865_L0243,58.46864686807906
CEC2_E036_S09076_L0243,44.28696140639124
CEC2_E036_S09438_L0243,73.3701954846745
CEC2_E036_S08775_L0243,85.99716134556236
CEC2_E036_S08553_L0243,83.58639463039961
CEC2_E036_S09258_L0243,89.16181774232855
CEC2_E036_S09370_L0243,79.32365126099457
CEC2_E036_S09125_L0243,83.93667446106248
CEC2_E036_S08989_L0243,55.01835653093172
CEC2_E036_S09722_L0243,11.700056868018342
CEC2_E036_S08770_L0243,78.06275079070488
CEC2_E036_S09110_L0243,69.28188562433836
CEC2_E036_S09321_L0243,42.597007238428844
CEC2_E036_S09903_L0243,73.053381972605
CEC2_E036_S09768_L0243,34.24439259417917
CEC2_E036_S09001_L0243,55.738511342756475
CEC2_E036_S09273_L0243,64.43327560698548
CEC2_E036_S08940_L0243,81.50344456946742
CEC2_E036_S08966_L0243,13.165312474686433
CEC2_E036_S09821_L0243,87.13375138377336
CEC2_E036_S08890_L0243,87.6867199451877
CEC2_E037_S08735_L0243,54.288946638655354
CEC2_E037_S08577_L0243,80.59201448106384
CEC2_E037_S09469_L0243,66.43133894683329
CEC2_E037_S08663_L0243,62.612177100173874
CEC2_E037_S08847_L0243,88.39705498165185
CEC2_E037_S09443_L0243,26.429789383115185
CEC2_E037_S09832_L0243,69.65980305828298
CEC2_E037_S08768_L0243,75.12359408740932
CEC2_E037_S09193_L0243,64.86280238079779
CEC2_E037_S09504_L0243,13.548122581279392
CEC2_E037_S09130_L0243,49.253372068906856
CEC2_E037_S08502_L0243,72.29424865163962
CEC2_E037_S09672_L0243,88.50997129841637
CEC2_E037_S09996_L0243,82.33706955279703
CEC2_E037_S08542_L0243,88.19715980269162
CEC2_E037_S09140_L0243,87.06014956715802
CEC2_E037_S09857_L0243,75.9374124932774
CEC2_E037_S09663_L0243,87.40022455812426
CEC2_E037_S08806_L0243,65.55090716570277
CEC2_E037_S09984_L0243,30.542624750106178
CEC2_E037_S08652_L0243,63.91077553177152
CEC2_E037_S09403_L0243,61.37606554425803
CEC2_E037_S09271_L0243,86.22718373570574
CEC2_E037_S09392_L0243,63.97121398896887
CEC2_E037_S09817_L0243,41.53936551533666
CEC2_E037_S09296_L0243,87.16711443931416
CEC2_E037_S09671_L0243,82.34122001334036
CEC2_E037_S09979_L0243,35.54002119525092
CEC2_E037_S09456_L0243,78.4834051610162
CEC2_E037_S09645_L0243,86.60428346232194
CEC2_E037_S09515_L0243,67.43358655433568
CEC2_E037_S09332_L0243,76.21898496147323
CEC2_E037_S09308_L0243,50.159478672902395
CEC2_E037_S09838_L0243,87.65230054846047
CEC2_E037_S08597_L0243,87.9234546156141
CEC2_E037_S09455_L0243,88.0944244878146
CEC2_E037_S08855_L0243,59.69058338266888
CEC2_E037_S09686_L0243,86.96558343603512
CEC2_E037_S08519_L0243,41.491577692808924
CEC2_E037_S09156_L0243,88.29287827911773
CEC2_E037_S09929_L0243,84.02853738031935
CEC2_E037_S09600_L0243,74.5282957974425
CEC2_E037_S09991_L0243,86.65315851236349
CEC2_E037_S08801_L0243,68.5744133382675
CEC2_E037_S09913_L0243,88.47305227630788
CEC2_E037_S09541_L0243,13.04095721850742
CEC2_E037_S09842_L0243,84.02201802485088
CEC2_E037_S09039_L0243,72.63644179815009
CEC2_E037_S08677_L0243,88.20574347275763
CEC2_E037_S09188_L0243,85.63379996119637
CEC2_E037_S09884_L0243,75.59490999890755
CEC2_E037_S08574_L0243,79.28910279746567
CEC2_E037_S09078_L0243,87.94423225645208
CEC2_E037_S09612_L0243,56.19454712208317
CEC2_E037_S09808_L0243,80.35996788328453
CEC2_E037_S08947_L0243,75.79495656765565
CEC2_E037_S09594_L0243,86.33966333761948
CEC2_E037_S08555_L0243,85.68311573155516
CEC2_E037_S09287_L0243,86.51370023129313
CEC2_E037_S09971_L0243,65.68514144460671
CEC2_E038_S08841_L0243,72.82649285656457
CEC2_E038_S09584_L0243,47.77927358956886
CEC2_E038_S09526_L0243,69.34515365474647
CEC2_E038_S09153_L0243,58.96021797482374
CEC2_E038_S08688_L0243,15.672166180646744
CEC2_E038_S09398_L0243,65.82206618992659
CEC2_E038_S09082_L0243,52.88879923223031
CEC2_E038_S09272_L0243,70.70231472742897
CEC2_E038_S09174_L0243,66.91990381833156
CEC2_E038_S09157_L0243,14.838336936072265
CEC2_E038_S09237_L0243,75.45137669888906
CEC2_E038_S09067_L0243,13.77829849854636
CEC2_E038_S09785_L0243,50.29799708723447
CEC2_E038_S09920_L0243,85.1469076824753
CEC2_E038_S09470_L0243,63.52530103306466
CEC2_E038_S09912_L0243,85.15688354370974
CEC2_E038_S08624_L0243,49.4244243995756
CEC2_E038_S08569_L0243,22.74105557008248
CEC2_E038_S09900_L0243,25.031921560762676
CEC2_E038_S09244_L0243,41.81373094135574
CEC2_E038_S09552_L0243,74.62093674460719
CEC2_E038_S09346_L0243,89.0640500680257
CEC2_E038_S08882_L0243,40.62839169453974
CEC2_E038_S08979_L0243,15.918948788181641
CEC2_E038_S09861_L0243,37.34013816402799
CEC2_E038_S09402_L0243,35.959145766315025
CEC2_E038_S09512_L0243,44.238704407789605
CEC2_E038_S08612_L0243,76.21651046178884
CEC2_E038_S09073_L0243,30.52351448720263
CEC2_E038_S08944_L0243,82.7497379281834
CEC2_E038_S08622_L0243,77.26477172333365
CEC2_E038_S08625_L0243,22.77465672331771
CEC2_E038_S09090_L0243,88.37730812735877
CEC2_E038_S09907_L0243,89.39508107876878
CEC2_E038_S09025_L0243,59.152969687703305
CEC2_E038_S08676_L0243,11.804140527070668
CEC2_E038_S08626_L0243,11.75651813727175
CEC2_E038_S08996_L0243,29.819556602342143
CEC2_E038_S08714_L0243,33.619222652850645
CEC2_E038_S09009_L0243,21.54810690465834
CEC2_E038_S09881_L0243,67.17558935466941
CEC2_E038_S08945_L0243,31.47335489767023
CEC2_E038_S08653_L0243,86.50990481344152
CEC2_E038_S08803_L0243,89.2557056356936
CEC2_E038_S09608_L0243,13.232817688334821
CEC2_E038_S09824_L0243,12.187443391214538
CEC2_E038_S09235_L0243,79.45060418809585
CEC2_E038_S08860_L0243,82.9553120928792
CEC2_E038_S08875_L0243,78.23827072557205
CEC2_E038_S09586_L0243,88.3266964783183
CEC2_E038_S08836_L0243,86.04697834895383
CEC2_E038_S09536_L0243,73.55334227003026
CEC2_E038_S09109_L0243,20.310731547830475
CEC2_E038_S09413_L0243,41.534304621317915
CEC2_E038_S09434_L0243,66.68818209633946
CEC2_E038_S08598_L0243,16.587264244269093
CEC2_E038_S09893_L0243,87.51104689947572
CEC2_E038_S09846_L0243,49.22819804015594
CEC2_E038_S09371_L0243,13.98901814861216
CEC2_E038_S09098_L0243,89.16149356714415
CEC2_E001_S09601_L0249,24.05372723844363
CEC2_E001_S09636_L0249,11.953074169233295
CEC2_E001_S09632_L0249,78.99086511777563
CEC2_E001_S09033_L0249,11.987379324854912
CEC2_E001_S08829_L0249,10.976001966382764
CEC2_E001_S08784_L0249,15.280011987431902
CEC2_E001_S08696_L0249,10.914815943169206
CEC2_E001_S09749_L0249,10.759412933868944
CEC2_E001_S09233_L0249,16.00375060007238
CEC2_E001_S08649_L0249,77.24660023569551
CEC2_E001_S08544_L0249,10.425200815135222
CEC2_E001_S09053_L0249,66.37243578625848
CEC2_E001_S09277_L0249,11.908383158610118
CEC2_E001_S09445_L0249,14.341751944226965
CEC2_E001_S09657_L0249,26.87491761829991
CEC2_E001_S09088_L0249,11.051550848423435
CEC2_E001_S09576_L0249,16.837796351392818
CEC2_E001_S09114_L0249,17.17658144868945
CEC2_E001_S08725_L0249,15.152596806218554
CEC2_E001_S09128_L0249,10.756735538453173
CEC2_E001_S08565_L0249,11.952996787875168
CEC2_E001_S09309_L0249,82.5268682669338
CEC2_E001_S09220_L0249,22.234777116909076
CEC2_E001_S08842_L0249,48.359680788074776
CEC2_E001_S09102_L0249,12.577665304898234
CEC2_E001_S09226_L0249,26.769051139688834
CEC2_E001_S09435_L0249,10.958074753969075
CEC2_E001_S08914_L0249,34.99076284590309
CEC2_E001_S08851_L0249,70.94813160087944
CEC2_E001_S09945_L0249,10.444444655882613
CEC2_E001_S09029_L0249,12.139515070641345
CEC2_E001_S08838_L0249,10.805904050605609
CEC2_E001_S08551_L0249,11.56623132411963
CEC2_E001_S09117_L0249,10.55512065121228
CEC2_E001_S09163_L0249,30.71251744685923
CEC2_E001_S09610_L0249,13.614909155392022
CEC2_E001_S09972_L0249,59.985486482836414
CEC2_E001_S09630_L0249,79.1313412421123
CEC2_E001_S09318_L0249,11.790521983653464
CEC2_E001_S09513_L0249,57.75192060640463
CEC2_E001_S08964_L0249,12.535389344742129
CEC2_E001_S09820_L0249,10.606576657601195
CEC2_E001_S09422_L0249,10.654642566704858
CEC2_E001_S08978_L0249,20.60220084306303
CEC2_E001_S09885_L0249,82.40053865473149
CEC2_E001_S08533_L0249,66.6449726796779
CEC2_E001_S09967_L0249,10.35026371549404
CEC2_E001_S08581_L0249,51.580577464334276
CEC2_E001_S09592_L0249,12.550246009693991
CEC2_E001_S09172_L0249,86.60151235613986
CEC2_E001_S09160_L0249,75.9443342258691
CEC2_E001_S09046_L0249,11.388302090150106
CEC2_E001_S09439_L0249,75.52610278946561
CEC2_E001_S09774_L0249,11.859197467127416
CEC2_E001_S09758_L0249,10.749954216843378
CEC2_E001_S09388_L0249,55.6391581428303
CEC2_E001_S09795_L0249,10.637686312365389
CEC2_E001_S08897_L0249,35.95331140560085
CEC2_E008_S09778_L0249,16.669874839475288
CEC2_E008_S09620_L0249,36.846043357326685
CEC2_E008_S08561_L0249,72.86446538550015
CEC2_E008_S08744_L0249,56.73467058507
CEC2_E008_S08764_L0249,64.34221119366244
CEC2_E008_S09326_L0249,83.9086945660483
CEC2_E008_S08584_L0249,75.91617028490629
CEC2_E008_S09648_L0249,11.332082534840188
CEC2_E008_S09327_L0249,75.2575414213705
CEC2_E008_S09932_L0249,67.69049798697772
CEC2_E008_S09285_L0249,82.43435204598808
CEC2_E008_S08850_L0249,86.24591498427942
CEC2_E008_S09535_L0249,17.612774326594
CEC2_E008_S09646_L0249,65.09774510434531
CEC2_E008_S09853_L0249,70.84458020738371
CEC2_E008_S09816_L0249,36.02639052830237
CEC2_E008_S09678_L0249,71.45356438071394
CEC2_E008_S09743_L0249,75.84358218824084
CEC2_E008_S09989_L0249,49.8236286890113
CEC2_E008_S09712_L0249,72.38698279998358
CEC2_E008_S09870_L0249,61.541987599368895
CEC2_E008_S09759_L0249,64.49826066701318
CEC2_E008_S09339_L0249,70.34709022231738
CEC2_E008_S09091_L0249,81.81852100796387
CEC2_E008_S09761_L0249,72.93550023495781
CEC2_E008_S08746_L0249,21.664419551442336
CEC2_E008_S09570_L0249,58.76401288398619
CEC2_E008_S08610_L0249,75.73222797791065
CEC2_E008_S09248_L0249,67.71805012125614
CEC2_E008_S09720_L0249,11.759686812165908
CEC2_E008_S09449_L0249,75.83150141666701
CEC2_E008_S09205_L0249,44.97206405355613
CEC2_E008_S09933_L0249,63.43163709610374
CEC2_E008_S09877_L0249,13.468760499954266
CEC2_E008_S08567_L0249,12.238132096416713
CEC2_E008_S09361_L0249,16.896714456924087
CEC2_E008_S09836_L0249,33.24371763245888
CEC2_E008_S09650_L0249,77.13272662996629
CEC2_E008_S09856_L0249,65.8975085296116
CEC2_E008_S09501_L0249,15.243337255537575
CEC2_E008_S09041_L0249,51.6647595592682
CEC2_E008_S08785_L0249,87.80976161341538
CEC2_E008_S08923_L0249,12.094558718320343
CEC2_E008_S09567_L0249,41.32700078202171
CEC2_E008_S08730_L0249,67.7076926227427
CEC2_E008_S09557_L0249,55.38744332237336
CEC2_E008_S08731_L0249,80.88348731679815
CEC2_E008_S09275_L0249,63.862820621281806
CEC2_E008_S09352_L0249,61.31632999641329
CEC2_E008_S08726_L0249,44.1480493105345
CEC2_E008_S08835_L0249,63.828698315318086
CEC2_E008_S08997_L0249,73.71645824877886
CEC2_E008_S08514_L0249,71.88119642098154
CEC2_E008_S09069_L0249,86.10152576302218
CEC2_E008_S08636_L0249,85.6390802538932
CEC2_E008_S08787_L0249,38.23314996769274
CEC2_E008_S09089_L0249,76.90773922737237
CEC2_E008_S08631_L0249,56.84453128564911
CEC2_E008_S09478_L0249,41.70341706424986
CEC2_E008_S09944_L0249,14.326843945973502
CEC2_E009_S09134_L0249,88.68837767469988
CEC2_E009_S08846_L0249,88.94424697447829
CEC2_E009_S09167_L0249,88.8127738458066
CEC2_E009_S09553_L0249,88.9823330825609
CEC2_E009_S09917_L0249,88.83676452187599
CEC2_E009_S09459_L0249,85.28543109780482
CEC2_E009_S09079_L0249,88.88791955274877
CEC2_E009_S09780_L0249,88.86605631471606
CEC2_E009_S08662_L0249,72.80390657557645
CEC2_E009_S09800_L0249,88.98130049527452
CEC2_E009_S08807_L0249,88.9015485991892
CEC2_E009_S08590_L0249,88.94230389269525
CEC2_E009_S09596_L0249,88.94160698504018
CEC2_E009_S09675_L0249,89.00905337588338
CEC2_E009_S08927_L0249,88.91728744778308
CEC2_E009_S08513_L0249,88.74130529398958
CEC2_E009_S08908_L0249,88.95269265508863
CEC2_E009_S09481_L0249,88.9427251915939
CEC2_E009_S09624_L0249,85.8742990414009
CEC2_E009_S09003_L0249,88.85861080738717
CEC2_E009_S08650_L0249,88.88000893077572
CEC2_E009_S09764_L0249,88.81333276369607
CEC2_E009_S08668_L0249,88.52780820546916
CEC2_E009_S08623_L0249,88.33028792419091
CEC2_E009_S08862_L0249,88.51521557836142
CEC2_E009_S09593_L0249,87.42591877811336
CEC2_E009_S09457_L0249,88.94003614174825
CEC2_E009_S08606_L0249,88.94204694952016
CEC2_E009_S08994_L0249,88.97234065812124
CEC2_E009_S09151_L0249,88.98546714062361
CEC2_E009_S08917_L0249,89.0060210025309
CEC2_E009_S09652_L0249,89.00480071330065
CEC2_E009_S08893_L0249,89.00480262270791
CEC2_E009_S09322_L0249,88.99566828330381
CEC2_E009_S09204_L0249,89.00945629414868
CEC2_E009_S09599_L0249,89.01104719893264
CEC2_E009_S08809_L0249,89.01073836425664
CEC2_E009_S09058_L0249,89.00447221793966
CEC2_E009_S08810_L0249,88.96951945592244
CEC2_E009_S09150_L0249,89.00107450043251
CEC2_E009_S08750_L0249,89.0100951080036
CEC2_E009_S08572_L0249,88.99564208265627
CEC2_E009_S09363_L0249,89.01127861530234
CEC2_E009_S09985_L0249,88.87492726536887
CEC2_E009_S09844_L0249,88.89511084173114
CEC2_E009_S09158_L0249,89.0110025051744
CEC2_E009_S09488_L0249,89.00911539599706
CEC2_E009_S08745_L0249,89.01197546058285
CEC2_E009_S08845_L0249,89.01144010954117
CEC2_E009_S08701_L0249,89.00755455881034
CEC2_E009_S09270_L0249,87.09710969890239
CEC2_E009_S08956_L0249,89.0068301023618
CEC2_E009_S08958_L0249,89.00206927636164
CEC2_E009_S09606_L0249,89.00549108988125
CEC2_E009_S09982_L0249,88.77655639916567
CEC2_E009_S09760_L0249,88.99588293316485
CEC2_E009_S09460_L0249,88.72872634949756
CEC2_E009_S09677_L0249,88.84653985554336
CEC2_E009_S09811_L0249,88.98973139479499
CEC2_E009_S09726_L0249,89.0096562104846
CEC2_E022_S09504_L0249,13.326186831464828
CEC2_E022_S09193_L0249,68.13887662438421
CEC2_E022_S09443_L0249,17.964972190234246
CEC2_E022_S08577_L0249,78.88785763689921
CEC2_E022_S08768_L0249,79.55327594915015
CEC2_E022_S09832_L0249,72.42667509111524
CEC2_E022_S09469_L0249,57.616030539408364
CEC2_E022_S08735_L0249,53.43688598419469
CEC2_E022_S08663_L0249,63.10444801634603
CEC2_E022_S08847_L0249,88.43683667473191
CEC2_E022_S09984_L0249,49.80990726659815
CEC2_E022_S08542_L0249,87.594944523835
CEC2_E022_S09996_L0249,82.63251270054603
CEC2_E022_S08806_L0249,69.8424878272491
CEC2_E022_S09857_L0249,67.77872047405968
CEC2_E022_S09663_L0249,87.78196486236365
CEC2_E022_S08502_L0249,73.89866904819478
CEC2_E022_S09140_L0249,88.60723884610441
CEC2_E022_S09130_L0249,43.75033613117839
CEC2_E022_S09672_L0249,88.50278651741654
CEC2_E022_S09979_L0249,36.1033139487397
CEC2_E022_S09296_L0249,87.51605803890658
CEC2_E022_S09817_L0249,31.0393887134766
CEC2_E022_S09645_L0249,79.47927509066719
CEC2_E022_S09671_L0249,85.24884172139149
CEC2_E022_S09403_L0249,61.17789624167849
CEC2_E022_S08652_L0249,62.79657103516662
CEC2_E022_S09392_L0249,64.8382652412443
CEC2_E022_S09271_L0249,85.23503939642697
CEC2_E022_S09456_L0249,73.01710322032048
CEC2_E022_S08519_L0249,46.23724816711685
CEC2_E022_S09838_L0249,85.96487635444826
CEC2_E022_S09455_L0249,87.64957258182321
CEC2_E022_S09332_L0249,78.06682432563888
CEC2_E022_S09515_L0249,70.5076985867419
CEC2_E022_S09308_L0249,46.23715556466542
CEC2_E022_S09686_L0249,88.53430921723465
CEC2_E022_S08597_L0249,87.5758279742019
CEC2_E022_S08855_L0249,56.872070714232734
CEC2_E022_S09156_L0249,88.45090118460942
CEC2_E022_S09188_L0249,87.09454608818437
CEC2_E022_S09600_L0249,81.88104201006172
CEC2_E022_S08801_L0249,74.67424016815644
CEC2_E022_S09541_L0249,12.838258414657721
CEC2_E022_S09913_L0249,89.43234645160386
CEC2_E022_S09929_L0249,85.78726182024454
CEC2_E022_S09991_L0249,86.83365042376673
CEC2_E022_S08677_L0249,87.69679626800908
CEC2_E022_S09842_L0249,84.66039827398804
CEC2_E022_S09039_L0249,82.49974029777565
CEC2_E022_S08574_L0249,68.3211418680557
CEC2_E022_S08947_L0249,72.74289719070659
CEC2_E022_S09612_L0249,48.58269855729101
CEC2_E022_S09884_L0249,68.69639575390235
CEC2_E022_S09971_L0249,68.85337694319284
CEC2_E022_S09808_L0249,84.90700337733492
CEC2_E022_S09078_L0249,87.11945027999755
CEC2_E022_S08555_L0249,84.2596840240554
CEC2_E022_S09594_L0249,74.83977512698166
CEC2_E022_S09287_L0249,87.8825125168972
CEC2_E024_S09835_L0249,84.64818333215166
CEC2_E024_S09685_L0249,87.07748665643824
CEC2_E024_S08826_L0249,80.17255631957173
CEC2_E024_S09489_L0249,59.23141636042408
CEC2_E024_S09393_L0249,62.99452916290944
CEC2_E024_S09605_L0249,86.43162155295519
CEC2_E024_S08704_L0249,55.69460105508082
CEC2_E024_S09121_L0249,87.42627646767534
CEC2_E024_S09159_L0249,64.89760600180973
CEC2_E024_S09171_L0249,74.68812499144197
CEC2_E024_S09883_L0249,83.98478486438289
CEC2_E024_S09763_L0249,85.13568777256414
CEC2_E024_S09966_L0249,81.94991465824587
CEC2_E024_S09225_L0249,15.20486187166823
CEC2_E024_S08874_L0249,89.23447119911339
CEC2_E024_S09341_L0249,73.44842376293481
CEC2_E024_S08635_L0249,47.644042621653284
CEC2_E024_S09837_L0249,69.63507144539822
CEC2_E024_S09607_L0249,75.8593080096544
CEC2_E024_S08984_L0249,86.44618889962379
CEC2_E024_S09210_L0249,55.269929829603726
CEC2_E024_S09376_L0249,89.09832987954441
CEC2_E024_S08926_L0249,11.992660075585185
CEC2_E024_S09336_L0249,65.84354263713051
CEC2_E024_S09364_L0249,72.25934068303962
CEC2_E024_S08931_L0249,89.7740000917091
CEC2_E024_S09555_L0249,87.81115458517185
CEC2_E024_S09497_L0249,89.72636590538418
CEC2_E024_S08743_L0249,64.32407953554946
CEC2_E024_S09245_L0249,57.39630656269038
CEC2_E024_S09144_L0249,90.01983591772783
CEC2_E024_S09629_L0249,89.88675632741382
CEC2_E024_S09976_L0249,84.82732863184579
CEC2_E024_S09052_L0249,87.70843718014228
CEC2_E024_S09425_L0249,86.5741039594847
CEC2_E024_S09099_L0249,60.7383373730257
CEC2_E024_S08782_L0249,89.50397157840666
CEC2_E024_S09508_L0249,89.37494322202798
CEC2_E024_S08585_L0249,64.75333442387596
CEC2_E024_S09754_L0249,88.00648997251663
CEC2_E024_S09430_L0249,78.99193853319446
CEC2_E024_S08627_L0249,90.03149120226541
CEC2_E024_S08998_L0249,89.85672793073729
CEC2_E024_S09118_L0249,90.07961336779061
CEC2_E024_S09826_L0249,18.32471257943689
CEC2_E024_S09221_L0249,21.913769686711326
CEC2_E024_S09719_L0249,88.89458892332996
CEC2_E024_S09789_L0249,76.61055026967219
CEC2_E024_S09101_L0249,19.056656943508482
CEC2_E024_S08526_L0249,47.09953649346602
CEC2_E024_S09889_L0249,12.130579556520019
CEC2_E024_S09908_L0249,65.81568664288015
CEC2_E024_S09547_L0249,83.94644191045833
CEC2_E024_S09986_L0249,88.05733575252366
CEC2_E024_S09949_L0249,85.42137927965179
CEC2_E024_S08530_L0249,57.911747042842386
CEC2_E024_S09357_L0249,84.60733429042511
CEC2_E024_S08788_L0249,14.687983178524428
CEC2_E024_S09734_L0249,15.978659101171386
CEC2_E024_S08753_L0249,89.20381355934387
CEC2_E031_S09819_L0249,89.2576305404683
CEC2_E031_S08857_L0249,33.8003554046485
CEC2_E031_S08879_L0249,87.64400760883738
CEC2_E031_S09591_L0249,88.70053339245463
CEC2_E031_S09191_L0249,89.09645422675055
CEC2_E031_S09353_L0249,85.21687228633654
CEC2_E031_S09517_L0249,88.18256404486789
CEC2_E031_S09461_L0249,69.18734148048692
CEC2_E031_S08673_L0249,75.22087699023577
CEC2_E031_S09891_L0249,88.91523736066425
CEC2_E031_S09668_L0249,89.51711637717283
CEC2_E031_S09804_L0249,89.43277637187748
CEC2_E031_S09148_L0249,85.1861261430725
CEC2_E031_S08864_L0249,89.46438935019894
CEC2_E031_S09502_L0249,88.13300599388081
CEC2_E031_S09683_L0249,89.40310841806458
CEC2_E031_S08703_L0249,64.55537719207553
CEC2_E031_S08509_L0249,71.3827391575975
CEC2_E031_S08825_L0249,89.17838190171405
CEC2_E031_S08618_L0249,64.94503389466763
CEC2_E031_S08999_L0249,89.48549497061647
CEC2_E031_S09095_L0249,34.52032157724547
CEC2_E031_S08715_L0249,89.17809549592461
CEC2_E031_S09200_L0249,89.3861171246334
CEC2_E031_S09301_L0249,89.39678568804399
CEC2_E031_S09421_L0249,88.19938230001681
CEC2_E031_S08617_L0249,84.50860460428258
CEC2_E031_S09867_L0249,88.2170969187793
CEC2_E031_S09097_L0249,88.72315859155394
CEC2_E031_S08973_L0249,88.97341551959614
CEC2_E031_S08537_L0249,89.5165915443732
CEC2_E031_S09999_L0249,89.49986321639248
CEC2_E031_S09822_L0249,87.51920086487732
CEC2_E031_S09168_L0249,89.42017309091129
CEC2_E031_S09247_L0249,89.48649597478786
CEC2_E031_S09882_L0249,84.71177696669538
CEC2_E031_S09407_L0249,89.46722823270011
CEC2_E031_S09692_L0249,89.46064076127759
CEC2_E031_S08919_L0249,89.51379379021604
CEC2_E031_S09737_L0249,89.39882948183343
CEC2_E031_S09236_L0249,89.4889487632281
CEC2_E031_S09289_L0249,89.38207254601424
CEC2_E031_S09177_L0249,89.21558496746519
CEC2_E031_S09736_L0249,87.61494125662556
CEC2_E031_S09585_L0249,89.4803166928434
CEC2_E031_S09143_L0249,84.0220417917778
CEC2_E031_S09440_L0249,89.51667522435451
CEC2_E031_S08817_L0249,86.18699455270178
CEC2_E031_S08639_L0249,89.46973738626292
CEC2_E031_S08991_L0249,16.265309253279728
CEC2_E031_S09694_L0249,89.49944455162836
CEC2_E031_S09750_L0249,88.99723435729085
CEC2_E031_S08575_L0249,89.13733474632551
CEC2_E031_S08866_L0249,89.36427244885252
CEC2_E031_S09108_L0249,71.57222114460333
CEC2_E031_S08580_L0249,89.51722926572342
CEC2_E031_S09132_L0249,89.49239301445375
CEC2_E031_S09565_L0249,88.61960198523448
CEC2_E031_S08832_L0249,89.39396572830906
CEC2_E031_S09611_L0249,89.4218546440358
CEC2_E032_S09951_L0249,68.03225189241375
CEC2_E032_S08570_L0249,60.14127004258844
CEC2_E032_S09354_L0249,51.47320982892953
CEC2_E032_S09705_L0249,62.882580178309
CEC2_E032_S09866_L0249,14.83297977701504
CEC2_E032_S09432_L0249,48.93125110617167
CEC2_E032_S09377_L0249,32.290936188093944
CEC2_E032_S08792_L0249,73.68863322903405
CEC2_E032_S08892_L0249,64.86094559598484
CEC2_E032_S09161_L0249,74.90856674631786
CEC2_E032_S08793_L0249,84.56949785620048
CEC2_E032_S08528_L0249,87.18142914049345
CEC2_E032_S09640_L0249,37.487083638409324
CEC2_E032_S09342_L0249,51.69040459396361
CEC2_E032_S09537_L0249,57.484859642469594
CEC2_E032_S09667_L0249,22.15816199961938
CEC2_E032_S08727_L0249,63.08745832189187
CEC2_E032_S09707_L0249,60.7366735623221
CEC2_E032_S09834_L0249,21.996514059003236
CEC2_E032_S09981_L0249,61.69861281614382
CEC2_E032_S09477_L0249,12.002691008907515
CEC2_E032_S09523_L0249,35.63977153878097
CEC2_E032_S08887_L0249,34.04441643300451
CEC2_E032_S09519_L0249,78.28912881798996
CEC2_E032_S09644_L0249,87.75329492445888
CEC2_E032_S09587_L0249,65.50467792916561
CEC2_E032_S09043_L0249,78.87536025897191
CEC2_E032_S09510_L0249,72.79057527904043
CEC2_E032_S09603_L0249,80.5585551398103
CEC2_E032_S08854_L0249,67.55012885584857
CEC2_E032_S09065_L0249,33.664259059534764
CEC2_E032_S08763_L0249,38.17804806818407
CEC2_E032_S08707_L0249,88.64918481389135
CEC2_E032_S09896_L0249,66.09401319056327
CEC2_E032_S09689_L0249,22.016112809545486
CEC2_E032_S09865_L0249,65.97629146078208
CEC2_E032_S08812_L0249,12.262351883132864
CEC2_E032_S09024_L0249,77.72320166661079
CEC2_E032_S08643_L0249,86.82367857992061
CEC2_E032_S09081_L0249,24.136556563493468
CEC2_E032_S08770_L0249,85.55996004306569
CEC2_E032_S08775_L0249,87.78605804514224
CEC2_E032_S08989_L0249,87.68341040810517
CEC2_E032_S09438_L0249,71.75133235273262
CEC2_E032_S09125_L0249,68.72373033564097
CEC2_E032_S08553_L0249,71.02178527458874
CEC2_E032_S09722_L0249,12.039615151060746
CEC2_E032_S09076_L0249,16.71105880711798
CEC2_E032_S09258_L0249,88.91056747844081
CEC2_E032_S09370_L0249,71.56862606373365
CEC2_E032_S09321_L0249,12.279696976361986
CEC2_E032_S08966_L0249,12.064027345268258
CEC2_E032_S08890_L0249,88.39653129729062
CEC2_E032_S09903_L0249,79.31035548154118
CEC2_E032_S08940_L0249,46.20220488713828
CEC2_E032_S09821_L0249,75.74329980404097
CEC2_E032_S09768_L0249,27.710907732064587
CEC2_E032_S09273_L0249,75.9544503911918
CEC2_E032_S09110_L0249,21.372047384522467
CEC2_E032_S09001_L0249,34.58868058082219
CEC2_E036_S09398_L0249,65.1651246131771
CEC2_E036_S09584_L0249,45.66183567920717
CEC2_E036_S09082_L0249,54.71389841945718
CEC2_E036_S08841_L0249,54.18301701316905
CEC2_E036_S09157_L0249,48.321326799296486
CEC2_E036_S08688_L0249,32.845518948406635
CEC2_E036_S09272_L0249,64.88190769173622
CEC2_E036_S09174_L0249,47.69337869825925
CEC2_E036_S09526_L0249,58.028704649856195
CEC2_E036_S09153_L0249,63.514734967313686
CEC2_E036_S09244_L0249,36.424811334652595
CEC2_E036_S09785_L0249,76.27267740927022
CEC2_E036_S09470_L0249,62.394789137762125
CEC2_E036_S09900_L0249,16.61707238221038
CEC2_E036_S08624_L0249,49.010418446128654
CEC2_E036_S08569_L0249,48.555128765931514
CEC2_E036_S09067_L0249,31.881685917308705
CEC2_E036_S09920_L0249,75.96727739112386
CEC2_E036_S09912_L0249,85.34466836501038
CEC2_E036_S09237_L0249,63.34583573411623
CEC2_E036_S09552_L0249,73.14412127039492
CEC2_E036_S08979_L0249,40.625663503637924
CEC2_E036_S09512_L0249,45.03960962748781
CEC2_E036_S09402_L0249,72.60403411671618
CEC2_E036_S08882_L0249,54.78370895646214
CEC2_E036_S08944_L0249,75.8073405667731
CEC2_E036_S09073_L0249,54.956251618072535
CEC2_E036_S08612_L0249,68.5771309482531
CEC2_E036_S09346_L0249,73.22102527207177
CEC2_E036_S09861_L0249,47.540493480745766
CEC2_E036_S08622_L0249,81.86202584830467
CEC2_E036_S09009_L0249,53.554820411925604
CEC2_E036_S08626_L0249,13.40958728336623
CEC2_E036_S09025_L0249,85.79694692111434
CEC2_E036_S08676_L0249,41.66382827906036
CEC2_E036_S08625_L0249,77.75625499787348
CEC2_E036_S08714_L0249,28.26056992626026
CEC2_E036_S08996_L0249,62.5945241818023
CEC2_E036_S09090_L0249,87.90585363030957
CEC2_E036_S09907_L0249,89.10388776201947
CEC2_E036_S09235_L0249,87.66023700816959
CEC2_E036_S09608_L0249,70.36634544999932
CEC2_E036_S08945_L0249,37.49048886493518
CEC2_E036_S09586_L0249,89.16786097598946
CEC2_E036_S08803_L0249,88.40039067801985
CEC2_E036_S08653_L0249,88.60317884237227
CEC2_E036_S08875_L0249,82.40826806831616
CEC2_E036_S08860_L0249,89.39617683706761
CEC2_E036_S09881_L0249,29.312601200690803
CEC2_E036_S09824_L0249,12.01393549427045
CEC2_E036_S09098_L0249,88.89807874255901
CEC2_E036_S09536_L0249,23.15249582515997
CEC2_E036_S09846_L0249,64.22700321745268
CEC2_E036_S09109_L0249,41.05576574232699
CEC2_E036_S08598_L0249,44.12663972739539
CEC2_E036_S09413_L0249,65.67339442689796
CEC2_E036_S08836_L0249,81.18431561886302
CEC2_E036_S09371_L0249,63.39832326223796
CEC2_E036_S09434_L0249,63.10166655795367
CEC2_E036_S09893_L0249,87.82846218855092
CEC2_E037_S09194_L0249,87.7716425271103
CEC2_E037_S09725_L0249,64.86842119617135
CEC2_E037_S08637_L0249,70.29944415947612
CEC2_E037_S09112_L0249,36.99253055802994
CEC2_E037_S08607_L0249,70.16191436341249
CEC2_E037_S08505_L0249,15.375326975750447
CEC2_E037_S09314_L0249,17.888069328439176
CEC2_E037_S09096_L0249,61.88658643511022
CEC2_E037_S09997_L0249,64.28849729000157
CEC2_E037_S09709_L0249,65.60292912739833
CEC2_E037_S09897_L0249,81.35454930992812
CEC2_E037_S08721_L0249,37.43092530622156
CEC2_E037_S09841_L0249,75.47957762957478
CEC2_E037_S09213_L0249,60.67527551831774
CEC2_E037_S09777_L0249,61.005901786398965
CEC2_E037_S09928_L0249,85.00991033403126
CEC2_E037_S09373_L0249,82.20894854153535
CEC2_E037_S08556_L0249,79.43990632191452
CEC2_E037_S08736_L0249,85.35695779595648
CEC2_E037_S09730_L0249,85.50657156753554
CEC2_E037_S09850_L0249,87.61490277600501
CEC2_E037_S08651_L0249,71.61842291989298
CEC2_E037_S09898_L0249,78.72973012428909
CEC2_E037_S09280_L0249,61.03580960062333
CEC2_E037_S09057_L0249,78.01861615849381
CEC2_E037_S08671_L0249,73.69392931410972
CEC2_E037_S08804_L0249,76.10344777121928
CEC2_E037_S08844_L0249,83.1595316470244
CEC2_E037_S08503_L0249,85.88956213828556
CEC2_E037_S09638_L0249,57.45143579771217
CEC2_E037_S09106_L0249,85.84332735335862
CEC2_E037_S09762_L0249,35.21051895678341
CEC2_E037_S08702_L0249,88.46359939920538
CEC2_E037_S09955_L0249,75.41708973231479
CEC2_E037_S08920_L0249,32.80117864933787
CEC2_E037_S09534_L0249,83.94222158817536
CEC2_E037_S08959_L0249,61.613050280606885
CEC2_E037_S09637_L0249,75.97463452009252
CEC2_E037_S08840_L0249,17.528038309830915
CEC2_E037_S09930_L0249,70.38743302421786
CEC2_E037_S08759_L0249,88.78983999710172
CEC2_E037_S08501_L0249,86.3833681673537
CEC2_E037_S09653_L0249,81.63349546621706
CEC2_E037_S09880_L0249,89.21226356546994
CEC2_E037_S08776_L0249,68.75119474843335
CEC2_E037_S09048_L0249,85.49843540306875
CEC2_E037_S08910_L0249,77.11062335797234
CEC2_E037_S09813_L0249,81.59019201673414
CEC2_E037_S09782_L0249,81.53556707069197
CEC2_E037_S09016_L0249,56.56544604531738
CEC2_E037_S09006_L0249,79.9382291781871
CEC2_E037_S09697_L0249,84.7848363462555
CEC2_E037_S08535_L0249,85.01134560436645
CEC2_E037_S08690_L0249,86.8227206934668
CEC2_E037_S09338_L0249,86.89527458621046
CEC2_E037_S09660_L0249,55.16753496017981
CEC2_E037_S08576_L0249,87.75313396265192
CEC2_E037_S09582_L0249,88.33175117285562
CEC2_E037_S09080_L0249,88.86160918814673
CEC2_E037_S09284_L0249,55.96762519599215
CEC2_E038_S08628_L0249,39.35735705756717
CEC2_E038_S08853_L0249,46.504055000716036
CEC2_E038_S08969_L0249,27.877248667730758
CEC2_E038_S08546_L0249,58.138567666205766
CEC2_E038_S09294_L0249,67.72390807613799
CEC2_E038_S09230_L0249,14.695465139428778
CEC2_E038_S09748_L0249,12.783402620036629
CEC2_E038_S09256_L0249,56.33957587903283
CEC2_E038_S09786_L0249,19.039107606023272
CEC2_E038_S09441_L0249,67.7751055291895
CEC2_E038_S08837_L0249,87.1202956226572
CEC2_E038_S09987_L0249,49.31206009606444
CEC2_E038_S08525_L0249,20.726184254122256
CEC2_E038_S09661_L0249,83.65280752724196
CEC2_E038_S08970_L0249,27.555481992398448
CEC2_E038_S09656_L0249,47.872889070893734
CEC2_E038_S08902_L0249,88.08278961744395
CEC2_E038_S09473_L0249,65.36102391717684
CEC2_E038_S09307_L0249,86.67825554933867
CEC2_E038_S08583_L0249,82.17908796401488
CEC2_E038_S09799_L0249,46.75907879784933
CEC2_E038_S08710_L0249,87.64909764346687
CEC2_E038_S09390_L0249,83.48572764817696
CEC2_E038_S09514_L0249,21.69972970185864
CEC2_E038_S08849_L0249,56.41909696952957
CEC2_E038_S09511_L0249,77.5489183255705
CEC2_E038_S09442_L0249,66.27856806347779
CEC2_E038_S09401_L0249,67.12443429721208
CEC2_E038_S09875_L0249,24.048642006053075
CEC2_E038_S09335_L0249,50.296949691115856
CEC2_E038_S09325_L0249,27.103938580083362
CEC2_E038_S08647_L0249,74.13548384243347
CEC2_E038_S09093_L0249,87.85256213470157
CEC2_E038_S09598_L0249,78.46494905500437
CEC2_E038_S09564_L0249,63.6247093870945
CEC2_E038_S09815_L0249,18.33161918710139
CEC2_E038_S09427_L0249,14.46735800392978
CEC2_E038_S09365_L0249,27.235718566666975
CEC2_E038_S09465_L0249,83.82359606613056
CEC2_E038_S09957_L0249,12.958435212930103
CEC2_E038_S09532_L0249,83.72875111532768
CEC2_E038_S09027_L0249,17.04146778445787
CEC2_E038_S08921_L0249,31.32153769166027
CEC2_E038_S09641_L0249,85.87505441489719
CEC2_E038_S09032_L0249,11.856213173764447
CEC2_E038_S08778_L0249,58.847582479768086
CEC2_E038_S09310_L0249,88.86941651457133
CEC2_E038_S09662_L0249,89.4913551285443
CEC2_E038_S09676_L0249,13.82425001361839
CEC2_E038_S09905_L0249,82.11662639700828
CEC2_E038_S09863_L0249,12.276443053530395
CEC2_E038_S08695_L0249,18.71083579341295
CEC2_E038_S09004_L0249,84.47952760354497
CEC2_E038_S09872_L0249,40.10547605872142
CEC2_E038_S08615_L0249,49.909341576790894
CEC2_E038_S08614_L0249,77.26500490976414
CEC2_E038_S08789_L0249,73.5544708192651
CEC2_E038_S09418_L0249,84.31034254745795
CEC2_E038_S09298_L0249,49.68880199092502
CEC2_E038_S09852_L0249,88.5922270580817
CEC2_E001_S09778_L0250,10.977994725791648
CEC2_E001_S09620_L0250,14.590814889245568
CEC2_E001_S08744_L0250,40.52020385114931
CEC2_E001_S09326_L0250,25.193965263304644
CEC2_E001_S09932_L0250,22.10162986297849
CEC2_E001_S09648_L0250,11.049776026680197
CEC2_E001_S08561_L0250,13.387243126631942
CEC2_E001_S09327_L0250,16.87245219282502
CEC2_E001_S08764_L0250,10.748265920812573
CEC2_E001_S08584_L0250,49.81406215703204
CEC2_E001_S08850_L0250,62.11949446016096
CEC2_E001_S09743_L0250,11.153316448080334
CEC2_E001_S09535_L0250,10.378806209079102
CEC2_E001_S09989_L0250,30.803940920594215
CEC2_E001_S09712_L0250,24.912370851838062
CEC2_E001_S09678_L0250,60.4448592489617
CEC2_E001_S09646_L0250,57.696994953109346
CEC2_E001_S09285_L0250,48.21306428200731
CEC2_E001_S09853_L0250,28.683627011228282
CEC2_E001_S09816_L0250,10.455196789933558
CEC2_E001_S09759_L0250,11.517187926078845
CEC2_E001_S08746_L0250,18.00991090402
CEC2_E001_S09091_L0250,27.312794310095263
CEC2_E001_S09570_L0250,11.864562693270575
CEC2_E001_S09870_L0250,12.738419430065855
CEC2_E001_S08610_L0250,34.84186777301678
CEC2_E001_S09248_L0250,24.861458342940647
CEC2_E001_S09720_L0250,11.285276492521788
CEC2_E001_S09761_L0250,32.98861821566512
CEC2_E001_S09339_L0250,14.294432747629646
CEC2_E001_S09361_L0250,11.094249537287501
CEC2_E001_S09449_L0250,10.76131391014318
CEC2_E001_S09933_L0250,11.007844868297248
CEC2_E001_S09836_L0250,16.91527431272698
CEC2_E001_S08567_L0250,10.322472402440797
CEC2_E001_S09877_L0250,11.018508308991454
CEC2_E001_S09856_L0250,41.387806954910026
CEC2_E001_S09501_L0250,11.383611321358005
CEC2_E001_S09650_L0250,47.822057835802774
CEC2_E001_S09205_L0250,21.675011080160484
CEC2_E001_S09557_L0250,36.0960418954917
CEC2_E001_S09352_L0250,11.311525380002259
CEC2_E001_S09275_L0250,29.68029369447225
CEC2_E001_S09567_L0250,13.57115384232136
CEC2_E001_S08731_L0250,75.24667045801563
CEC2_E001_S08726_L0250,10.932481672828045
CEC2_E001_S08923_L0250,10.59325484873117
CEC2_E001_S09041_L0250,15.377899812054572
CEC2_E001_S08785_L0250,49.14078415613262
CEC2_E001_S08730_L0250,21.108406924592686
CEC2_E001_S09944_L0250,11.512249118304231
CEC2_E001_S08835_L0250,11.980048455831652
CEC2_E001_S09089_L0250,46.86336271785054
CEC2_E001_S08787_L0250,11.85722491495712
CEC2_E001_S08636_L0250,24.905329287986557
CEC2_E001_S09069_L0250,28.75971278675352
CEC2_E001_S08514_L0250,14.241947780712453
CEC2_E001_S09478_L0250,11.92790227963529
CEC2_E001_S08631_L0250,11.388672967879865
CEC2_E001_S08997_L0250,19.251085975234147
CEC2_E008_S08662_L0250,17.385932009642204
CEC2_E008_S09459_L0250,75.57119054110944
CEC2_E008_S09167_L0250,74.41247124776766
CEC2_E008_S09134_L0250,36.2544989064365
CEC2_E008_S09079_L0250,62.65459001829076
CEC2_E008_S09917_L0250,31.26632372709123
CEC2_E008_S08846_L0250,83.71699698287235
CEC2_E008_S09800_L0250,87.96497538906812
CEC2_E008_S09780_L0250,70.4160629268814
CEC2_E008_S09553_L0250,84.74373817458819
CEC2_E008_S08590_L0250,67.505339875373
CEC2_E008_S08513_L0250,18.867339639758416
CEC2_E008_S09596_L0250,43.0655417557667
CEC2_E008_S09675_L0250,88.85734515291338
CEC2_E008_S09003_L0250,67.82003693519829
CEC2_E008_S08807_L0250,49.207126387035046
CEC2_E008_S08908_L0250,35.76569862149494
CEC2_E008_S08927_L0250,65.95835910940117
CEC2_E008_S09481_L0250,54.35704409276772
CEC2_E008_S09624_L0250,28.12125547869256
CEC2_E008_S08994_L0250,62.959358011042085
CEC2_E008_S09593_L0250,59.808625945253695
CEC2_E008_S08650_L0250,81.13561009009972
CEC2_E008_S08623_L0250,69.61114648409465
CEC2_E008_S09151_L0250,77.56092240437452
CEC2_E008_S09457_L0250,86.21351072045096
CEC2_E008_S08668_L0250,13.246253013945912
CEC2_E008_S08862_L0250,64.04796983316153
CEC2_E008_S09764_L0250,81.49924732971388
CEC2_E008_S08606_L0250,82.80695424853899
CEC2_E008_S09150_L0250,70.83335652412775
CEC2_E008_S08893_L0250,77.96652121807016
CEC2_E008_S09322_L0250,24.15383565686407
CEC2_E008_S09058_L0250,54.836379064046184
CEC2_E008_S09599_L0250,87.32495490963748
CEC2_E008_S08809_L0250,12.395857143381866
CEC2_E008_S09204_L0250,19.48248213482161
CEC2_E008_S09652_L0250,87.00050981881891
CEC2_E008_S08810_L0250,75.3084266739084
CEC2_E008_S08917_L0250,71.46862006747561
CEC2_E008_S08745_L0250,75.58635827924073
CEC2_E008_S08845_L0250,32.7237150484125
CEC2_E008_S09985_L0250,51.069125122924824
CEC2_E008_S08572_L0250,10.715606732467482
CEC2_E008_S08750_L0250,81.95901569148258
CEC2_E008_S09844_L0250,12.33179662412447
CEC2_E008_S09158_L0250,31.779393826390372
CEC2_E008_S09488_L0250,84.39098000078245
CEC2_E008_S08701_L0250,14.784031085636908
CEC2_E008_S09363_L0250,34.6732577506666
CEC2_E008_S09460_L0250,12.766344059544739
CEC2_E008_S09811_L0250,67.29927653595519
CEC2_E008_S09606_L0250,71.60909801823674
CEC2_E008_S08958_L0250,75.15936919520651
CEC2_E008_S09270_L0250,42.441178401642006
CEC2_E008_S09726_L0250,87.82670610853748
CEC2_E008_S08956_L0250,88.11670307605964
CEC2_E008_S09677_L0250,69.03605415212382
CEC2_E008_S09760_L0250,32.39460150138902
CEC2_E008_S09982_L0250,75.06459886513828
CEC2_E009_S08663_L0250,88.85491757087216
CEC2_E009_S09193_L0250,86.65527295976416
CEC2_E009_S08847_L0250,88.87045806445744
CEC2_E009_S09504_L0250,86.5543652299869
CEC2_E009_S08577_L0250,88.85876131579604
CEC2_E009_S09832_L0250,88.84949794049939
CEC2_E009_S09443_L0250,88.16931762825934
CEC2_E009_S09469_L0250,88.71529568380609
CEC2_E009_S08735_L0250,82.37335365099251
CEC2_E009_S08768_L0250,88.85217830145277
CEC2_E009_S09996_L0250,88.37339312578465
CEC2_E009_S09857_L0250,88.8514449572159
CEC2_E009_S08502_L0250,84.91624534807738
CEC2_E009_S09140_L0250,88.84686437525815
CEC2_E009_S09663_L0250,88.81163747638224
CEC2_E009_S09130_L0250,88.65037026911145
CEC2_E009_S09672_L0250,88.77936667194635
CEC2_E009_S09984_L0250,80.71720380985877
CEC2_E009_S08542_L0250,88.84767546856386
CEC2_E009_S08806_L0250,88.76119797266574
CEC2_E009_S09456_L0250,88.59886716942765
CEC2_E009_S09979_L0250,85.83839494821399
CEC2_E009_S09817_L0250,84.81724615389108
CEC2_E009_S09271_L0250,88.71726508010994
CEC2_E009_S09403_L0250,88.31838214102905
CEC2_E009_S09645_L0250,88.81277414719735
CEC2_E009_S09296_L0250,88.73338826543475
CEC2_E009_S09392_L0250,88.82448814781682
CEC2_E009_S08652_L0250,88.6283508130877
CEC2_E009_S09671_L0250,88.79313287220278
CEC2_E009_S09308_L0250,88.84871590514838
CEC2_E009_S08597_L0250,88.86687269108654
CEC2_E009_S09515_L0250,88.86328659560235
CEC2_E009_S09156_L0250,88.86652976783824
CEC2_E009_S08855_L0250,88.86414838910935
CEC2_E009_S09455_L0250,88.85639407751657
CEC2_E009_S09332_L0250,88.86030237592554
CEC2_E009_S08519_L0250,88.81892815234397
CEC2_E009_S09686_L0250,88.86833730604849
CEC2_E009_S09838_L0250,88.8660884801476
CEC2_E009_S09842_L0250,88.87131189993167
CEC2_E009_S09039_L0250,88.87286075527733
CEC2_E009_S09541_L0250,88.84847544932907
CEC2_E009_S09188_L0250,88.87379159270805
CEC2_E009_S08801_L0250,88.75297054016
CEC2_E009_S09913_L0250,88.85394478716898
CEC2_E009_S09991_L0250,88.87262382670923
CEC2_E009_S08677_L0250,88.87480650334957
CEC2_E009_S09600_L0250,88.87308680765751
CEC2_E009_S09929_L0250,88.87201065143205
CEC2_E009_S09594_L0250,88.70927332911593
CEC2_E009_S09808_L0250,88.86671003218021
CEC2_E009_S09078_L0250,88.84959389567562
CEC2_E009_S09884_L0250,88.87023782813368
CEC2_E009_S09612_L0250,88.8498118086097
CEC2_E009_S08947_L0250,88.77596759019634
CEC2_E009_S08555_L0250,88.86801254086832
CEC2_E009_S08574_L0250,88.85376433757672
CEC2_E009_S09971_L0250,88.82402723759851
CEC2_E009_S09287_L0250,88.833471865094
CEC2_E022_S09725_L0250,64.12841460100984
CEC2_E022_S09709_L0250,63.180478772952426
CEC2_E022_S09112_L0250,42.58673778379838
CEC2_E022_S09997_L0250,52.562495410268966
CEC2_E022_S08637_L0250,58.47398166602757
CEC2_E022_S08505_L0250,13.775331159229657
CEC2_E022_S09096_L0250,68.919802640997
CEC2_E022_S08607_L0250,67.1726617597939
CEC2_E022_S09194_L0250,87.13398461710503
CEC2_E022_S09314_L0250,21.486924630568986
CEC2_E022_S09213_L0250,56.429443338612856
CEC2_E022_S09928_L0250,82.18597180302977
CEC2_E022_S09730_L0250,86.9248288226938
CEC2_E022_S08736_L0250,85.82032291544427
CEC2_E022_S09841_L0250,72.93886147712253
CEC2_E022_S09777_L0250,60.64169690032473
CEC2_E022_S08721_L0250,52.24645520378776
CEC2_E022_S09897_L0250,71.13637770029968
CEC2_E022_S09373_L0250,80.6972913816473
CEC2_E022_S08556_L0250,77.75159277233148
CEC2_E022_S09057_L0250,74.74217459416562
CEC2_E022_S08804_L0250,64.50509258290192
CEC2_E022_S09898_L0250,78.53787695993198
CEC2_E022_S09638_L0250,60.55060538276102
CEC2_E022_S08671_L0250,70.17619815036743
CEC2_E022_S08503_L0250,82.54189256156249
CEC2_E022_S08844_L0250,69.05183875418983
CEC2_E022_S09850_L0250,82.52193774631374
CEC2_E022_S09280_L0250,65.19563514309839
CEC2_E022_S08651_L0250,61.67026413315856
CEC2_E022_S08840_L0250,17.860671602172243
CEC2_E022_S09106_L0250,80.2897760728938
CEC2_E022_S08702_L0250,85.71698327845023
CEC2_E022_S08920_L0250,21.040486327150614
CEC2_E022_S09930_L0250,74.6344909700851
CEC2_E022_S09534_L0250,86.44189686305077
CEC2_E022_S08959_L0250,73.87071386203017
CEC2_E022_S09637_L0250,66.98058029247639
CEC2_E022_S09955_L0250,68.56595968203452
CEC2_E022_S09762_L0250,50.568182053536965
CEC2_E022_S08910_L0250,74.71053969585327
CEC2_E022_S08759_L0250,88.99918631948566
CEC2_E022_S09016_L0250,65.23298415806264
CEC2_E022_S08776_L0250,57.093965099308356
CEC2_E022_S08501_L0250,86.96691111211904
CEC2_E022_S09048_L0250,82.97889026871978
CEC2_E022_S09782_L0250,74.09100046858022
CEC2_E022_S09653_L0250,87.62107041867657
CEC2_E022_S09880_L0250,89.38181788741859
CEC2_E022_S09813_L0250,82.16412830094018
CEC2_E022_S08576_L0250,87.80534325150197
CEC2_E022_S09338_L0250,87.90447280712668
CEC2_E022_S09006_L0250,64.73569669505132
CEC2_E022_S09697_L0250,85.99893826134831
CEC2_E022_S09582_L0250,88.67748076057063
CEC2_E022_S08690_L0250,87.79049444380868
CEC2_E022_S09284_L0250,54.36681409108039
CEC2_E022_S08535_L0250,86.28869859610039
CEC2_E022_S09080_L0250,89.03636102375005
CEC2_E022_S09660_L0250,55.94145962882398
CEC2_E024_S08857_L0250,11.654729183253398
CEC2_E024_S09517_L0250,65.56835409599367
CEC2_E024_S09819_L0250,78.38797822205936
CEC2_E024_S09353_L0250,68.509820451097
CEC2_E024_S09461_L0250,54.50147155336114
CEC2_E024_S08673_L0250,33.00959528642089
CEC2_E024_S09591_L0250,69.23786342716636
CEC2_E024_S09191_L0250,81.78827253159844
CEC2_E024_S09891_L0250,78.4532477539342
CEC2_E024_S08879_L0250,60.93949085333923
CEC2_E024_S08864_L0250,83.77000414655063
CEC2_E024_S08618_L0250,61.015586884547794
CEC2_E024_S08825_L0250,74.18205727744939
CEC2_E024_S09502_L0250,62.830848027287644
CEC2_E024_S08703_L0250,14.710421287865005
CEC2_E024_S09804_L0250,88.71192747776497
CEC2_E024_S09668_L0250,89.35486048806511
CEC2_E024_S09148_L0250,39.46590149997018
CEC2_E024_S09683_L0250,82.20648943305179
CEC2_E024_S08509_L0250,64.13812071126344
CEC2_E024_S09867_L0250,33.91250678823112
CEC2_E024_S09301_L0250,86.32682160231501
CEC2_E024_S08617_L0250,60.53853184599388
CEC2_E024_S09095_L0250,11.594198843801095
CEC2_E024_S08973_L0250,86.93417768737739
CEC2_E024_S09097_L0250,69.11674382060872
CEC2_E024_S09200_L0250,84.94967968748527
CEC2_E024_S08999_L0250,82.2338388935244
CEC2_E024_S08715_L0250,77.6323091299712
CEC2_E024_S09421_L0250,59.43549117345003
CEC2_E024_S09407_L0250,88.34336697236756
CEC2_E024_S08919_L0250,89.87349946381767
CEC2_E024_S09737_L0250,56.74913600663432
CEC2_E024_S09168_L0250,86.98892931544366
CEC2_E024_S09882_L0250,22.28189770551977
CEC2_E024_S09692_L0250,77.39240845441888
CEC2_E024_S08537_L0250,88.97061302819905
CEC2_E024_S09822_L0250,47.997955658198414
CEC2_E024_S09247_L0250,89.5931251720257
CEC2_E024_S09999_L0250,89.6040051819983
CEC2_E024_S08991_L0250,11.751983121895037
CEC2_E024_S08817_L0250,18.169526838189114
CEC2_E024_S09177_L0250,71.70631983722063
CEC2_E024_S09236_L0250,89.50429548429335
CEC2_E024_S09440_L0250,89.65626062799058
CEC2_E024_S09143_L0250,51.336329714320094
CEC2_E024_S09585_L0250,60.15539528268474
CEC2_E024_S09736_L0250,33.82962870401892
CEC2_E024_S08639_L0250,34.80285058941287
CEC2_E024_S09289_L0250,87.77523571749266
CEC2_E024_S08580_L0250,88.42888557772636
CEC2_E024_S09750_L0250,85.51372609167153
CEC2_E024_S09694_L0250,89.99082136817815
CEC2_E024_S09565_L0250,88.66276681037732
CEC2_E024_S08866_L0250,88.85878907566747
CEC2_E024_S09132_L0250,34.6783672455167
CEC2_E024_S09108_L0250,12.691116412215706
CEC2_E024_S09611_L0250,85.24191419566772
CEC2_E024_S08832_L0250,88.89020191872959
CEC2_E024_S08575_L0250,87.02795724784399
CEC2_E031_S08792_L0250,86.63114701851372
CEC2_E031_S09377_L0250,85.05337270255437
CEC2_E031_S08570_L0250,88.4925614414889
CEC2_E031_S09705_L0250,89.29978875659843
CEC2_E031_S08892_L0250,88.91822219241499
CEC2_E031_S09432_L0250,77.03477998776332
CEC2_E031_S09951_L0250,87.72142626562652
CEC2_E031_S09866_L0250,85.9450085355069
CEC2_E031_S09354_L0250,80.33725652279935
CEC2_E031_S09161_L0250,88.77146602654672
CEC2_E031_S09834_L0250,88.75123892844564
CEC2_E031_S08528_L0250,89.3335990455996
CEC2_E031_S09667_L0250,60.73938760224092
CEC2_E031_S09981_L0250,88.93659298737336
CEC2_E031_S09640_L0250,86.66065383212654
CEC2_E031_S09537_L0250,76.73989348237316
CEC2_E031_S08727_L0250,87.96539437967249
CEC2_E031_S09707_L0250,88.93256800334919
CEC2_E031_S08793_L0250,88.89988658595577
CEC2_E031_S09342_L0250,74.53187170876468
CEC2_E031_S08887_L0250,80.50788438219897
CEC2_E031_S09477_L0250,66.93164700891657
CEC2_E031_S09043_L0250,85.47818474239314
CEC2_E031_S09510_L0250,87.6591702573864
CEC2_E031_S09519_L0250,89.21548593220436
CEC2_E031_S08854_L0250,89.08281408300958
CEC2_E031_S09523_L0250,83.70000484905312
CEC2_E031_S09587_L0250,88.72973484517179
CEC2_E031_S09603_L0250,88.8312661198634
CEC2_E031_S09644_L0250,89.31525514104781
CEC2_E031_S09081_L0250,88.51579953118055
CEC2_E031_S09065_L0250,88.2260660281524
CEC2_E031_S08643_L0250,89.34670000633868
CEC2_E031_S08763_L0250,89.37535882099687
CEC2_E031_S09024_L0250,89.3079209591776
CEC2_E031_S09689_L0250,81.20486337730866
CEC2_E031_S09865_L0250,89.31776790899958
CEC2_E031_S08812_L0250,89.02162830719136
CEC2_E031_S08707_L0250,89.37862156935424
CEC2_E031_S09896_L0250,89.2951539986336
CEC2_E031_S08553_L0250,89.31987424675756
CEC2_E031_S08989_L0250,89.08135888664661
CEC2_E031_S09438_L0250,89.08915446000381
CEC2_E031_S09125_L0250,88.82067000519466
CEC2_E031_S09258_L0250,89.37648410693912
CEC2_E031_S08770_L0250,89.35597790884971
CEC2_E031_S08775_L0250,89.37946213737685
CEC2_E031_S09722_L0250,51.139736700845695
CEC2_E031_S09370_L0250,88.38706988701256
CEC2_E031_S09076_L0250,65.75853858793117
CEC2_E031_S09821_L0250,88.99227772600806
CEC2_E031_S09273_L0250,89.31574432539448
CEC2_E031_S09768_L0250,65.95522269167851
CEC2_E031_S09321_L0250,68.10048373102714
CEC2_E031_S08966_L0250,83.90333856475307
CEC2_E031_S08940_L0250,89.34786626240502
CEC2_E031_S09110_L0250,89.3233780558615
CEC2_E031_S08890_L0250,89.38120063338684
CEC2_E031_S09903_L0250,89.3613424853107
CEC2_E031_S09001_L0250,88.7530875354621
CEC2_E032_S09526_L0250,73.19172757996311
CEC2_E032_S08688_L0250,36.25545093108221
CEC2_E032_S09082_L0250,45.43709930209582
CEC2_E032_S09272_L0250,75.54555501933608
CEC2_E032_S09153_L0250,69.17429998181532
CEC2_E032_S09157_L0250,33.140526228303735
CEC2_E032_S09584_L0250,43.52358588455535
CEC2_E032_S09174_L0250,62.6728282616231
CEC2_E032_S08841_L0250,66.73502328869664
CEC2_E032_S09398_L0250,71.13967453622531
CEC2_E032_S09912_L0250,83.8482707102386
CEC2_E032_S08569_L0250,50.93757505612683
CEC2_E032_S09067_L0250,25.44618895125164
CEC2_E032_S09900_L0250,11.784523760273105
CEC2_E032_S09785_L0250,55.227714663682576
CEC2_E032_S09920_L0250,79.64277682161443
CEC2_E032_S09470_L0250,67.50890849179763
CEC2_E032_S09244_L0250,16.827494883268216
CEC2_E032_S08624_L0250,55.38702426839195
CEC2_E032_S09237_L0250,76.18583566889323
CEC2_E032_S08944_L0250,59.578248927409945
CEC2_E032_S09402_L0250,22.894969971587955
CEC2_E032_S08979_L0250,11.924091250577366
CEC2_E032_S09512_L0250,14.258485258146107
CEC2_E032_S09346_L0250,88.45261698416178
CEC2_E032_S08882_L0250,45.60738539727636
CEC2_E032_S08612_L0250,66.90443802913002
CEC2_E032_S09552_L0250,78.10448170601518
CEC2_E032_S09861_L0250,24.964824133136503
CEC2_E032_S09073_L0250,30.581261579900882
CEC2_E032_S08714_L0250,11.797543487692108
CEC2_E032_S09907_L0250,89.09574861518719
CEC2_E032_S08625_L0250,13.155256383931858
CEC2_E032_S09090_L0250,88.65300322395427
CEC2_E032_S09009_L0250,48.96285148359403
CEC2_E032_S08622_L0250,51.20872814495807
CEC2_E032_S09025_L0250,45.863088496039865
CEC2_E032_S08996_L0250,37.36906277169176
CEC2_E032_S08676_L0250,17.717860119921845
CEC2_E032_S08626_L0250,11.859557239678052
CEC2_E032_S08860_L0250,82.3661788042616
CEC2_E032_S09235_L0250,83.37286784585366
CEC2_E032_S08875_L0250,80.97573731338365
CEC2_E032_S09586_L0250,88.91138371088971
CEC2_E032_S09608_L0250,12.991379824567213
CEC2_E032_S08945_L0250,57.61442052349567
CEC2_E032_S08803_L0250,87.76595275536461
CEC2_E032_S09824_L0250,12.608937485130609
CEC2_E032_S09881_L0250,36.086427822379186
CEC2_E032_S08653_L0250,80.04529498144107
CEC2_E032_S09098_L0250,87.86526348457397
CEC2_E032_S09371_L0250,28.715806389531252
CEC2_E032_S09846_L0250,42.63235968642333
CEC2_E032_S09413_L0250,54.06533321461158
CEC2_E032_S09434_L0250,41.40153439895895
CEC2_E032_S08836_L0250,85.68214583583146
CEC2_E032_S09893_L0250,86.62187300418316
CEC2_E032_S09536_L0250,73.97624054299351
CEC2_E032_S09109_L0250,22.499431775855943
CEC2_E032_S08598_L0250,21.048494646477366
CEC2_E036_S09256_L0250,54.07229198543582
CEC2_E036_S09294_L0250,64.00371332752653
CEC2_E036_S09786_L0250,42.348257452183205
CEC2_E036_S09441_L0250,66.29342501303768
CEC2_E036_S09230_L0250,42.27618856793384
CEC2_E036_S08853_L0250,76.37280475099702
CEC2_E036_S08969_L0250,48.0153618976843
CEC2_E036_S08628_L0250,56.565746341051245
CEC2_E036_S09748_L0250,18.60116739661828
CEC2_E036_S08546_L0250,61.53681117606713
CEC2_E036_S08525_L0250,39.26269965236801
CEC2_E036_S09661_L0250,66.36138653749767
CEC2_E036_S08583_L0250,78.64164241680454
CEC2_E036_S09307_L0250,85.36881205401164
CEC2_E036_S08902_L0250,84.35335052151551
CEC2_E036_S08837_L0250,60.766093026286285
CEC2_E036_S08970_L0250,59.17167629758216
CEC2_E036_S09656_L0250,40.15511645631481
CEC2_E036_S09987_L0250,56.82220548723979
CEC2_E036_S09473_L0250,38.35654565269064
CEC2_E036_S09390_L0250,85.0936592802123
CEC2_E036_S09799_L0250,61.38604788634694
CEC2_E036_S08849_L0250,32.38271399656809
CEC2_E036_S09511_L0250,73.78587125404145
CEC2_E036_S09335_L0250,60.2922768605369
CEC2_E036_S09514_L0250,12.13320207145857
CEC2_E036_S09875_L0250,54.48502002825051
CEC2_E036_S08710_L0250,84.9908624922892
CEC2_E036_S09401_L0250,69.60981366775502
CEC2_E036_S09442_L0250,53.77854800823532
CEC2_E036_S09365_L0250,40.86683305897114
CEC2_E036_S09564_L0250,57.14733675532427
CEC2_E036_S08647_L0250,80.26878103778952
CEC2_E036_S09093_L0250,88.60757256717714
CEC2_E036_S09427_L0250,31.78340369407201
CEC2_E036_S09325_L0250,37.785890297013076
CEC2_E036_S09465_L0250,87.3743906532073
CEC2_E036_S09815_L0250,68.46875464302242
CEC2_E036_S09598_L0250,80.94430199111461
CEC2_E036_S09957_L0250,57.15731363024892
CEC2_E036_S08778_L0250,60.530762919807
CEC2_E036_S09676_L0250,17.47792608201915
CEC2_E036_S09310_L0250,88.95250482938961
CEC2_E036_S09027_L0250,70.90226492368316
CEC2_E036_S09532_L0250,89.18382426896757
CEC2_E036_S09662_L0250,89.60837959757886
CEC2_E036_S09905_L0250,82.69116391991959
CEC2_E036_S08921_L0250,69.30374104240582
CEC2_E036_S09032_L0250,45.91903535353565
CEC2_E036_S09641_L0250,81.04724627470648
CEC2_E036_S09418_L0250,65.13230524464167
CEC2_E036_S09852_L0250,81.27588828708569
CEC2_E036_S09298_L0250,84.1238388311029
CEC2_E036_S08615_L0250,41.45284182561535
CEC2_E036_S09863_L0250,49.61846093519613
CEC2_E036_S08614_L0250,65.14427759420496
CEC2_E036_S08695_L0250,19.627376854056493
CEC2_E036_S08789_L0250,63.643285828098115
CEC2_E036_S09004_L0250,81.69452885922432
CEC2_E036_S09872_L0250,38.47633282164193
CEC2_E037_S09171_L0250,65.36634752885895
CEC2_E037_S08704_L0250,64.15564497473639
CEC2_E037_S09393_L0250,79.17626471336075
CEC2_E037_S09605_L0250,80.19299563315704
CEC2_E037_S09685_L0250,81.60668396288688
CEC2_E037_S09489_L0250,43.57787124211925
CEC2_E037_S09835_L0250,85.41813569056117
CEC2_E037_S09121_L0250,87.4063582598784
CEC2_E037_S08826_L0250,81.84387074811092
CEC2_E037_S09159_L0250,74.88990225860921
CEC2_E037_S09607_L0250,88.46019593604318
CEC2_E037_S08984_L0250,85.90385337230165
CEC2_E037_S09341_L0250,77.1865166491225
CEC2_E037_S09225_L0250,10.943934971916086
CEC2_E037_S09763_L0250,83.47307956803117
CEC2_E037_S08874_L0250,81.85021017799129
CEC2_E037_S09883_L0250,88.2581658640446
CEC2_E037_S09966_L0250,46.00218514190559
CEC2_E037_S09837_L0250,78.54581635097281
CEC2_E037_S08635_L0250,40.89479985742685
CEC2_E037_S09336_L0250,67.88151695578958
CEC2_E037_S09497_L0250,87.6178975039532
CEC2_E037_S09210_L0250,82.62758247207768
CEC2_E037_S09376_L0250,86.34332977957543
CEC2_E037_S09245_L0250,76.67035328879282
CEC2_E037_S09555_L0250,71.76208890111991
CEC2_E037_S08926_L0250,16.076957003917627
CEC2_E037_S08743_L0250,72.77925156491987
CEC2_E037_S08931_L0250,87.91350754262918
CEC2_E037_S09364_L0250,50.9277964630996
CEC2_E037_S09144_L0250,88.31480932138768
CEC2_E037_S09754_L0250,88.91798701722527
CEC2_E037_S09052_L0250,58.006233516593205
CEC2_E037_S09629_L0250,89.01554474452804
CEC2_E037_S09099_L0250,61.135695417907066
CEC2_E037_S08782_L0250,88.77607750302917
CEC2_E037_S09508_L0250,79.13480062780106
CEC2_E037_S08585_L0250,24.353443184961233
CEC2_E037_S09976_L0250,83.58614044089985
CEC2_E037_S09425_L0250,78.77556455808603
CEC2_E037_S09789_L0250,82.81252780302039
CEC2_E037_S09826_L0250,84.44226025993005
CEC2_E037_S09118_L0250,89.15572600163796
CEC2_E037_S08627_L0250,87.50802960466045
CEC2_E037_S09719_L0250,88.25090439684976
CEC2_E037_S09101_L0250,37.23549590643888
CEC2_E037_S08526_L0250,51.322142720285306
CEC2_E037_S09221_L0250,79.40225839867828
CEC2_E037_S09430_L0250,88.50098148453371
CEC2_E037_S08998_L0250,79.8896355288598
CEC2_E037_S09949_L0250,87.68060688966548
CEC2_E037_S09986_L0250,88.583764116656
CEC2_E037_S08788_L0250,29.165338899952562
CEC2_E037_S08753_L0250,87.24432045440793
CEC2_E037_S08530_L0250,60.71474919855054
CEC2_E037_S09889_L0250,19.637304975488007
CEC2_E037_S09547_L0250,87.77961311252258
CEC2_E037_S09734_L0250,83.52817857991332
CEC2_E037_S09357_L0250,82.61418646840578
CEC2_E037_S09908_L0250,82.41256583483346
CEC2_E038_S08696_L0250,64.26864881114602
CEC2_E038_S09749_L0250,43.09239690089052
CEC2_E038_S08784_L0250,11.736911020773926
CEC2_E038_S09601_L0250,36.35674483369888
CEC2_E038_S09033_L0250,22.272235235759783
CEC2_E038_S09233_L0250,41.61350359096653
CEC2_E038_S09632_L0250,88.18370935373545
CEC2_E038_S08829_L0250,61.43119490041396
CEC2_E038_S08649_L0250,89.04781497005801
CEC2_E038_S09636_L0250,68.16120399288906
CEC2_E038_S09657_L0250,73.8211636211218
CEC2_E038_S09128_L0250,18.896997271978943
CEC2_E038_S09114_L0250,53.00926432862316
CEC2_E038_S08725_L0250,77.9202088333274
CEC2_E038_S09088_L0250,31.7894243781321
CEC2_E038_S08544_L0250,52.36125381998435
CEC2_E038_S09053_L0250,86.85460455542774
CEC2_E038_S09277_L0250,55.354253992273826
CEC2_E038_S09576_L0250,44.97019330376996
CEC2_E038_S09445_L0250,48.042361703083444
CEC2_E038_S09102_L0250,38.76192363909712
CEC2_E038_S09945_L0250,12.343650166002261
CEC2_E038_S09220_L0250,67.01468565433171
CEC2_E038_S09226_L0250,85.80357822505417
CEC2_E038_S09435_L0250,11.951417394944587
CEC2_E038_S08851_L0250,89.53480379103846
CEC2_E038_S08565_L0250,51.30089522695095
CEC2_E038_S09309_L0250,88.82354697342141
CEC2_E038_S08914_L0250,78.75440351625498
CEC2_E038_S08842_L0250,87.58663040666896
CEC2_E038_S09318_L0250,12.452590096021758
CEC2_E038_S08551_L0250,23.119163773335718
CEC2_E038_S09163_L0250,39.71176892295096
CEC2_E038_S09610_L0250,14.49470936182521
CEC2_E038_S09117_L0250,12.1449543736053
CEC2_E038_S08838_L0250,12.222862620565389
CEC2_E038_S09972_L0250,85.36984648589716
CEC2_E038_S09630_L0250,87.95566031579551
CEC2_E038_S09513_L0250,82.5097173117735
CEC2_E038_S09029_L0250,12.821907098916078
CEC2_E038_S09967_L0250,12.691174156316483
CEC2_E038_S08964_L0250,32.53898437224292
CEC2_E038_S09885_L0250,88.47263610500447
CEC2_E038_S08978_L0250,73.21117732824531
CEC2_E038_S09268_L0250,12.07545296142013
CEC2_E038_S08533_L0250,87.9996137263091
CEC2_E038_S09820_L0250,21.838935811123825
CEC2_E038_S09422_L0250,12.388468183251387
CEC2_E038_S08581_L0250,87.99106908671799
CEC2_E038_S09458_L0250,88.85550774504422
CEC2_E038_S09592_L0250,18.32732944599974
CEC2_E038_S09439_L0250,88.3154723919904
CEC2_E038_S08897_L0250,71.57026716885426
CEC2_E038_S09046_L0250,13.174110489710882
CEC2_E038_S09388_L0250,88.67662435739862
CEC2_E038_S09172_L0250,89.56613738266873
CEC2_E038_S09160_L0250,82.08573184504772
CEC2_E038_S09774_L0250,46.6204256963056
CEC2_E038_S09758_L0250,85.39014416479348
CEC2_E038_S09795_L0250,12.831708044272922
CEC2_E001_S09134_L0252,10.618491305698118
CEC2_E001_S09553_L0252,18.914598152825853
CEC2_E001_S09167_L0252,46.96377773157144
CEC2_E001_S09459_L0252,28.477970534836984
CEC2_E001_S09800_L0252,71.56988745797585
CEC2_E001_S09079_L0252,20.99778369534976
CEC2_E001_S08662_L0252,12.161589788249994
CEC2_E001_S09917_L0252,10.402870134187008
CEC2_E001_S09780_L0252,21.02967917091444
CEC2_E001_S08846_L0252,17.231226411238403
CEC2_E001_S08807_L0252,10.676358729305312
CEC2_E001_S09624_L0252,10.408213597899106
CEC2_E001_S08513_L0252,11.780540398284856
CEC2_E001_S09675_L0252,83.3846771036724
CEC2_E001_S09596_L0252,12.542479576801535
CEC2_E001_S09481_L0252,32.30992577010575
CEC2_E001_S08590_L0252,11.08162902076346
CEC2_E001_S09003_L0252,33.655569961916996
CEC2_E001_S08927_L0252,16.68253232429771
CEC2_E001_S08908_L0252,23.078341153092857
CEC2_E001_S09151_L0252,12.710181651846469
CEC2_E001_S08862_L0252,10.562450399406295
CEC2_E001_S08668_L0252,11.218783523124232
CEC2_E001_S08623_L0252,47.753240369669
CEC2_E001_S08606_L0252,11.435636883601365
CEC2_E001_S09457_L0252,19.977195386054678
CEC2_E001_S09593_L0252,12.296767994033102
CEC2_E001_S08994_L0252,50.9320244243569
CEC2_E001_S09764_L0252,10.525802128457984
CEC2_E001_S08650_L0252,12.393137151640182
CEC2_E001_S08810_L0252,49.453806412019055
CEC2_E001_S09652_L0252,17.320820578086458
CEC2_E001_S09150_L0252,24.058043562035806
CEC2_E001_S08917_L0252,49.77094991258467
CEC2_E001_S08893_L0252,12.260376930706224
CEC2_E001_S08809_L0252,10.618718435485356
CEC2_E001_S09058_L0252,15.573782961883035
CEC2_E001_S09322_L0252,10.682048258825173
CEC2_E001_S09599_L0252,26.93486804853842
CEC2_E001_S09204_L0252,10.512582191574925
CEC2_E001_S08745_L0252,30.843773813111273
CEC2_E001_S09844_L0252,10.463137005169406
CEC2_E001_S09363_L0252,27.326944877752574
CEC2_E001_S08572_L0252,10.366968839660467
CEC2_E001_S09985_L0252,11.239983970011094
CEC2_E001_S09488_L0252,34.15086802158514
CEC2_E001_S09158_L0252,10.738564982701142
CEC2_E001_S08845_L0252,18.617461048324955
CEC2_E001_S08750_L0252,57.10887534740885
CEC2_E001_S08701_L0252,10.900540114720412
CEC2_E001_S09606_L0252,17.49328035701559
CEC2_E001_S08958_L0252,23.456262219348638
CEC2_E001_S09677_L0252,10.713174618204263
CEC2_E001_S09760_L0252,10.637664969578433
CEC2_E001_S09726_L0252,25.42313229555542
CEC2_E001_S09270_L0252,10.600879369154256
CEC2_E001_S08956_L0252,52.24873478810162
CEC2_E001_S09460_L0252,10.895506143381144
CEC2_E001_S09811_L0252,34.19158981905696
CEC2_E001_S09982_L0252,10.57025773548238
CEC2_E008_S09504_L0252,12.74692353718798
CEC2_E008_S08577_L0252,84.98008048219954
CEC2_E008_S08768_L0252,76.4400261643662
CEC2_E008_S09832_L0252,75.48850508799022
CEC2_E008_S09469_L0252,43.49218587104525
CEC2_E008_S09193_L0252,71.5455503578011
CEC2_E008_S08735_L0252,53.71882726792392
CEC2_E008_S09443_L0252,11.888230135083338
CEC2_E008_S08663_L0252,52.72582508222382
CEC2_E008_S08847_L0252,84.43840997938405
CEC2_E008_S09663_L0252,68.58745156643691
CEC2_E008_S09857_L0252,37.46824632597643
CEC2_E008_S08806_L0252,52.58137143414338
CEC2_E008_S08502_L0252,30.507483515291813
CEC2_E008_S09140_L0252,87.94153135004416
CEC2_E008_S08542_L0252,64.31843665429449
CEC2_E008_S09984_L0252,61.700295594707065
CEC2_E008_S09672_L0252,77.84935191674495
CEC2_E008_S09996_L0252,60.200624539214864
CEC2_E008_S09130_L0252,33.09358142002527
CEC2_E008_S09456_L0252,73.07277542469829
CEC2_E008_S09671_L0252,55.80992433504041
CEC2_E008_S09271_L0252,87.15806207813793
CEC2_E008_S09817_L0252,13.222208549381186
CEC2_E008_S08652_L0252,65.66972574094883
CEC2_E008_S09979_L0252,24.71163401612123
CEC2_E008_S09296_L0252,84.26626938592999
CEC2_E008_S09645_L0252,71.37104292572701
CEC2_E008_S09403_L0252,48.13097410368218
CEC2_E008_S09392_L0252,86.59407424773998
CEC2_E008_S08597_L0252,78.88928161965285
CEC2_E008_S09308_L0252,15.727941039402493
CEC2_E008_S08855_L0252,63.113031478814285
CEC2_E008_S09515_L0252,36.68916146656318
CEC2_E008_S09332_L0252,65.93562453250786
CEC2_E008_S09686_L0252,83.94799916143612
CEC2_E008_S08519_L0252,15.6380664061531
CEC2_E008_S09838_L0252,59.69388026468674
CEC2_E008_S09455_L0252,63.460515682173835
CEC2_E008_S09156_L0252,80.62373973849884
CEC2_E008_S09842_L0252,81.29514828238848
CEC2_E008_S09188_L0252,12.261213951639796
CEC2_E008_S09600_L0252,49.68302353818016
CEC2_E008_S09929_L0252,18.35554937258751
CEC2_E008_S09913_L0252,86.92303565127744
CEC2_E008_S09991_L0252,85.34862868654568
CEC2_E008_S09039_L0252,17.144237258801603
CEC2_E008_S08801_L0252,32.62563826828738
CEC2_E008_S08677_L0252,81.34735056143319
CEC2_E008_S09541_L0252,12.082708091948009
CEC2_E008_S09884_L0252,70.62246636126191
CEC2_E008_S09287_L0252,79.68201109347467
CEC2_E008_S09612_L0252,54.11060984574226
CEC2_E008_S09808_L0252,69.12322285885107
CEC2_E008_S09078_L0252,77.27940078570016
CEC2_E008_S08555_L0252,80.1850380669695
CEC2_E008_S09594_L0252,63.39897560312745
CEC2_E008_S09971_L0252,34.505687220819254
CEC2_E008_S08574_L0252,72.9232641438983
CEC2_E008_S08947_L0252,68.58935832878252
CEC2_E009_S09709_L0252,89.0421566463336
CEC2_E009_S09096_L0252,86.81918524077639
CEC2_E009_S09112_L0252,86.72605776552976
CEC2_E009_S08637_L0252,88.6380475362141
CEC2_E009_S09725_L0252,88.94817387410973
CEC2_E009_S09997_L0252,89.21869925614047
CEC2_E009_S08607_L0252,88.73557462765353
CEC2_E009_S09194_L0252,89.32242721659982
CEC2_E009_S09314_L0252,85.11185490781634
CEC2_E009_S08505_L0252,79.16089514245228
CEC2_E009_S09897_L0252,88.84763146292258
CEC2_E009_S09928_L0252,88.38582643921725
CEC2_E009_S08556_L0252,88.80628236686988
CEC2_E009_S09841_L0252,82.53731403057303
CEC2_E009_S08721_L0252,89.32800325088282
CEC2_E009_S09373_L0252,87.55913027742723
CEC2_E009_S09777_L0252,83.80036465714284
CEC2_E009_S09213_L0252,89.16481535666792
CEC2_E009_S08736_L0252,88.47192568965912
CEC2_E009_S09730_L0252,89.12643630113648
CEC2_E009_S08844_L0252,87.72018829035383
CEC2_E009_S09638_L0252,86.79963818937452
CEC2_E009_S09280_L0252,87.87000961795306
CEC2_E009_S08651_L0252,74.11656752687648
CEC2_E009_S08503_L0252,87.16930160704462
CEC2_E009_S08671_L0252,88.89834551179152
CEC2_E009_S09057_L0252,87.66893024984341
CEC2_E009_S08804_L0252,87.5653952311112
CEC2_E009_S09850_L0252,89.1293642403859
CEC2_E009_S09898_L0252,86.10210667658934
CEC2_E009_S08920_L0252,89.25644787587024
CEC2_E009_S08702_L0252,89.33471415937973
CEC2_E009_S09637_L0252,89.33449790067077
CEC2_E009_S08840_L0252,88.46752391062623
CEC2_E009_S09762_L0252,88.87238425140332
CEC2_E009_S08959_L0252,89.2831323054179
CEC2_E009_S09106_L0252,89.33542509752982
CEC2_E009_S09930_L0252,89.2563578528926
CEC2_E009_S09955_L0252,89.29924300011871
CEC2_E009_S09534_L0252,89.03771137194592
CEC2_E009_S09880_L0252,89.33795132644968
CEC2_E009_S09016_L0252,89.3375505303872
CEC2_E009_S09653_L0252,89.24157480017551
CEC2_E009_S09782_L0252,89.2892088486448
CEC2_E009_S08776_L0252,88.24592426395128
CEC2_E009_S08501_L0252,89.34158935609013
CEC2_E009_S08759_L0252,89.2840362450181
CEC2_E009_S09813_L0252,89.25082027176536
CEC2_E009_S09048_L0252,89.33636695188768
CEC2_E009_S08910_L0252,89.33328010159228
CEC2_E009_S09080_L0252,89.26781523725052
CEC2_E009_S09660_L0252,88.08501471581427
CEC2_E009_S09284_L0252,89.27576885299398
CEC2_E009_S09338_L0252,89.2176849890704
CEC2_E009_S09006_L0252,88.93946132150539
CEC2_E009_S09582_L0252,89.329050784799
CEC2_E009_S08690_L0252,89.28405754015914
CEC2_E009_S08576_L0252,89.33416622124008
CEC2_E009_S08535_L0252,89.33825419921804
CEC2_E009_S09697_L0252,89.05756303438947
CEC2_E022_S09393_L0252,71.6717552180481
CEC2_E022_S08826_L0252,79.21139731816363
CEC2_E022_S09159_L0252,69.00596529097278
CEC2_E022_S09685_L0252,66.04168862163934
CEC2_E022_S09121_L0252,88.50936420832096
CEC2_E022_S09489_L0252,64.1768104670555
CEC2_E022_S09605_L0252,84.38884819524775
CEC2_E022_S09835_L0252,82.49735332270551
CEC2_E022_S09171_L0252,60.98483684327381
CEC2_E022_S08704_L0252,56.01178652159311
CEC2_E022_S09225_L0252,11.705421179409704
CEC2_E022_S08874_L0252,76.32826073232522
CEC2_E022_S09837_L0252,79.35347439466625
CEC2_E022_S08635_L0252,37.16979640450385
CEC2_E022_S09341_L0252,68.48289335586847
CEC2_E022_S09883_L0252,88.40064336001136
CEC2_E022_S09607_L0252,88.37111154037446
CEC2_E022_S08984_L0252,84.41257177303372
CEC2_E022_S09966_L0252,41.09898472109843
CEC2_E022_S09763_L0252,88.28035794867972
CEC2_E022_S09364_L0252,52.48113648395597
CEC2_E022_S08926_L0252,17.479765162997403
CEC2_E022_S08931_L0252,89.34059223118345
CEC2_E022_S09497_L0252,87.3992773890659
CEC2_E022_S08743_L0252,74.4105472611094
CEC2_E022_S09210_L0252,65.72368093218391
CEC2_E022_S09555_L0252,66.1922174357662
CEC2_E022_S09245_L0252,87.394316247982
CEC2_E022_S09336_L0252,74.39074932402576
CEC2_E022_S09376_L0252,78.50655794900061
CEC2_E022_S09144_L0252,87.70967969017944
CEC2_E022_S08585_L0252,17.83472931511071
CEC2_E022_S09425_L0252,78.56707988750289
CEC2_E022_S09629_L0252,89.65901483424662
CEC2_E022_S09754_L0252,89.44007041137421
CEC2_E022_S09099_L0252,61.95318173042481
CEC2_E022_S09052_L0252,55.358291258672345
CEC2_E022_S09976_L0252,84.73100846437369
CEC2_E022_S09508_L0252,72.6026493171369
CEC2_E022_S08782_L0252,88.11780551242899
CEC2_E022_S09221_L0252,82.17941963007576
CEC2_E022_S08998_L0252,88.96306000375651
CEC2_E022_S09719_L0252,88.66994380680417
CEC2_E022_S08526_L0252,47.79390581806322
CEC2_E022_S09118_L0252,89.80731505761764
CEC2_E022_S09789_L0252,85.23290159810837
CEC2_E022_S08627_L0252,89.70926499861588
CEC2_E022_S09101_L0252,27.712337242699792
CEC2_E022_S09430_L0252,89.58269216538386
CEC2_E022_S09826_L0252,86.57837352868545
CEC2_E022_S09908_L0252,85.88116069438455
CEC2_E022_S08788_L0252,28.1747430007674
CEC2_E022_S08753_L0252,88.83488620307803
CEC2_E022_S08530_L0252,65.8342696042336
CEC2_E022_S09986_L0252,89.26504066684457
CEC2_E022_S09357_L0252,86.10946538997283
CEC2_E022_S09889_L0252,15.642619805381177
CEC2_E022_S09949_L0252,85.80063584479487
CEC2_E022_S09547_L0252,86.16742831954976
CEC2_E022_S09734_L0252,86.92705727401658
CEC2_E024_S09705_L0252,84.40864448902668
CEC2_E024_S09866_L0252,53.5934387723507
CEC2_E024_S09377_L0252,48.63020789640075
CEC2_E024_S09354_L0252,54.25981512650121
CEC2_E024_S09951_L0252,64.2942391850647
CEC2_E024_S08792_L0252,65.13663478232709
CEC2_E024_S08570_L0252,12.486500775617136
CEC2_E024_S09432_L0252,14.681255738538848
CEC2_E024_S08892_L0252,73.14516242114182
CEC2_E024_S09161_L0252,70.4812510072432
CEC2_E024_S09537_L0252,27.76006383678848
CEC2_E024_S09667_L0252,35.193118407594085
CEC2_E024_S08727_L0252,46.89344035949146
CEC2_E024_S09981_L0252,76.79746167773501
CEC2_E024_S08793_L0252,53.06317976268419
CEC2_E024_S08528_L0252,87.05400423786521
CEC2_E024_S09342_L0252,71.81353667713057
CEC2_E024_S09707_L0252,49.53196071454101
CEC2_E024_S09834_L0252,11.81067866164049
CEC2_E024_S09640_L0252,64.05861921237907
CEC2_E024_S09587_L0252,71.08166671805007
CEC2_E024_S09603_L0252,46.59550229998504
CEC2_E024_S09043_L0252,56.7731212092922
CEC2_E024_S09510_L0252,36.63517890068604
CEC2_E024_S09477_L0252,42.12909792714703
CEC2_E024_S08854_L0252,66.1694455042907
CEC2_E024_S09523_L0252,58.94983183624674
CEC2_E024_S09519_L0252,73.50154050794897
CEC2_E024_S09644_L0252,69.28465049805884
CEC2_E024_S08887_L0252,63.81625945139689
CEC2_E024_S09081_L0252,49.60277059718596
CEC2_E024_S09865_L0252,65.27827850325573
CEC2_E024_S09896_L0252,50.772130058167676
CEC2_E024_S08707_L0252,89.18338730988046
CEC2_E024_S09024_L0252,85.47266324167808
CEC2_E024_S08763_L0252,90.0474641871237
CEC2_E024_S08643_L0252,88.66669553901288
CEC2_E024_S09689_L0252,12.18472028284778
CEC2_E024_S09065_L0252,67.96667618319881
CEC2_E024_S08812_L0252,11.709478584597251
CEC2_E024_S09258_L0252,81.54452884562151
CEC2_E024_S08989_L0252,70.3848493963479
CEC2_E024_S09125_L0252,72.24185683798397
CEC2_E024_S09370_L0252,53.28650393297818
CEC2_E024_S09076_L0252,13.419560535722066
CEC2_E024_S08770_L0252,89.73807681554067
CEC2_E024_S09438_L0252,85.82387636350262
CEC2_E024_S08775_L0252,90.06952528578765
CEC2_E024_S08553_L0252,88.83519321784883
CEC2_E024_S09722_L0252,12.230154753507154
CEC2_E024_S08890_L0252,90.39085532826638
CEC2_E024_S09001_L0252,63.21350911230117
CEC2_E024_S09821_L0252,63.58306936043533
CEC2_E024_S08966_L0252,12.210667878043516
CEC2_E024_S09768_L0252,16.32684442797619
CEC2_E024_S08940_L0252,90.01747351814188
CEC2_E024_S09273_L0252,70.72719779819677
CEC2_E024_S09321_L0252,15.91500162968584
CEC2_E024_S09110_L0252,84.34790312380149
CEC2_E024_S09903_L0252,88.18083596078156
CEC2_E031_S09398_L0252,89.56263299151401
CEC2_E031_S09272_L0252,89.06336566783925
CEC2_E031_S09174_L0252,89.43270036309995
CEC2_E031_S09584_L0252,74.20498398741393
CEC2_E031_S09153_L0252,81.7296985998305
CEC2_E031_S08688_L0252,89.25452318034495
CEC2_E031_S09157_L0252,69.2532266144914
CEC2_E031_S09082_L0252,81.57528484275018
CEC2_E031_S09526_L0252,89.54265683373504
CEC2_E031_S08841_L0252,88.8754348927623
CEC2_E031_S09470_L0252,88.19418964378218
CEC2_E031_S09900_L0252,39.59410817413486
CEC2_E031_S09920_L0252,89.80242649880735
CEC2_E031_S08624_L0252,82.6366432037291
CEC2_E031_S09912_L0252,89.73658586357895
CEC2_E031_S09785_L0252,89.75971495750639
CEC2_E031_S09237_L0252,86.93641317807604
CEC2_E031_S09244_L0252,78.72542810604847
CEC2_E031_S08569_L0252,71.60136502670343
CEC2_E031_S09067_L0252,63.8604437443404
CEC2_E031_S09552_L0252,89.34503749878267
CEC2_E031_S09073_L0252,71.52702845744291
CEC2_E031_S08882_L0252,65.18671730132324
CEC2_E031_S08612_L0252,89.3893798696646
CEC2_E031_S09402_L0252,86.57185371165754
CEC2_E031_S09346_L0252,88.81369693520932
CEC2_E031_S09861_L0252,88.1781749629763
CEC2_E031_S08979_L0252,25.791082703828458
CEC2_E031_S08944_L0252,89.47370060701998
CEC2_E031_S09512_L0252,75.59921653588314
CEC2_E031_S08625_L0252,89.65651346660906
CEC2_E031_S08626_L0252,89.37036626648718
CEC2_E031_S08714_L0252,88.38530927869515
CEC2_E031_S09025_L0252,88.92519961764258
CEC2_E031_S09907_L0252,89.83390568121168
CEC2_E031_S09090_L0252,89.77682794174305
CEC2_E031_S08622_L0252,89.74278612512617
CEC2_E031_S08996_L0252,88.48528447538567
CEC2_E031_S09009_L0252,88.16006705976807
CEC2_E031_S08676_L0252,85.83301138899093
CEC2_E031_S09586_L0252,89.8260350286941
CEC2_E031_S09824_L0252,81.80548370877585
CEC2_E031_S09608_L0252,57.83518823169015
CEC2_E031_S09235_L0252,89.84698195073925
CEC2_E031_S08860_L0252,89.36834918373572
CEC2_E031_S08653_L0252,89.8321415031932
CEC2_E031_S08875_L0252,89.83294352750012
CEC2_E031_S09881_L0252,88.93414858704976
CEC2_E031_S08803_L0252,89.84508932847169
CEC2_E031_S08945_L0252,87.74681363191571
CEC2_E031_S09371_L0252,78.23510934737992
CEC2_E031_S09536_L0252,88.96554734753643
CEC2_E031_S09098_L0252,89.75918549014808
CEC2_E031_S08598_L0252,67.02196358871822
CEC2_E031_S09893_L0252,89.74230838528803
CEC2_E031_S09434_L0252,89.2613469990902
CEC2_E031_S08836_L0252,89.72141164892561
CEC2_E031_S09413_L0252,89.28647199673756
CEC2_E031_S09846_L0252,77.86079461834719
CEC2_E031_S09109_L0252,86.63419604666366
CEC2_E032_S08969_L0252,18.924409920774238
CEC2_E032_S08853_L0252,32.68547736354942
CEC2_E032_S08628_L0252,32.05806246126393
CEC2_E032_S08546_L0252,54.04023500089812
CEC2_E032_S09230_L0252,15.011194943602437
CEC2_E032_S09294_L0252,84.9140184604591
CEC2_E032_S09441_L0252,25.366794851279426
CEC2_E032_S09786_L0252,41.25753075385895
CEC2_E032_S09256_L0252,58.74485804487687
CEC2_E032_S09748_L0252,13.812709997585252
CEC2_E032_S09661_L0252,58.901325594566565
CEC2_E032_S08902_L0252,88.174298587148
CEC2_E032_S08970_L0252,29.740110996697418
CEC2_E032_S09307_L0252,85.48506246267266
CEC2_E032_S08525_L0252,20.509395091627038
CEC2_E032_S08583_L0252,73.03327918501496
CEC2_E032_S08837_L0252,82.89719866515664
CEC2_E032_S09987_L0252,13.907299143137651
CEC2_E032_S09656_L0252,17.546838245529543
CEC2_E032_S09473_L0252,44.26280314379762
CEC2_E032_S09390_L0252,76.91832343362795
CEC2_E032_S09442_L0252,58.90552404656881
CEC2_E032_S08849_L0252,21.56028909587533
CEC2_E032_S08710_L0252,80.12476364147388
CEC2_E032_S09401_L0252,69.72624494461765
CEC2_E032_S09799_L0252,36.797690634977016
CEC2_E032_S09875_L0252,13.733701570428332
CEC2_E032_S09514_L0252,15.073665844651114
CEC2_E032_S09335_L0252,39.10817595520331
CEC2_E032_S09511_L0252,70.58948011898302
CEC2_E032_S09325_L0252,20.295780674840024
CEC2_E032_S09365_L0252,15.425677577664997
CEC2_E032_S09598_L0252,62.46892847818296
CEC2_E032_S09465_L0252,75.97439636151034
CEC2_E032_S09427_L0252,12.103306527570467
CEC2_E032_S09815_L0252,17.813125369391116
CEC2_E032_S09957_L0252,38.69418806153123
CEC2_E032_S09093_L0252,87.34545112775892
CEC2_E032_S09564_L0252,45.27664978256394
CEC2_E032_S08647_L0252,76.15166878678045
CEC2_E032_S09662_L0252,87.93887834528982
CEC2_E032_S09676_L0252,13.948887602494004
CEC2_E032_S08921_L0252,41.06153470981558
CEC2_E032_S09310_L0252,87.91282762968403
CEC2_E032_S09532_L0252,71.48867717922816
CEC2_E032_S09905_L0252,45.00056273242006
CEC2_E032_S09032_L0252,13.035969282372664
CEC2_E032_S09027_L0252,73.32371071775852
CEC2_E032_S09641_L0252,83.41500683585338
CEC2_E032_S09298_L0252,30.73774352095997
CEC2_E032_S08695_L0252,20.960589530582823
CEC2_E032_S09863_L0252,25.99629894530405
CEC2_E032_S09004_L0252,87.34738750623227
CEC2_E032_S08615_L0252,28.117280003141452
CEC2_E032_S09418_L0252,64.44591822502551
CEC2_E032_S09852_L0252,88.25555605049236
CEC2_E032_S08614_L0252,43.96004903972285
CEC2_E032_S09872_L0252,15.633838634059323
CEC2_E032_S08789_L0252,80.86354605637635
CEC2_E036_S09636_L0252,74.80237399087206
CEC2_E036_S09233_L0252,58.20475806852234
CEC2_E036_S08829_L0252,60.763106267329974
CEC2_E036_S09601_L0252,52.299415024725114
CEC2_E036_S09632_L0252,68.53735810797733
CEC2_E036_S09033_L0252,71.85348052737197
CEC2_E036_S08649_L0252,87.51884640283976
CEC2_E036_S08696_L0252,76.87148761274119
CEC2_E036_S08784_L0252,40.40897181448855
CEC2_E036_S09749_L0252,59.380781362477876
CEC2_E036_S09088_L0252,75.21315239361645
CEC2_E036_S09128_L0252,16.929362396456
CEC2_E036_S08544_L0252,38.48567162904543
CEC2_E036_S09445_L0252,66.10860375459676
CEC2_E036_S09576_L0252,71.53590223840264
CEC2_E036_S09114_L0252,66.42748664123306
CEC2_E036_S09277_L0252,65.5316728438982
CEC2_E036_S09053_L0252,87.63295490677201
CEC2_E036_S09657_L0252,74.28622805444458
CEC2_E036_S08725_L0252,82.8836078210978
CEC2_E036_S08851_L0252,86.80493046077713
CEC2_E036_S08914_L0252,70.61882419780353
CEC2_E036_S09226_L0252,68.1789944689741
CEC2_E036_S08565_L0252,70.02954424889849
CEC2_E036_S09945_L0252,36.79429186390844
CEC2_E036_S09220_L0252,65.83540642662676
CEC2_E036_S08842_L0252,86.29982114971868
CEC2_E036_S09102_L0252,73.68692715703907
CEC2_E036_S09309_L0252,74.66061082479135
CEC2_E036_S09435_L0252,12.193105670455946
CEC2_E036_S08838_L0252,26.483097512261935
CEC2_E036_S09610_L0252,56.58697955320216
CEC2_E036_S09163_L0252,16.544215224005413
CEC2_E036_S08551_L0252,77.12956150790528
CEC2_E036_S09972_L0252,78.5184966038153
CEC2_E036_S09029_L0252,25.80717508763134
CEC2_E036_S09630_L0252,85.14123064658506
CEC2_E036_S09513_L0252,88.3033346509686
CEC2_E036_S09117_L0252,12.998840244619918
CEC2_E036_S09318_L0252,57.69296360418834
CEC2_E036_S09820_L0252,50.48801781776849
CEC2_E036_S09885_L0252,90.0341118572499
CEC2_E036_S08533_L0252,85.07464375446682
CEC2_E036_S09458_L0252,83.02349942349998
CEC2_E036_S09422_L0252,34.285322483727896
CEC2_E036_S08581_L0252,62.28034598355248
CEC2_E036_S08964_L0252,83.79811642376619
CEC2_E036_S09967_L0252,20.01643826529603
CEC2_E036_S08978_L0252,76.21342705224903
CEC2_E036_S09268_L0252,15.506976571656732
CEC2_E036_S09774_L0252,62.836560248606446
CEC2_E036_S09172_L0252,86.11303516799475
CEC2_E036_S09160_L0252,76.78968992621823
CEC2_E036_S09795_L0252,60.167099117215486
CEC2_E036_S08897_L0252,61.02242772368905
CEC2_E036_S09388_L0252,82.90607195951438
CEC2_E036_S09592_L0252,25.238022971176736
CEC2_E036_S09439_L0252,75.92053560692685
CEC2_E036_S09758_L0252,83.35098750377594
CEC2_E036_S09046_L0252,57.91618820519717
CEC2_E037_S09819_L0252,86.170621192681
CEC2_E037_S09891_L0252,68.0809711119949
CEC2_E037_S09461_L0252,48.72537536416487
CEC2_E037_S09191_L0252,86.22513763751446
CEC2_E037_S08857_L0252,37.44004901613974
CEC2_E037_S09591_L0252,74.94966063322748
CEC2_E037_S09517_L0252,85.22558010219252
CEC2_E037_S08879_L0252,85.53685688263144
CEC2_E037_S09353_L0252,50.67336104116453
CEC2_E037_S08673_L0252,49.93223627411476
CEC2_E037_S08618_L0252,59.6824438062352
CEC2_E037_S08703_L0252,41.93253136420829
CEC2_E037_S08864_L0252,85.14987584986507
CEC2_E037_S08509_L0252,53.83017464742035
CEC2_E037_S09804_L0252,78.52240204016762
CEC2_E037_S09148_L0252,70.09395471397973
CEC2_E037_S08825_L0252,67.68631585098301
CEC2_E037_S09683_L0252,77.69708953806044
CEC2_E037_S09668_L0252,89.24619979271178
CEC2_E037_S09502_L0252,74.39655880084516
CEC2_E037_S08973_L0252,85.84274526694692
CEC2_E037_S09421_L0252,86.86393552102616
CEC2_E037_S09301_L0252,87.25605043390453
CEC2_E037_S09200_L0252,67.09064756328841
CEC2_E037_S08715_L0252,81.53296635767104
CEC2_E037_S09097_L0252,71.18271625332689
CEC2_E037_S09867_L0252,75.47378421421492
CEC2_E037_S08999_L0252,67.72125833820141
CEC2_E037_S08617_L0252,73.21030057952939
CEC2_E037_S09095_L0252,14.531082244555462
CEC2_E037_S09407_L0252,83.0809679035939
CEC2_E037_S09168_L0252,56.49420171853082
CEC2_E037_S09999_L0252,86.18850270435144
CEC2_E037_S09882_L0252,54.99702747387076
CEC2_E037_S09692_L0252,74.83278246441314
CEC2_E037_S09822_L0252,29.18608686318886
CEC2_E037_S08919_L0252,81.38580571790186
CEC2_E037_S08537_L0252,88.39288991151186
CEC2_E037_S09737_L0252,82.33787867623519
CEC2_E037_S09247_L0252,88.68309081354663
CEC2_E037_S08817_L0252,40.11377732377777
CEC2_E037_S09440_L0252,87.23047929753257
CEC2_E037_S09736_L0252,76.02140886930836
CEC2_E037_S08991_L0252,12.050570104462754
CEC2_E037_S09236_L0252,88.97953957129407
CEC2_E037_S09585_L0252,63.58121531651098
CEC2_E037_S08639_L0252,75.77393004001907
CEC2_E037_S09143_L0252,20.967811016897606
CEC2_E037_S09289_L0252,24.455940661353715
CEC2_E037_S09177_L0252,77.8251324593221
CEC2_E037_S08866_L0252,83.98955273536666
CEC2_E037_S09750_L0252,78.6138168404172
CEC2_E037_S09565_L0252,77.99746321029315
CEC2_E037_S08575_L0252,85.40662007870289
CEC2_E037_S09611_L0252,87.6484373096814
CEC2_E037_S08832_L0252,85.01498463709497
CEC2_E037_S09108_L0252,20.079779831444004
CEC2_E037_S08580_L0252,88.93080367832712
CEC2_E037_S09694_L0252,85.26277946382952
CEC2_E037_S09132_L0252,84.5701893775539
CEC2_E038_S09620_L0252,18.566644735375732
CEC2_E038_S08561_L0252,45.39090866716914
CEC2_E038_S08764_L0252,55.56992718036735
CEC2_E038_S09326_L0252,75.3065729214922
CEC2_E038_S08744_L0252,51.76754575827343
CEC2_E038_S09648_L0252,12.12602486422513
CEC2_E038_S09778_L0252,20.030703675933502
CEC2_E038_S08584_L0252,82.75766263670356
CEC2_E038_S09327_L0252,73.71667725868518
CEC2_E038_S09932_L0252,70.84772804877052
CEC2_E038_S09989_L0252,53.77693668320238
CEC2_E038_S09743_L0252,83.05916158026852
CEC2_E038_S08850_L0252,80.06672028262633
CEC2_E038_S09678_L0252,71.58307432654667
CEC2_E038_S09285_L0252,64.93796187107331
CEC2_E038_S09816_L0252,17.14822819580066
CEC2_E038_S09646_L0252,59.03190458652185
CEC2_E038_S09712_L0252,68.237652310695
CEC2_E038_S09535_L0252,11.86980835905259
CEC2_E038_S09853_L0252,64.35119748368315
CEC2_E038_S08746_L0252,18.13111588273017
CEC2_E038_S09870_L0252,45.085670518157166
CEC2_E038_S09570_L0252,45.28571439887971
CEC2_E038_S09720_L0252,11.737215474524419
CEC2_E038_S08610_L0252,82.40733779711292
CEC2_E038_S09759_L0252,25.854657346518184
CEC2_E038_S09091_L0252,68.98371470894259
CEC2_E038_S09761_L0252,85.22738033755428
CEC2_E038_S09248_L0252,66.59879884991686
CEC2_E038_S09339_L0252,61.65547779205167
CEC2_E038_S09501_L0252,39.260279237251254
CEC2_E038_S08567_L0252,12.170591952187852
CEC2_E038_S09361_L0252,12.35786729234473
CEC2_E038_S09836_L0252,37.53913440819692
CEC2_E038_S09205_L0252,60.286239442929656
CEC2_E038_S09650_L0252,77.58417822683147
CEC2_E038_S09856_L0252,65.44282387126965
CEC2_E038_S09449_L0252,12.12658567248836
CEC2_E038_S09933_L0252,64.69179995963752
CEC2_E038_S09877_L0252,19.27337398616271
CEC2_E038_S08785_L0252,88.65922046370835
CEC2_E038_S09557_L0252,27.798389625597462
CEC2_E038_S09352_L0252,64.10110311197315
CEC2_E038_S08726_L0252,14.284078250196993
CEC2_E038_S09567_L0252,14.238097726291086
CEC2_E038_S08923_L0252,11.827402735256
CEC2_E038_S08731_L0252,77.85565607120621
CEC2_E038_S09275_L0252,74.32657487980777
CEC2_E038_S08730_L0252,84.64156230613074
CEC2_E038_S09041_L0252,14.8831523007797
CEC2_E038_S08636_L0252,80.52850440028183
CEC2_E038_S09069_L0252,69.67940849436171
CEC2_E038_S08835_L0252,24.9705366169001
CEC2_E038_S09478_L0252,42.44731415446488
CEC2_E038_S09944_L0252,11.930407000472359
CEC2_E038_S08514_L0252,29.139867270046768
CEC2_E038_S09089_L0252,51.852696341475344
CEC2_E038_S08631_L0252,15.007339018360971
CEC2_E038_S08787_L0252,24.316273170363502
CEC2_E038_S08997_L0252,43.6193485572578
CEC2_E001_S09193_L0254,35.73401778018011
CEC2_E001_S08768_L0254,31.052786227586513
CEC2_E001_S08652_L0254,12.99771219516886
CEC2_E001_S09308_L0254,20.00160974612304
CEC2_E001_S09332_L0254,38.64498351352466
CEC2_E001_S09156_L0254,22.58990501218736
CEC2_E001_S09686_L0254,17.12273434137829
CEC2_E001_S08855_L0254,12.295928016847114
CEC2_E001_S09515_L0254,12.107507493400016
CEC2_E001_S08597_L0254,13.818759001024942
CEC2_E001_S08519_L0254,10.753839869742697
CEC2_E001_S09838_L0254,10.857320571521237
CEC2_E001_S09455_L0254,10.76845623605357
CEC2_E001_S09991_L0254,26.780775087136753
CEC2_E001_S09600_L0254,13.288868906250116
CEC2_E001_S09842_L0254,66.15233616611734
CEC2_E001_S08677_L0254,10.763429099289162
CEC2_E001_S09188_L0254,10.95067860910467
CEC2_E001_S09039_L0254,10.842249077555303
CEC2_E001_S09541_L0254,10.574419714524899
CEC2_E001_S09913_L0254,16.089323353087956
CEC2_E001_S08801_L0254,11.019996243018227
CEC2_E001_S09929_L0254,10.762905292695326
CEC2_E001_S09287_L0254,62.91970157932914
CEC2_E001_S09594_L0254,13.481023784689544
CEC2_E001_S09612_L0254,10.486339145098142
CEC2_E001_S08555_L0254,16.93747281548671
CEC2_E001_S08947_L0254,11.653548625068439
CEC2_E001_S09884_L0254,16.133367102864838
CEC2_E001_S08574_L0254,32.44695126404628
CEC2_E001_S09971_L0254,11.179389140599676
CEC2_E001_S09078_L0254,10.64548337043919
CEC2_E001_S09808_L0254,10.801886303561282
CEC2_E008_S09725_L0254,60.392474787498884
CEC2_E008_S08505_L0254,12.296936590469507
CEC2_E008_S09194_L0254,74.07952974211399
CEC2_E008_S09096_L0254,23.56895685866347
CEC2_E008_S09997_L0254,31.64571167903021
CEC2_E008_S09709_L0254,19.177083251797423
CEC2_E008_S09112_L0254,40.03014129939256
CEC2_E008_S09314_L0254,11.735530696734102
CEC2_E008_S08637_L0254,64.11827637710927
CEC2_E008_S08607_L0254,63.752128717522176
CEC2_E008_S09730_L0254,63.68944216257111
CEC2_E008_S08736_L0254,83.4228083986018
CEC2_E008_S09777_L0254,49.91176088870306
CEC2_E008_S09928_L0254,85.24126737902202
CEC2_E008_S08556_L0254,77.90026023934401
CEC2_E008_S09841_L0254,63.34828972216792
CEC2_E008_S09897_L0254,48.097154366153966
CEC2_E008_S09373_L0254,70.13349863441071
CEC2_E008_S08721_L0254,60.250130473370305
CEC2_E008_S09213_L0254,68.15513131838769
CEC2_E008_S08503_L0254,73.84759198557055
CEC2_E008_S08651_L0254,71.51778952317292
CEC2_E008_S08671_L0254,68.15968633915338
CEC2_E008_S09057_L0254,79.92809530072763
CEC2_E008_S08804_L0254,67.09231162019272
CEC2_E008_S09280_L0254,26.526624106314056
CEC2_E008_S09638_L0254,16.34648063967862
CEC2_E008_S08844_L0254,26.20396030078216
CEC2_E008_S09898_L0254,57.15262121155132
CEC2_E008_S09850_L0254,89.17586471024524
CEC2_E008_S08920_L0254,19.80768370130774
CEC2_E008_S08959_L0254,47.03529907013618
CEC2_E008_S08840_L0254,23.326969962003655
CEC2_E008_S09106_L0254,68.472400534746
CEC2_E008_S08702_L0254,52.05501587785909
CEC2_E008_S09762_L0254,64.90005754506358
CEC2_E008_S09955_L0254,84.34990943852807
CEC2_E008_S09637_L0254,73.53729591931756
CEC2_E008_S09534_L0254,82.97241692125053
CEC2_E008_S09930_L0254,70.08340499642108
CEC2_E008_S09016_L0254,15.097709385223455
CEC2_E008_S08759_L0254,87.78180521847968
CEC2_E008_S09653_L0254,52.14243019218476
CEC2_E008_S09782_L0254,63.52151665555734
CEC2_E008_S09880_L0254,88.71440954901234
CEC2_E008_S08910_L0254,82.91187974629132
CEC2_E008_S08501_L0254,87.52449883834545
CEC2_E008_S09813_L0254,47.63649043207001
CEC2_E008_S09048_L0254,51.15234754913726
CEC2_E008_S08776_L0254,15.78273917276135
CEC2_E008_S09284_L0254,41.82693591632748
CEC2_E008_S09582_L0254,88.90243786519171
CEC2_E008_S09006_L0254,48.08861152902935
CEC2_E008_S08576_L0254,83.90293083562374
CEC2_E008_S09338_L0254,86.20911007050938
CEC2_E008_S08690_L0254,66.57044119604356
CEC2_E008_S09697_L0254,58.399112627928325
CEC2_E008_S08535_L0254,50.75457199203914
CEC2_E008_S09080_L0254,88.61172323339308
CEC2_E008_S09660_L0254,51.72246244846382
CEC2_E009_S09171_L0254,89.01173340958051
CEC2_E009_S09607_L0254,88.83634192746163
CEC2_E009_S08874_L0254,89.10122738993097
CEC2_E009_S09364_L0254,87.47715952371867
CEC2_E009_S09754_L0254,89.12763478858527
CEC2_E009_S09629_L0254,89.13955185229912
CEC2_E009_S08782_L0254,89.10677293916402
CEC2_E009_S09425_L0254,89.11703544964224
CEC2_E009_S09052_L0254,89.13604924349336
CEC2_E009_S09144_L0254,89.1128753292707
CEC2_E009_S09099_L0254,89.13549245270029
CEC2_E009_S08585_L0254,89.03280472089624
CEC2_E009_S09508_L0254,89.12949893771246
CEC2_E009_S09976_L0254,89.13296365254773
CEC2_E009_S09719_L0254,89.1388729347915
CEC2_E009_S09101_L0254,87.1631783574329
CEC2_E009_S09789_L0254,89.13531670935085
CEC2_E009_S09430_L0254,89.13848426033158
CEC2_E009_S09221_L0254,89.03826703299396
CEC2_E009_S08998_L0254,89.12896551408133
CEC2_E009_S08627_L0254,89.14064815861741
CEC2_E009_S09826_L0254,89.1383110834861
CEC2_E009_S08526_L0254,89.13509999037281
CEC2_E009_S09118_L0254,89.1408213195266
CEC2_E009_S08753_L0254,89.00495368227044
CEC2_E009_S09734_L0254,88.13365957836994
CEC2_E009_S08788_L0254,88.89113960765243
CEC2_E009_S09547_L0254,89.12111058545621
CEC2_E009_S08530_L0254,88.83924697239412
CEC2_E009_S09949_L0254,89.03990538342799
CEC2_E009_S09889_L0254,87.30651486829835
CEC2_E009_S09908_L0254,88.9687692745319
CEC2_E009_S09986_L0254,88.9056420073552
CEC2_E009_S09357_L0254,89.07560017767295
CEC2_E022_S09517_L0254,88.562449791397
CEC2_E022_S08673_L0254,39.536068330088256
CEC2_E022_S09191_L0254,84.66877000563552
CEC2_E022_S09819_L0254,81.41532566966075
CEC2_E022_S08879_L0254,88.46290809799845
CEC2_E022_S09353_L0254,63.10089976805147
CEC2_E022_S09591_L0254,68.79931697936864
CEC2_E022_S09891_L0254,71.3621749642455
CEC2_E022_S08857_L0254,31.635658895413236
CEC2_E022_S09461_L0254,68.5280768792796
CEC2_E022_S08509_L0254,66.26934144242749
CEC2_E022_S08703_L0254,56.869831566584324
CEC2_E022_S09502_L0254,83.46960944043799
CEC2_E022_S08864_L0254,85.40649877124918
CEC2_E022_S08825_L0254,74.81646434802126
CEC2_E022_S09148_L0254,84.10398531146312
CEC2_E022_S08618_L0254,52.3003514764695
CEC2_E022_S09668_L0254,88.75462446879928
CEC2_E022_S09683_L0254,84.931898207898
CEC2_E022_S09804_L0254,83.43455762293051
CEC2_E022_S09867_L0254,86.71260593980159
CEC2_E022_S08715_L0254,83.75745300175338
CEC2_E022_S09097_L0254,86.03545564485046
CEC2_E022_S09095_L0254,14.050605435937083
CEC2_E022_S09421_L0254,70.86460747650891
CEC2_E022_S08617_L0254,81.56892102197544
CEC2_E022_S08973_L0254,88.74702810396239
CEC2_E022_S09200_L0254,85.11811096097894
CEC2_E022_S08999_L0254,80.73974282035445
CEC2_E022_S09301_L0254,88.48463782678958
CEC2_E022_S08919_L0254,81.6845619377154
CEC2_E022_S09737_L0254,86.25619555475576
CEC2_E022_S09692_L0254,77.64693670701715
CEC2_E022_S09882_L0254,50.048507347098365
CEC2_E022_S09999_L0254,80.85024227385796
CEC2_E022_S09168_L0254,62.47955188602279
CEC2_E022_S09822_L0254,53.38812763261567
CEC2_E022_S09407_L0254,78.43548617409283
CEC2_E022_S09247_L0254,80.48118817482373
CEC2_E022_S08537_L0254,89.01532107328826
CEC2_E022_S09236_L0254,89.65857238358406
CEC2_E022_S09289_L0254,87.02158613139946
CEC2_E022_S09143_L0254,49.20027191063243
CEC2_E022_S09585_L0254,77.23323340204215
CEC2_E022_S09440_L0254,88.8864734783065
CEC2_E022_S08639_L0254,87.58901480138525
CEC2_E022_S08991_L0254,13.107684045002761
CEC2_E022_S08817_L0254,83.14197917850596
CEC2_E022_S09177_L0254,88.40759063106601
CEC2_E022_S09736_L0254,85.76048718369157
CEC2_E022_S08866_L0254,79.75346738656836
CEC2_E022_S09694_L0254,80.70936261048647
CEC2_E022_S09565_L0254,82.89217921919719
CEC2_E022_S09108_L0254,27.701030770538335
CEC2_E022_S08832_L0254,88.02372049014167
CEC2_E022_S09750_L0254,86.19421364193542
CEC2_E022_S09611_L0254,87.85609221653357
CEC2_E022_S08580_L0254,88.4658931094794
CEC2_E022_S08575_L0254,84.5710294819811
CEC2_E022_S09132_L0254,89.3761465389674
CEC2_E024_S09272_L0254,80.24014521046405
CEC2_E024_S09584_L0254,65.34900959104687
CEC2_E024_S09153_L0254,83.65613209340383
CEC2_E024_S09526_L0254,71.80565024675312
CEC2_E024_S08841_L0254,87.13973525071751
CEC2_E024_S09157_L0254,61.77515802495695
CEC2_E024_S09174_L0254,63.039820939554396
CEC2_E024_S08688_L0254,61.42402068893232
CEC2_E024_S09082_L0254,78.68947521403851
CEC2_E024_S09398_L0254,80.87549618308452
CEC2_E024_S08624_L0254,22.414717456115092
CEC2_E024_S09785_L0254,76.45021268814509
CEC2_E024_S09470_L0254,61.94505376387006
CEC2_E024_S09912_L0254,88.51508704429914
CEC2_E024_S09900_L0254,14.031071179497353
CEC2_E024_S09920_L0254,87.71767607396079
CEC2_E024_S08569_L0254,52.475522477110445
CEC2_E024_S09067_L0254,29.1804800400929
CEC2_E024_S09237_L0254,70.88793647720021
CEC2_E024_S09244_L0254,19.274190926174043
CEC2_E024_S08979_L0254,12.0985841208424
CEC2_E024_S09552_L0254,71.78143519776475
CEC2_E024_S08882_L0254,25.24825354325384
CEC2_E024_S09073_L0254,44.24005232496576
CEC2_E024_S09402_L0254,69.58707579832814
CEC2_E024_S08944_L0254,69.42680563544776
CEC2_E024_S09512_L0254,17.03544682126457
CEC2_E024_S08612_L0254,45.829289398652264
CEC2_E024_S09346_L0254,66.01559639707823
CEC2_E024_S09861_L0254,47.49844871151049
CEC2_E024_S08626_L0254,13.021495503498775
CEC2_E024_S08625_L0254,71.81907069349458
CEC2_E024_S08676_L0254,12.623297948624861
CEC2_E024_S08622_L0254,45.48411906973602
CEC2_E024_S09090_L0254,89.78524311783114
CEC2_E024_S09907_L0254,89.18404054498349
CEC2_E024_S09025_L0254,58.180063112969236
CEC2_E024_S08714_L0254,19.98894979030772
CEC2_E024_S08996_L0254,62.353844171836464
CEC2_E024_S09009_L0254,68.13118315006716
CEC2_E024_S08803_L0254,90.23205783660616
CEC2_E024_S09608_L0254,14.450386473482018
CEC2_E024_S08860_L0254,76.94847422420378
CEC2_E024_S09881_L0254,27.583643794559567
CEC2_E024_S08945_L0254,30.736206220970512
CEC2_E024_S09586_L0254,90.08884792228339
CEC2_E024_S09235_L0254,89.53767240419393
CEC2_E024_S08653_L0254,89.38364373734261
CEC2_E024_S09824_L0254,13.679216290086721
CEC2_E024_S08875_L0254,89.29519260827503
CEC2_E024_S09371_L0254,20.877573176432428
CEC2_E024_S09434_L0254,84.53695690755957
CEC2_E024_S09413_L0254,82.16615713913988
CEC2_E024_S09109_L0254,77.66147886053632
CEC2_E024_S09098_L0254,90.15147096300713
CEC2_E024_S08836_L0254,86.24673054990886
CEC2_E024_S09536_L0254,74.27604599584329
CEC2_E024_S09893_L0254,87.63690497486074
CEC2_E024_S08598_L0254,18.647441121697934
CEC2_E024_S09846_L0254,68.00836520939274
CEC2_E031_S08628_L0254,75.86353959844921
CEC2_E031_S08853_L0254,82.09125562095458
CEC2_E031_S09441_L0254,77.49771923314495
CEC2_E031_S09256_L0254,83.02578469913672
CEC2_E031_S09294_L0254,88.72294285595723
CEC2_E031_S09230_L0254,71.1626872988949
CEC2_E031_S08969_L0254,81.44210700102258
CEC2_E031_S09748_L0254,73.6125567931783
CEC2_E031_S08546_L0254,72.3952482038977
CEC2_E031_S09786_L0254,87.82563198464551
CEC2_E031_S09656_L0254,86.31574269948528
CEC2_E031_S09661_L0254,88.9958266963501
CEC2_E031_S08583_L0254,86.46790662749098
CEC2_E031_S08970_L0254,60.957928549094525
CEC2_E031_S09987_L0254,82.77870948822726
CEC2_E031_S09473_L0254,36.410473563459306
CEC2_E031_S08525_L0254,66.87308706979323
CEC2_E031_S09307_L0254,89.62380709069747
CEC2_E031_S08710_L0254,89.1886519020156
CEC2_E031_S09442_L0254,78.50173355881545
CEC2_E031_S09335_L0254,77.44945977863021
CEC2_E031_S09799_L0254,73.43435041785366
CEC2_E031_S09390_L0254,88.52276229184264
CEC2_E031_S09514_L0254,49.962154388081274
CEC2_E031_S09511_L0254,79.22242779176877
CEC2_E031_S09401_L0254,89.48782767411777
CEC2_E031_S08849_L0254,72.12986737299033
CEC2_E031_S09875_L0254,82.55355517484867
CEC2_E031_S09465_L0254,87.17872645228395
CEC2_E031_S09815_L0254,89.48922696159585
CEC2_E031_S09564_L0254,84.39975201200156
CEC2_E031_S09598_L0254,89.37224073962696
CEC2_E031_S09093_L0254,89.46831801115057
CEC2_E031_S09427_L0254,15.440087925983498
CEC2_E031_S09957_L0254,88.82769069317916
CEC2_E031_S09325_L0254,88.68717828632204
CEC2_E031_S08647_L0254,88.92815693223628
CEC2_E031_S09365_L0254,64.98291766717105
CEC2_E031_S09310_L0254,89.65212138316956
CEC2_E031_S08921_L0254,89.59521278807036
CEC2_E031_S09532_L0254,89.6339015145099
CEC2_E031_S09905_L0254,86.30942582034197
CEC2_E031_S09676_L0254,88.64850144600545
CEC2_E031_S08778_L0254,86.24403941182216
CEC2_E031_S09032_L0254,64.14834710705442
CEC2_E031_S09662_L0254,89.62684163132458
CEC2_E031_S09641_L0254,89.64660239636694
CEC2_E031_S09027_L0254,89.51393344708973
CEC2_E031_S09852_L0254,89.52467306891668
CEC2_E031_S09872_L0254,75.37515400141271
CEC2_E031_S08614_L0254,83.6004975039691
CEC2_E031_S09863_L0254,88.60088654959235
CEC2_E031_S08615_L0254,87.51938003475651
CEC2_E031_S09298_L0254,88.7383264532855
CEC2_E031_S09004_L0254,89.11064351655415
CEC2_E031_S09418_L0254,81.9365480245687
CEC2_E031_S08695_L0254,84.89958042279392
CEC2_E031_S08789_L0254,88.6356405719977
CEC2_E032_S09233_L0254,34.711966347251
CEC2_E032_S09636_L0254,80.87008633022765
CEC2_E032_S09601_L0254,19.91493903347541
CEC2_E032_S08784_L0254,18.578248518313227
CEC2_E032_S08829_L0254,62.116155701970975
CEC2_E032_S08649_L0254,88.34762370566173
CEC2_E032_S09632_L0254,79.4365712796069
CEC2_E032_S09033_L0254,12.121586807980643
CEC2_E032_S08696_L0254,56.40762173903842
CEC2_E032_S09749_L0254,12.415280362611446
CEC2_E032_S09657_L0254,71.7188886685223
CEC2_E032_S08725_L0254,62.52712769177015
CEC2_E032_S09576_L0254,14.577892960699366
CEC2_E032_S08544_L0254,61.35070338852404
CEC2_E032_S09445_L0254,76.35268600533861
CEC2_E032_S09114_L0254,75.00010931896797
CEC2_E032_S09088_L0254,27.09908068531846
CEC2_E032_S09128_L0254,13.707175218170129
CEC2_E032_S09053_L0254,88.35826802668612
CEC2_E032_S09277_L0254,62.020481457761036
CEC2_E032_S09309_L0254,79.81517331093447
CEC2_E032_S08851_L0254,88.59698024042224
CEC2_E032_S09226_L0254,87.15259613352995
CEC2_E032_S08914_L0254,80.0122516205307
CEC2_E032_S08842_L0254,60.57825980675357
CEC2_E032_S09435_L0254,12.105731281967657
CEC2_E032_S08565_L0254,39.604003217664065
CEC2_E032_S09945_L0254,17.516377482070776
CEC2_E032_S09102_L0254,48.67233996101466
CEC2_E032_S09220_L0254,63.087042428715705
CEC2_E032_S09029_L0254,13.243253473311949
CEC2_E032_S09513_L0254,82.01308365964773
CEC2_E032_S08551_L0254,16.71684838012674
CEC2_E032_S09610_L0254,15.932503088857962
CEC2_E032_S09163_L0254,37.72177601913485
CEC2_E032_S09318_L0254,26.22657991570806
CEC2_E032_S09630_L0254,79.13372608075653
CEC2_E032_S09972_L0254,81.90225229789952
CEC2_E032_S08838_L0254,13.005117939740563
CEC2_E032_S09117_L0254,13.172171765877852
CEC2_E032_S08581_L0254,84.27538394036202
CEC2_E032_S08964_L0254,62.67930412748893
CEC2_E032_S09885_L0254,88.30791647498795
CEC2_E032_S08533_L0254,83.4806261504633
CEC2_E032_S08978_L0254,64.2040168192925
CEC2_E032_S09820_L0254,14.596244746545695
CEC2_E032_S09458_L0254,85.90701208064091
CEC2_E032_S09967_L0254,12.083892109736572
CEC2_E032_S09268_L0254,16.61567827664639
CEC2_E032_S09422_L0254,15.266161101599826
CEC2_E032_S09758_L0254,66.35467755275556
CEC2_E032_S09160_L0254,76.1749989804665
CEC2_E032_S08897_L0254,60.98951110352314
CEC2_E032_S09172_L0254,87.65216327828878
CEC2_E032_S09046_L0254,15.624008792196348
CEC2_E032_S09774_L0254,44.878965098528475
CEC2_E032_S09795_L0254,22.817902131792344
CEC2_E032_S09592_L0254,17.937382670214134
CEC2_E032_S09388_L0254,84.69800455405391
CEC2_E032_S09439_L0254,88.29864416053505
CEC2_E036_S08744_L0254,49.930979639041176
CEC2_E036_S08561_L0254,68.61125085272191
CEC2_E036_S09648_L0254,23.19015952132864
CEC2_E036_S09932_L0254,61.03471520983267
CEC2_E036_S09778_L0254,24.70581088951295
CEC2_E036_S09326_L0254,72.44852259310996
CEC2_E036_S09620_L0254,59.588688718365354
CEC2_E036_S08764_L0254,63.29351899422849
CEC2_E036_S09327_L0254,63.579922541797664
CEC2_E036_S08584_L0254,82.45747291677488
CEC2_E036_S09853_L0254,72.12446818677356
CEC2_E036_S09646_L0254,80.19014124976638
CEC2_E036_S09678_L0254,64.32790957435702
CEC2_E036_S09712_L0254,54.573871599187655
CEC2_E036_S08850_L0254,80.1686782089493
CEC2_E036_S09816_L0254,49.887089355500436
CEC2_E036_S09989_L0254,63.67451130906448
CEC2_E036_S09535_L0254,14.163943974582299
CEC2_E036_S09285_L0254,45.80069765174674
CEC2_E036_S09743_L0254,86.81288938268825
CEC2_E036_S09339_L0254,70.46441496244942
CEC2_E036_S09570_L0254,63.72705088796869
CEC2_E036_S09091_L0254,83.42657831065213
CEC2_E036_S08610_L0254,74.99424576563126
CEC2_E036_S08746_L0254,48.3802402325445
CEC2_E036_S09761_L0254,72.12594469754801
CEC2_E036_S09248_L0254,61.84129823929565
CEC2_E036_S09720_L0254,28.380643214146346
CEC2_E036_S09759_L0254,81.26896610528742
CEC2_E036_S09870_L0254,64.42709222516554
CEC2_E036_S08567_L0254,18.376279490514406
CEC2_E036_S09856_L0254,64.81936919688698
CEC2_E036_S09205_L0254,53.18140871840892
CEC2_E036_S09361_L0254,46.24671014968669
CEC2_E036_S09877_L0254,18.79169688166066
CEC2_E036_S09933_L0254,71.38497015586694
CEC2_E036_S09449_L0254,78.44394881718206
CEC2_E036_S09501_L0254,26.948233807999255
CEC2_E036_S09650_L0254,67.57072475458875
CEC2_E036_S09836_L0254,66.86551953715157
CEC2_E036_S09557_L0254,19.513510395044683
CEC2_E036_S08923_L0254,14.530241128524464
CEC2_E036_S08730_L0254,83.48517617231556
CEC2_E036_S09567_L0254,63.57615653529297
CEC2_E036_S09041_L0254,26.044153718300233
CEC2_E036_S08731_L0254,73.55505847031812
CEC2_E036_S09352_L0254,41.15796459149486
CEC2_E036_S08726_L0254,28.4006477291759
CEC2_E036_S08785_L0254,77.80414699155372
CEC2_E036_S09275_L0254,85.40361004819397
CEC2_E036_S09944_L0254,40.938631916789284
CEC2_E036_S08787_L0254,63.42824781304394
CEC2_E036_S08636_L0254,89.35783987141242
CEC2_E036_S08514_L0254,80.08033416736039
CEC2_E036_S09478_L0254,82.40033952045789
CEC2_E036_S09069_L0254,84.02272013042379
CEC2_E036_S08835_L0254,53.30961772592765
CEC2_E036_S08631_L0254,57.44549594055939
CEC2_E036_S09089_L0254,57.79915763555073
CEC2_E036_S08997_L0254,62.16183731439633
CEC2_E037_S09161_L0254,85.71893559185598
CEC2_E037_S09705_L0254,85.96055581411638
CEC2_E037_S09354_L0254,66.54118480145584
CEC2_E037_S08892_L0254,86.00762305024934
CEC2_E037_S09432_L0254,63.30304478684357
CEC2_E037_S09866_L0254,50.17799823473604
CEC2_E037_S09377_L0254,83.24697943226005
CEC2_E037_S08792_L0254,80.17066020192972
CEC2_E037_S08570_L0254,78.19161285681048
CEC2_E037_S09951_L0254,71.62627806732185
CEC2_E037_S09342_L0254,66.03329384400308
CEC2_E037_S09834_L0254,75.26173197374023
CEC2_E037_S09667_L0254,13.748451942791814
CEC2_E037_S08528_L0254,89.423056493544
CEC2_E037_S09537_L0254,78.16978532606353
CEC2_E037_S09981_L0254,85.39484680060458
CEC2_E037_S09707_L0254,70.46856636324586
CEC2_E037_S08793_L0254,86.96296874436054
CEC2_E037_S09640_L0254,85.14843321300128
CEC2_E037_S08727_L0254,87.56175400283932
CEC2_E037_S08854_L0254,78.77749487861517
CEC2_E037_S09603_L0254,85.19493912370301
CEC2_E037_S09587_L0254,70.61902851356881
CEC2_E037_S09510_L0254,64.08629562307281
CEC2_E037_S09644_L0254,83.69722477623996
CEC2_E037_S09477_L0254,21.005946598001366
CEC2_E037_S09523_L0254,70.08749677638895
CEC2_E037_S09519_L0254,88.48432562063432
CEC2_E037_S09043_L0254,75.81261685685035
CEC2_E037_S08887_L0254,75.56162381236743
CEC2_E037_S08812_L0254,73.58441988949383
CEC2_E037_S08707_L0254,88.95889573385291
CEC2_E037_S09865_L0254,67.45507109023417
CEC2_E037_S09024_L0254,87.47944789664372
CEC2_E037_S09081_L0254,39.038359962838
CEC2_E037_S09689_L0254,30.805945513574567
CEC2_E037_S09065_L0254,62.97782528265723
CEC2_E037_S09896_L0254,86.96032770892222
CEC2_E037_S08643_L0254,79.6632592143892
CEC2_E037_S08763_L0254,76.06213163761903
CEC2_E037_S08989_L0254,88.7466583047279
CEC2_E037_S08770_L0254,87.49822015079293
CEC2_E037_S09438_L0254,87.2131005883512
CEC2_E037_S08553_L0254,79.13308278427445
CEC2_E037_S09370_L0254,88.88482621888991
CEC2_E037_S08775_L0254,89.0273459573215
CEC2_E037_S09125_L0254,88.20663023086786
CEC2_E037_S09076_L0254,37.9360555791757
CEC2_E037_S09258_L0254,89.23815212594906
CEC2_E037_S09722_L0254,18.720684296271635
CEC2_E037_S09273_L0254,80.1504861238809
CEC2_E037_S09321_L0254,29.489363464032998
CEC2_E037_S09768_L0254,13.864938306529131
CEC2_E037_S09821_L0254,85.30793448020115
CEC2_E037_S09001_L0254,67.58083192892687
CEC2_E037_S08890_L0254,87.63388956076562
CEC2_E037_S08940_L0254,88.60128858418153
CEC2_E037_S09903_L0254,85.04464868403076
CEC2_E037_S08966_L0254,14.596448960483626
CEC2_E037_S09110_L0254,85.57962804023401
CEC2_E038_S08846_L0254,57.91534204447507
CEC2_E038_S09917_L0254,12.876561051909079
CEC2_E038_S09780_L0254,61.68251819209326
CEC2_E038_S09167_L0254,71.46318140122442
CEC2_E038_S09134_L0254,53.670837517176864
CEC2_E038_S09079_L0254,64.20215127498965
CEC2_E038_S08662_L0254,12.008711685735655
CEC2_E038_S09800_L0254,82.87602519172803
CEC2_E038_S09459_L0254,76.44335529883833
CEC2_E038_S09553_L0254,68.63345049147821
CEC2_E038_S08927_L0254,57.39974261977846
CEC2_E038_S08807_L0254,24.867476916919568
CEC2_E038_S09003_L0254,52.39966432726867
CEC2_E038_S09675_L0254,87.40307247736692
CEC2_E038_S09624_L0254,31.554205577297576
CEC2_E038_S09596_L0254,51.37778332671721
CEC2_E038_S09481_L0254,23.21573524138694
CEC2_E038_S08590_L0254,20.534859771712224
CEC2_E038_S08908_L0254,33.227053329641684
CEC2_E038_S08513_L0254,12.964377166053294
CEC2_E038_S09151_L0254,60.62070891129494
CEC2_E038_S09764_L0254,21.883872383355335
CEC2_E038_S08862_L0254,13.309589035393698
CEC2_E038_S09457_L0254,87.706815698203
CEC2_E038_S08668_L0254,13.318111331419365
CEC2_E038_S08623_L0254,65.06774473465813
CEC2_E038_S08994_L0254,60.962065540376464
CEC2_E038_S08606_L0254,65.52156302184517
CEC2_E038_S08650_L0254,13.05435273965149
CEC2_E038_S09593_L0254,66.73082797233786
CEC2_E038_S09150_L0254,54.05073644485132
CEC2_E038_S09058_L0254,69.86089101801974
CEC2_E038_S08809_L0254,16.813178820080505
CEC2_E038_S09204_L0254,17.278558567119273
CEC2_E038_S08917_L0254,68.67945345347997
CEC2_E038_S09652_L0254,54.27516261851833
CEC2_E038_S08810_L0254,79.79023067368064
CEC2_E038_S09322_L0254,14.679998396453918
CEC2_E038_S09599_L0254,88.93392956578157
CEC2_E038_S08893_L0254,61.910655936522716
CEC2_E038_S08745_L0254,85.74260392111826
CEC2_E038_S08750_L0254,88.29711664814722
CEC2_E038_S08701_L0254,52.45625465043585
CEC2_E038_S09158_L0254,54.88304344663243
CEC2_E038_S09985_L0254,32.172310264008544
CEC2_E038_S08845_L0254,17.770170157343784
CEC2_E038_S09844_L0254,12.063382596317874
CEC2_E038_S09363_L0254,45.22296436059752
CEC2_E038_S09488_L0254,59.95019240927876
CEC2_E038_S08572_L0254,11.68252627490765
CEC2_E038_S09726_L0254,78.50074129494134
CEC2_E038_S09811_L0254,42.21813478532137
CEC2_E038_S09460_L0254,11.897093786515237
CEC2_E038_S08956_L0254,66.35881410480063
CEC2_E038_S09606_L0254,72.17824316177547
CEC2_E038_S09677_L0254,67.99922136428474
CEC2_E038_S09982_L0254,26.062560937443028
CEC2_E038_S09760_L0254,18.59392449058015
CEC2_E038_S09270_L0254,32.93279594363456
CEC2_E038_S08958_L0254,65.89006472942454
